-- MySQL dump 10.13  Distrib 9.6.0, for macos26.2 (arm64)
--
-- Host: 127.0.0.1    Database: vnpt_business_db
-- ------------------------------------------------------
-- Server version	9.6.0

/*!40101 SET @OLD_CHARACTER_SET_CLIENT=@@CHARACTER_SET_CLIENT */;
/*!40101 SET @OLD_CHARACTER_SET_RESULTS=@@CHARACTER_SET_RESULTS */;
/*!40101 SET @OLD_COLLATION_CONNECTION=@@COLLATION_CONNECTION */;
/*!50503 SET NAMES utf8mb4 */;
/*!40103 SET @OLD_TIME_ZONE=@@TIME_ZONE */;
/*!40103 SET TIME_ZONE='+00:00' */;
/*!40014 SET @OLD_UNIQUE_CHECKS=@@UNIQUE_CHECKS, UNIQUE_CHECKS=0 */;
/*!40014 SET @OLD_FOREIGN_KEY_CHECKS=@@FOREIGN_KEY_CHECKS, FOREIGN_KEY_CHECKS=0 */;
/*!40101 SET @OLD_SQL_MODE=@@SQL_MODE, SQL_MODE='NO_AUTO_VALUE_ON_ZERO' */;
/*!40111 SET @OLD_SQL_NOTES=@@SQL_NOTES, SQL_NOTES=0 */;

--
-- Table structure for table `async_exports`
--

DROP TABLE IF EXISTS `async_exports`;
/*!40101 SET @saved_cs_client     = @@character_set_client */;
/*!50503 SET character_set_client = utf8mb4 */;
CREATE TABLE `async_exports` (
  `id` bigint unsigned NOT NULL AUTO_INCREMENT,
  `uuid` char(36) NOT NULL,
  `module` varchar(80) NOT NULL,
  `format` varchar(20) NOT NULL DEFAULT 'csv',
  `status` varchar(30) NOT NULL DEFAULT 'QUEUED',
  `filters_json` longtext,
  `file_path` varchar(500) DEFAULT NULL,
  `file_name` varchar(255) DEFAULT NULL,
  `requested_by` bigint unsigned NOT NULL,
  `error_message` text,
  `started_at` timestamp NULL DEFAULT NULL,
  `finished_at` timestamp NULL DEFAULT NULL,
  `expires_at` timestamp NULL DEFAULT NULL,
  `created_at` timestamp NULL DEFAULT NULL,
  `updated_at` timestamp NULL DEFAULT NULL,
  PRIMARY KEY (`id`),
  UNIQUE KEY `async_exports_uuid_unique` (`uuid`),
  KEY `idx_async_exports_requested_status_created` (`requested_by`,`status`,`created_at`),
  KEY `idx_async_exports_status_expires` (`status`,`expires_at`)
) ENGINE=InnoDB DEFAULT CHARSET=utf8mb4 COLLATE=utf8mb4_0900_ai_ci;
/*!40101 SET character_set_client = @saved_cs_client */;

--
-- Dumping data for table `async_exports`
--

LOCK TABLES `async_exports` WRITE;
/*!40000 ALTER TABLE `async_exports` DISABLE KEYS */;
/*!40000 ALTER TABLE `async_exports` ENABLE KEYS */;
UNLOCK TABLES;

--
-- Table structure for table `attachments`
--

DROP TABLE IF EXISTS `attachments`;
/*!40101 SET @saved_cs_client     = @@character_set_client */;
/*!50503 SET character_set_client = utf8mb4 */;
CREATE TABLE `attachments` (
  `id` bigint unsigned NOT NULL AUTO_INCREMENT,
  `reference_type` enum('DOCUMENT','CONTRACT','PROJECT','CUSTOMER','OPPORTUNITY','TRANSITION','WORKLOG','CUSTOMER_REQUEST','PROCEDURE_STEP','FEEDBACK_REQUEST','PAYMENT_SCHEDULE','PRODUCT') COLLATE utf8mb4_unicode_ci NOT NULL COMMENT 'Bảng cha của file đính kèm',
  `reference_id` bigint unsigned NOT NULL,
  `file_name` varchar(255) CHARACTER SET utf8mb4 COLLATE utf8mb4_unicode_ci NOT NULL,
  `file_url` text CHARACTER SET utf8mb4 COLLATE utf8mb4_unicode_ci,
  `drive_file_id` varchar(100) CHARACTER SET utf8mb4 COLLATE utf8mb4_unicode_ci DEFAULT NULL,
  `file_size` bigint unsigned DEFAULT '0',
  `created_at` timestamp NULL DEFAULT CURRENT_TIMESTAMP,
  `created_by` bigint unsigned DEFAULT NULL,
  `updated_at` timestamp NULL DEFAULT NULL ON UPDATE CURRENT_TIMESTAMP,
  `updated_by` bigint unsigned DEFAULT NULL,
  `mime_type` varchar(100) CHARACTER SET utf8mb4 COLLATE utf8mb4_unicode_ci DEFAULT NULL,
  `storage_disk` varchar(50) CHARACTER SET utf8mb4 COLLATE utf8mb4_unicode_ci DEFAULT NULL,
  `storage_path` varchar(1024) CHARACTER SET utf8mb4 COLLATE utf8mb4_unicode_ci DEFAULT NULL,
  `storage_visibility` varchar(20) CHARACTER SET utf8mb4 COLLATE utf8mb4_unicode_ci DEFAULT NULL,
  `is_primary` tinyint(1) NOT NULL DEFAULT '0',
  PRIMARY KEY (`id`),
  KEY `idx_attachments_reference` (`reference_type`,`reference_id`),
  KEY `idx_attach_primary` (`reference_type`,`reference_id`,`is_primary`),
  KEY `idx_attach_storage_lookup` (`storage_disk`,`storage_path`(191))
) ENGINE=InnoDB AUTO_INCREMENT=32 DEFAULT CHARSET=utf8mb4 COLLATE=utf8mb4_unicode_ci COMMENT='Bảng 33: File đính kèm';
/*!40101 SET character_set_client = @saved_cs_client */;

--
-- Dumping data for table `attachments`
--

LOCK TABLES `attachments` WRITE;
/*!40000 ALTER TABLE `attachments` DISABLE KEYS */;
INSERT INTO `attachments` VALUES (2,'DOCUMENT',4,'pricing-doc-test.txt','http://localhost/storage/documents/oqTfdJ8QRpOvjAq2nVDlvGqY7RWjXAfgaatvLyql.txt',NULL,17,'2026-02-25 07:18:02',1,NULL,1,NULL,NULL,NULL,NULL,0),(3,'DOCUMENT',5,'smoke-attachment.txt','http://127.0.0.1:8000/api/v5/documents/attachments/temp-download?disk=local&expires=1772626934&name=smoke-attachment.txt&path=documents%2FbEQrFwd4uhVsz47pixBUAdQCv2iIKjpf1jiyaJI4.txt&signature=13e96e40ca42cdf5380cddd34f4c9e93dc59166efdfe7d084a8fd17794e075f6',NULL,25,'2026-03-04 05:10:23',9,NULL,9,'text/plain','local','documents/bEQrFwd4uhVsz47pixBUAdQCv2iIKjpf1jiyaJI4.txt','private',0),(13,'CUSTOMER_REQUEST',10,'mau_khoa.xlsx','/api/v5/attachments/12/download?expires=1773387038&signature=adf6291ee958b799600eb900bd032679f147a96ce61d51d184ab4dc1a99bff36',NULL,9370,'2026-03-13 00:25:58',9,NULL,9,'application/vnd.openxmlformats-officedocument.spreadsheetml.sheet','backblaze_b2','VNPT/documents/20260309_121548_uRwYv50U_mau-khoa.xlsx','private',0),(16,'CUSTOMER_REQUEST',11,'rules.pdf','/api/v5/attachments/15/download?expires=1773389473&signature=2cb3cef6a95f5ef711910f1830738cb37c131ab4e1031b3952be2f7d7088df08',NULL,9093078,'2026-03-13 00:56:25',9,NULL,9,'application/pdf','backblaze_b2','VNPT/documents/20260309_121503_4gEoCE1N_rules.pdf','private',0),(17,'CUSTOMER_REQUEST',14,'Bao gia Benh vien da khoa khu vuc Nga Bay 1303_FINAL.docx','/api/v5/documents/attachments/temp-download?disk=local&expires=1773484403&name=Bao%20gia%20Benh%20vien%20da%20khoa%20khu%20vuc%20Nga%20Bay%201303_FINAL.docx&path=documents%2FeASPHNYwkhyjT7UJxlRWjvXR2bfNXKWEeDeKRUVq.docx&signature=b449742d2beda2c11ae64be29d44c8455fffe47bd120308c8a456a54794e11cf',NULL,166124,'2026-03-14 03:18:26',9,NULL,9,'application/vnd.openxmlformats-officedocument.wordprocessingml.document','local','documents/eASPHNYwkhyjT7UJxlRWjvXR2bfNXKWEeDeKRUVq.docx','private',0),(18,'CUSTOMER_REQUEST',15,'Bao gia Benh vien da khoa khu vuc Nga Bay 1303_FINAL.docx','/api/v5/documents/attachments/temp-download?disk=local&expires=1773484457&name=Bao%20gia%20Benh%20vien%20da%20khoa%20khu%20vuc%20Nga%20Bay%201303_FINAL.docx&path=documents%2FtSJcDx7pbnX4eIFmE08OgmQoR1VBjAV3wTL3TI62.docx&signature=213bb025cf9fc2f4f88efd556aa3d9ffc6153b654f65e86117cdadc0d35230f7',NULL,166124,'2026-03-14 03:19:30',9,NULL,9,'application/vnd.openxmlformats-officedocument.wordprocessingml.document','local','documents/tSJcDx7pbnX4eIFmE08OgmQoR1VBjAV3wTL3TI62.docx','private',0),(19,'CUSTOMER_REQUEST',18,'Bao gia Benh vien da khoa khu vuc Nga Bay 1303_FINAL.docx','/api/v5/documents/attachments/temp-download?disk=local&expires=1773489647&name=Bao%20gia%20Benh%20vien%20da%20khoa%20khu%20vuc%20Nga%20Bay%201303_FINAL.docx&path=documents%2FFw8RIhVsnWm4LTkN8uyUJa5FUgnQxjjO1X2Yqpcy.docx&signature=45b54f3afac073bf9227571873c07940bd3e91133e903ca6c5bc91167fbd100f',NULL,166124,'2026-03-14 04:45:51',9,NULL,9,'application/vnd.openxmlformats-officedocument.wordprocessingml.document','local','documents/Fw8RIhVsnWm4LTkN8uyUJa5FUgnQxjjO1X2Yqpcy.docx','private',0),(21,'PROCEDURE_STEP',350,'VNPT_BaoGia_ChauThanhA (2).docx','/api/v5/documents/attachments/temp-download?disk=local&expires=1773748961&name=VNPT_BaoGia_ChauThanhA%20%282%29.docx&path=documents%2FEIMB1LUAhaowoRHRaNDo3T4NC31ij3Do98eQnkPi.docx&signature=8acdec4d40b62f3b1795c091a67e64a219a902223e52d5feab63963440545f0b',NULL,182482,'2026-03-17 11:47:41',9,'2026-03-17 11:47:41',9,'application/vnd.openxmlformats-officedocument.wordprocessingml.document','local','documents/EIMB1LUAhaowoRHRaNDo3T4NC31ij3Do98eQnkPi.docx','private',0),(22,'PROCEDURE_STEP',350,'Copy of BaoGia_BV_TAMTHAN_DALIEU_1703.docx','/api/v5/documents/attachments/temp-download?disk=local&expires=1773749016&name=Copy%20of%20BaoGia_BV_TAMTHAN_DALIEU_1703.docx&path=documents%2FDgnkjXEsywqqLWtaZcE5CrwZrXl5rvvcia9Cahad.docx&signature=41e1bf90e1d04167efae70e670b187f75f1f3377f44f9bd42f6a9d16f2c702ad',NULL,112782,'2026-03-17 11:48:37',9,'2026-03-17 11:48:37',9,'application/vnd.openxmlformats-officedocument.wordprocessingml.document','local','documents/DgnkjXEsywqqLWtaZcE5CrwZrXl5rvvcia9Cahad.docx','private',0),(25,'PROCEDURE_STEP',350,'VNPT_BaoGia_ChauThanhA.docx','/api/v5/documents/attachments/temp-download?disk=backblaze_b2&expires=1773750903&name=VNPT_BaoGia_ChauThanhA.docx&path=VNPT%2Fdocuments%2F20260317_122001_IGTkb3G6_vnpt-baogia-chauthanha.docx&signature=867f612b8f66ccd7ec0424c84d2e8d337a9d6cc0266b1bad7995dbaafa93272c',NULL,148584,'2026-03-17 12:20:03',9,'2026-03-17 12:20:03',9,'application/vnd.openxmlformats-officedocument.wordprocessingml.document','backblaze_b2','VNPT/documents/20260317_122001_IGTkb3G6_vnpt-baogia-chauthanha.docx','private',0),(26,'PROCEDURE_STEP',374,'ĐN THUÊ CÁC PHẦN MỀM QLBV 2026.docx','/api/v5/documents/attachments/temp-download?disk=backblaze_b2&expires=1773753489&name=%C4%90N%20THUE%CC%82%20CA%CC%81C%20PHA%CC%82%CC%80N%20ME%CC%82%CC%80M%20QLBV%202026.docx&path=VNPT%2Fdocuments%2F20260317_130307_K1zrxUqy_dn-thue-cac-phan-mem-qlbv-2026.docx&signature=18e4768b3d97d443aca0812b1476d15aa88e61da3bb7b78db5b9bfbe705764d1',NULL,28950,'2026-03-17 13:03:09',9,'2026-03-17 13:03:09',9,'application/vnd.openxmlformats-officedocument.wordprocessingml.document','backblaze_b2','VNPT/documents/20260317_130307_K1zrxUqy_dn-thue-cac-phan-mem-qlbv-2026.docx','private',0),(27,'FEEDBACK_REQUEST',2,'image.png','/api/v5/documents/attachments/temp-download?disk=backblaze_b2&expires=1773821056&name=image.png&path=VNPT%2Fdocuments%2F20260318_074915_I6jSKFH9_image.png&signature=4477f2d50f2e2cb6e23ae3bee15e5e521f002d271f67f474f9a60f7491de6866',NULL,10943,'2026-03-18 00:49:34',9,'2026-03-18 00:49:34',9,'image/png','backblaze_b2','VNPT/documents/20260318_074915_I6jSKFH9_image.png','private',0),(28,'FEEDBACK_REQUEST',2,'Hang muc chao gia EMR-BVLP-1803_v1.docx','/api/v5/documents/attachments/temp-download?disk=backblaze_b2&expires=1773821066&name=Hang%20muc%20chao%20gia%20EMR-BVLP-1803_v1.docx&path=VNPT%2Fdocuments%2F20260318_074924_DSBB3E5K_hang-muc-chao-gia-emr-bvlp-1803-v1.docx&signature=daa8b3cfbe40c0f2fe9282c7c47983e45925ccf8bd300385351384b711400920',NULL,59367,'2026-03-18 00:49:34',9,'2026-03-18 00:49:34',9,'application/vnd.openxmlformats-officedocument.wordprocessingml.document','backblaze_b2','VNPT/documents/20260318_074924_DSBB3E5K_hang-muc-chao-gia-emr-bvlp-1803-v1.docx','private',0),(29,'PROCEDURE_STEP',353,'BaoGia_TTYT_KV_PHP_1603.docx','/api/v5/documents/attachments/temp-download?disk=backblaze_b2&expires=1773887288&name=BaoGia_TTYT_KV_PHP_1603.docx&path=VNPT%2Fdocuments%2F20260319_021305_brpwgitf_baogia-ttyt-kv-php-1603.docx&signature=37354af30e4d15702265cbbd09b56a495aa0071ece755d5dee5987d2e3fb0e8c',NULL,138933,'2026-03-19 02:13:08',9,'2026-03-19 02:13:08',9,'application/vnd.openxmlformats-officedocument.wordprocessingml.document','backblaze_b2','VNPT/documents/20260319_021305_brpwgitf_baogia-ttyt-kv-php-1603.docx','private',0),(30,'PROCEDURE_STEP',345,'2. Kế hoạch Tập huấn Kê khai HĐCN.doc','/api/v5/documents/attachments/temp-download?disk=backblaze_b2&expires=1773887592&name=2.%20Ke%CC%82%CC%81%20hoa%CC%A3ch%20Ta%CC%A3%CC%82p%20hua%CC%82%CC%81n%20Ke%CC%82%20khai%20H%C4%90CN.doc&path=VNPT%2Fdocuments%2F20260319_021809_S5HfUnSe_2-ke-hoach-tap-huan-ke-khai-hdcn.doc&signature=20a5f19115bcb3b46dca4ba98d80e996ad92a5d0fcd3b97f70a493c27967d8f8',NULL,87040,'2026-03-19 02:18:12',9,'2026-03-19 02:18:12',9,'application/msword','backblaze_b2','VNPT/documents/20260319_021809_S5HfUnSe_2-ke-hoach-tap-huan-ke-khai-hdcn.doc','private',0),(31,'PROCEDURE_STEP',345,'BaoGia_TTYT_KV_PHP_1603.docx','/api/v5/documents/attachments/temp-download?disk=local&expires=1773909342&name=BaoGia_TTYT_KV_PHP_1603.docx&path=documents%2FdFvNC5rhH4CpaNosD0gnw15NzsgLq8Kw8qTArnBE.docx&signature=e80df2e38a3ed9b7514fc50f1aec03959685419ae05a12b70d8fb830c3d7efe9',NULL,138933,'2026-03-19 08:20:42',9,'2026-03-19 08:20:42',9,'application/vnd.openxmlformats-officedocument.wordprocessingml.document','local','documents/dFvNC5rhH4CpaNosD0gnw15NzsgLq8Kw8qTArnBE.docx','private',0);
/*!40000 ALTER TABLE `attachments` ENABLE KEYS */;
UNLOCK TABLES;

--
-- Table structure for table `audit_logs`
--

DROP TABLE IF EXISTS `audit_logs`;
/*!40101 SET @saved_cs_client     = @@character_set_client */;
/*!50503 SET character_set_client = utf8mb4 */;
CREATE TABLE `audit_logs` (
  `id` bigint unsigned NOT NULL AUTO_INCREMENT,
  `uuid` char(36) CHARACTER SET utf8mb4 COLLATE utf8mb4_unicode_ci NOT NULL DEFAULT (uuid()),
  `event` enum('INSERT','UPDATE','DELETE','RESTORE') CHARACTER SET utf8mb4 COLLATE utf8mb4_unicode_ci NOT NULL,
  `auditable_type` varchar(255) CHARACTER SET utf8mb4 COLLATE utf8mb4_unicode_ci NOT NULL,
  `auditable_id` bigint unsigned NOT NULL,
  `old_values` json DEFAULT NULL,
  `new_values` json DEFAULT NULL,
  `url` varchar(255) CHARACTER SET utf8mb4 COLLATE utf8mb4_unicode_ci DEFAULT NULL,
  `ip_address` varchar(45) CHARACTER SET utf8mb4 COLLATE utf8mb4_unicode_ci DEFAULT NULL,
  `user_agent` varchar(255) CHARACTER SET utf8mb4 COLLATE utf8mb4_unicode_ci DEFAULT NULL,
  `created_at` datetime NOT NULL DEFAULT CURRENT_TIMESTAMP,
  `created_by` bigint unsigned DEFAULT NULL COMMENT 'Actor ID (Không nối FK để Partition)',
  PRIMARY KEY (`id`,`created_at`),
  KEY `idx_audit_uuid` (`uuid`),
  KEY `idx_audit_created_by` (`created_by`)
) ENGINE=InnoDB AUTO_INCREMENT=180 DEFAULT CHARSET=utf8mb4 COLLATE=utf8mb4_unicode_ci COMMENT='Bảng 35: Lịch sử Audit'
/*!50100 PARTITION BY RANGE (month(`created_at`))
(PARTITION p_jan VALUES LESS THAN (2) ENGINE = InnoDB,
 PARTITION p_feb VALUES LESS THAN (3) ENGINE = InnoDB,
 PARTITION p_mar VALUES LESS THAN (4) ENGINE = InnoDB,
 PARTITION p_apr VALUES LESS THAN (5) ENGINE = InnoDB,
 PARTITION p_may VALUES LESS THAN (6) ENGINE = InnoDB,
 PARTITION p_jun VALUES LESS THAN (7) ENGINE = InnoDB,
 PARTITION p_jul VALUES LESS THAN (8) ENGINE = InnoDB,
 PARTITION p_aug VALUES LESS THAN (9) ENGINE = InnoDB,
 PARTITION p_sep VALUES LESS THAN (10) ENGINE = InnoDB,
 PARTITION p_oct VALUES LESS THAN (11) ENGINE = InnoDB,
 PARTITION p_nov VALUES LESS THAN (12) ENGINE = InnoDB,
 PARTITION p_dec VALUES LESS THAN (13) ENGINE = InnoDB) */;
/*!40101 SET character_set_client = @saved_cs_client */;

--
-- Dumping data for table `audit_logs`
--

LOCK TABLES `audit_logs` WRITE;
/*!40000 ALTER TABLE `audit_logs` DISABLE KEYS */;
INSERT INTO `audit_logs` VALUES (1,'11111111-1111-1111-1111-111111111111','INSERT','internal_users',9001,NULL,'{\"status\": \"ACTIVE\", \"vpn_status\": \"YES\"}','/api/v5/employees','10.10.10.10','Seeder/Test','2026-02-23 14:36:48',4),(2,'22222222-2222-2222-2222-222222222222','UPDATE','internal_users',9002,'{\"vpn_status\": \"NO\"}','{\"vpn_status\": \"YES\"}','/api/v5/employees/9002','10.10.10.21','Seeder/Test','2026-02-23 14:46:48',NULL),(3,'33333333-3333-3333-3333-333333333333','DELETE','projects',3001,'{\"status\": \"PLANNING\"}',NULL,'/api/v5/projects/3001','10.10.10.99','Seeder/Test','2026-02-23 14:56:48',999999),(4,'b8a5323e-1dd1-4b67-9161-b16149e5fe6d','UPDATE','projects',2,'{\"id\": 2, \"status\": \"TRIAL\", \"created_at\": \"2026-02-23 15:16:35\", \"created_by\": null, \"deleted_at\": null, \"start_date\": \"2026-02-01\", \"updated_at\": \"2026-02-25 10:54:58\", \"updated_by\": null, \"customer_id\": 2, \"project_code\": \"DA002\", \"project_name\": \"Dự án SOC - Petrolimex\", \"opportunity_id\": 2, \"investment_mode\": \"THUE_DICH_VU\", \"expected_end_date\": \"2026-10-01\"}','{\"id\": 2, \"status\": \"ONGOING\", \"created_at\": \"2026-02-23 15:16:35\", \"created_by\": null, \"deleted_at\": null, \"start_date\": \"2026-02-01\", \"updated_at\": \"2026-02-26 11:48:05\", \"updated_by\": 1, \"customer_id\": 2, \"project_code\": \"DA002\", \"project_name\": \"Dự án SOC - Petrolimex\", \"opportunity_id\": 2, \"investment_mode\": \"THUE_DICH_VU\", \"expected_end_date\": \"2026-10-01\"}','http://127.0.0.1:8000/api/v5/projects/2','127.0.0.1','curl/8.7.1','2026-02-26 11:48:05',1),(5,'0093ab5c-59cc-425f-b2fe-48995786de66','UPDATE','support_requests',2428613,'{\"id\": 2428613, \"notes\": \"Seed benchmark dataset 1.5M rows\", \"status\": \"CANCELLED\", \"summary\": \"Seed yêu cầu hỗ trợ #1483020\", \"due_date\": \"2026-03-17\", \"priority\": \"URGENT\", \"noti_date\": null, \"task_link\": \"https://jira.vnpt.local/browse/SRQ-0001483020\", \"test_note\": \"Auto seed test note #1483020\", \"change_log\": \"Auto seed log #1483020\", \"created_at\": \"2026-02-26 13:16:17\", \"created_by\": 1, \"deleted_at\": null, \"product_id\": 1, \"project_id\": 1, \"updated_at\": \"2026-02-26 13:16:17\", \"updated_by\": 1, \"assignee_id\": 1, \"customer_id\": 1, \"hotfix_date\": null, \"ticket_code\": \"SRQ-0001483020\", \"reporter_name\": \"Reporter 0020\", \"resolved_date\": null, \"requested_date\": \"2026-02-24\", \"project_item_id\": 1, \"service_group_id\": 1}','{\"id\": 2428613, \"notes\": \"Seed benchmark dataset 1.5M rows\", \"status\": \"RESOLVED\", \"summary\": \"Seed yêu cầu hỗ trợ #1483020\", \"due_date\": \"2026-03-17\", \"priority\": \"URGENT\", \"noti_date\": \"2026-02-26\", \"task_link\": \"https://jira.vnpt.local/browse/SRQ-0001483020\", \"test_note\": \"Auto seed test note #1483020\", \"change_log\": \"Auto seed log #1483020\", \"created_at\": \"2026-02-26 13:16:17\", \"created_by\": 1, \"deleted_at\": null, \"product_id\": 1, \"project_id\": 1, \"updated_at\": \"2026-02-26 14:14:00\", \"updated_by\": null, \"assignee_id\": 1, \"customer_id\": 1, \"hotfix_date\": \"2026-02-26\", \"ticket_code\": \"SRQ-0001483020\", \"product_code\": \"VNPT_HIS\", \"product_name\": \"Giải pháp VNPT HIS\", \"project_code\": \"DA001\", \"project_name\": \"Dự án VNPT HIS - Vietcombank\", \"assignee_code\": \"ADMIN001\", \"assignee_name\": \"System Admin\", \"customer_code\": \"KH001\", \"customer_name\": \"Ngân hàng Vietcombank\", \"reporter_name\": \"Reporter 0020\", \"resolved_date\": \"2026-02-26\", \"requested_date\": \"2026-02-24\", \"project_item_id\": 1, \"service_group_id\": 1, \"assignee_username\": \"admin\", \"service_group_name\": \"HIS L2\"}','http://127.0.0.1:8000/api/v5/support-requests/2428613','127.0.0.1','Mozilla/5.0 (Macintosh; Intel Mac OS X 10_15_7) AppleWebKit/537.36 (KHTML, like Gecko) Chrome/145.0.0.0 Safari/537.36','2026-02-26 14:14:00',1),(6,'ee514216-cbee-4aa9-9a44-70c6ff514592','UPDATE','support_requests',2432033,'{\"id\": 2432033, \"notes\": \"Seed benchmark dataset 1.5M rows\", \"status\": \"CANCELLED\", \"summary\": \"Seed yêu cầu hỗ trợ #1487640\", \"due_date\": \"2026-03-17\", \"priority\": \"URGENT\", \"noti_date\": null, \"task_link\": \"https://jira.vnpt.local/browse/SRQ-0001487640\", \"test_note\": \"Auto seed test note #1487640\", \"change_log\": \"Auto seed log #1487640\", \"created_at\": \"2026-02-26 13:16:17\", \"created_by\": 1, \"deleted_at\": null, \"product_id\": 1, \"project_id\": 1, \"updated_at\": \"2026-02-26 13:16:17\", \"updated_by\": 1, \"assignee_id\": 1, \"customer_id\": 1, \"hotfix_date\": null, \"ticket_code\": \"SRQ-0001487640\", \"reporter_name\": \"Reporter 0140\", \"resolved_date\": null, \"requested_date\": \"2026-02-24\", \"project_item_id\": 1, \"service_group_id\": 1}','{\"id\": 2432033, \"notes\": \"Seed benchmark dataset 1.5M rows\", \"status\": \"HOTFIXING\", \"summary\": \"Seed yêu cầu hỗ trợ #1487640\", \"due_date\": \"2026-03-17\", \"priority\": \"URGENT\", \"noti_date\": \"2026-02-26\", \"task_link\": \"https://jira.vnpt.local/browse/SRQ-0001487640\", \"test_note\": \"Auto seed test note #1487640\", \"change_log\": \"Auto seed log #1487640\", \"created_at\": \"2026-02-26 13:16:17\", \"created_by\": 1, \"deleted_at\": null, \"product_id\": 1, \"project_id\": 1, \"updated_at\": \"2026-02-26 14:14:13\", \"updated_by\": null, \"assignee_id\": 1, \"customer_id\": 1, \"hotfix_date\": \"2026-02-26\", \"ticket_code\": \"SRQ-0001487640\", \"product_code\": \"VNPT_HIS\", \"product_name\": \"Giải pháp VNPT HIS\", \"project_code\": \"DA001\", \"project_name\": \"Dự án VNPT HIS - Vietcombank\", \"assignee_code\": \"ADMIN001\", \"assignee_name\": \"System Admin\", \"customer_code\": \"KH001\", \"customer_name\": \"Ngân hàng Vietcombank\", \"reporter_name\": \"Reporter 0140\", \"resolved_date\": \"2026-02-26\", \"requested_date\": \"2026-02-24\", \"project_item_id\": 1, \"service_group_id\": 1, \"assignee_username\": \"admin\", \"service_group_name\": \"HIS L2\"}','http://127.0.0.1:8000/api/v5/support-requests/2432033','127.0.0.1','Mozilla/5.0 (Macintosh; Intel Mac OS X 10_15_7) AppleWebKit/537.36 (KHTML, like Gecko) Chrome/145.0.0.0 Safari/537.36','2026-02-26 14:14:13',1),(7,'18427524-f2cc-4617-9ee3-e40152627fac','UPDATE','support_requests',2432033,'{\"id\": 2432033, \"notes\": \"Seed benchmark dataset 1.5M rows\", \"status\": \"HOTFIXING\", \"summary\": \"Seed yêu cầu hỗ trợ #1487640\", \"due_date\": \"2026-03-17\", \"priority\": \"URGENT\", \"noti_date\": \"2026-02-26\", \"task_link\": \"https://jira.vnpt.local/browse/SRQ-0001487640\", \"test_note\": \"Auto seed test note #1487640\", \"change_log\": \"Auto seed log #1487640\", \"created_at\": \"2026-02-26 13:16:17\", \"created_by\": 1, \"deleted_at\": null, \"product_id\": 1, \"project_id\": 1, \"updated_at\": \"2026-02-26 14:14:13\", \"updated_by\": null, \"assignee_id\": 1, \"customer_id\": 1, \"hotfix_date\": \"2026-02-26\", \"ticket_code\": \"SRQ-0001487640\", \"reporter_name\": \"Reporter 0140\", \"resolved_date\": \"2026-02-26\", \"requested_date\": \"2026-02-24\", \"project_item_id\": 1, \"service_group_id\": 1}','{\"id\": 2432033, \"notes\": \"Seed benchmark dataset 1.5M rows\", \"status\": \"OPEN\", \"summary\": \"Seed yêu cầu hỗ trợ #1487640\", \"due_date\": \"2026-03-17\", \"priority\": \"URGENT\", \"noti_date\": \"2026-02-26\", \"task_link\": \"https://jira.vnpt.local/browse/SRQ-0001487640\", \"test_note\": \"Auto seed test note #1487640\", \"change_log\": \"Auto seed log #1487640\", \"created_at\": \"2026-02-26 13:16:17\", \"created_by\": 1, \"deleted_at\": null, \"product_id\": 1, \"project_id\": 1, \"updated_at\": \"2026-02-26 14:14:21\", \"updated_by\": null, \"assignee_id\": 1, \"customer_id\": 1, \"hotfix_date\": \"2026-02-26\", \"ticket_code\": \"SRQ-0001487640\", \"product_code\": \"VNPT_HIS\", \"product_name\": \"Giải pháp VNPT HIS\", \"project_code\": \"DA001\", \"project_name\": \"Dự án VNPT HIS - Vietcombank\", \"assignee_code\": \"ADMIN001\", \"assignee_name\": \"System Admin\", \"customer_code\": \"KH001\", \"customer_name\": \"Ngân hàng Vietcombank\", \"reporter_name\": \"Reporter 0140\", \"resolved_date\": \"2026-02-26\", \"requested_date\": \"2026-02-24\", \"project_item_id\": 1, \"service_group_id\": 1, \"assignee_username\": \"admin\", \"service_group_name\": \"HIS L2\"}','http://127.0.0.1:8000/api/v5/support-requests/2432033','127.0.0.1','Mozilla/5.0 (Macintosh; Intel Mac OS X 10_15_7) AppleWebKit/537.36 (KHTML, like Gecko) Chrome/145.0.0.0 Safari/537.36','2026-02-26 14:14:21',1),(8,'862f96e4-cfa4-49ae-b4f8-f01f839b1ca5','UPDATE','support_requests',2430513,'{\"id\": 2430513, \"notes\": \"Seed benchmark dataset 1.5M rows\", \"status\": \"CANCELLED\", \"summary\": \"Seed yêu cầu hỗ trợ #1485120\", \"due_date\": \"2026-03-17\", \"priority\": \"URGENT\", \"noti_date\": null, \"task_link\": \"https://jira.vnpt.local/browse/SRQ-0001485120\", \"test_note\": \"Auto seed test note #1485120\", \"change_log\": \"Auto seed log #1485120\", \"created_at\": \"2026-02-26 13:16:17\", \"created_by\": 1, \"deleted_at\": null, \"product_id\": 1, \"project_id\": 1, \"updated_at\": \"2026-02-26 13:16:17\", \"updated_by\": 1, \"assignee_id\": 1, \"customer_id\": 1, \"hotfix_date\": null, \"ticket_code\": \"SRQ-0001485120\", \"reporter_name\": \"Reporter 0120\", \"resolved_date\": null, \"requested_date\": \"2026-02-24\", \"project_item_id\": 1, \"service_group_id\": 1}','{\"id\": 2430513, \"notes\": \"Seed benchmark dataset 1.5M rows\", \"status\": \"RESOLVED\", \"summary\": \"Seed yêu cầu hỗ trợ #1485120\", \"due_date\": \"2026-03-17\", \"priority\": \"URGENT\", \"noti_date\": \"2026-02-26\", \"task_link\": \"https://jira.vnpt.local/browse/SRQ-0001485120\", \"test_note\": \"Auto seed test note #1485120\", \"change_log\": \"Auto seed log #1485120\", \"created_at\": \"2026-02-26 13:16:17\", \"created_by\": 1, \"deleted_at\": null, \"product_id\": 1, \"project_id\": 1, \"updated_at\": \"2026-02-26 14:14:27\", \"updated_by\": null, \"assignee_id\": 1, \"customer_id\": 1, \"hotfix_date\": \"2026-02-26\", \"ticket_code\": \"SRQ-0001485120\", \"product_code\": \"VNPT_HIS\", \"product_name\": \"Giải pháp VNPT HIS\", \"project_code\": \"DA001\", \"project_name\": \"Dự án VNPT HIS - Vietcombank\", \"assignee_code\": \"ADMIN001\", \"assignee_name\": \"System Admin\", \"customer_code\": \"KH001\", \"customer_name\": \"Ngân hàng Vietcombank\", \"reporter_name\": \"Reporter 0120\", \"resolved_date\": \"2026-02-26\", \"requested_date\": \"2026-02-24\", \"project_item_id\": 1, \"service_group_id\": 1, \"assignee_username\": \"admin\", \"service_group_name\": \"HIS L2\"}','http://127.0.0.1:8000/api/v5/support-requests/2430513','127.0.0.1','Mozilla/5.0 (Macintosh; Intel Mac OS X 10_15_7) AppleWebKit/537.36 (KHTML, like Gecko) Chrome/145.0.0.0 Safari/537.36','2026-02-26 14:14:27',1),(9,'0f290abf-e6c3-43fb-b326-da99691eab6d','UPDATE','support_requests',2429473,'{\"id\": 2429473, \"notes\": \"Seed benchmark dataset 1.5M rows\", \"status\": \"CANCELLED\", \"summary\": \"Seed yêu cầu hỗ trợ #1484280\", \"due_date\": \"2026-03-17\", \"priority\": \"URGENT\", \"noti_date\": null, \"task_link\": \"https://jira.vnpt.local/browse/SRQ-0001484280\", \"test_note\": \"Auto seed test note #1484280\", \"change_log\": \"Auto seed log #1484280\", \"created_at\": \"2026-02-26 13:16:17\", \"created_by\": 1, \"deleted_at\": null, \"product_id\": 1, \"project_id\": 1, \"updated_at\": \"2026-02-26 13:16:17\", \"updated_by\": 1, \"assignee_id\": 1, \"customer_id\": 1, \"hotfix_date\": null, \"ticket_code\": \"SRQ-0001484280\", \"reporter_name\": \"Reporter 0280\", \"resolved_date\": null, \"requested_date\": \"2026-02-24\", \"project_item_id\": 1, \"service_group_id\": 1}','{\"id\": 2429473, \"notes\": \"Seed benchmark dataset 1.5M rows\", \"status\": \"PENDING\", \"summary\": \"Seed yêu cầu hỗ trợ #1484280\", \"due_date\": \"2026-03-17\", \"priority\": \"URGENT\", \"noti_date\": \"2026-02-26\", \"task_link\": \"https://jira.vnpt.local/browse/SRQ-0001484280\", \"test_note\": \"Auto seed test note #1484280\", \"change_log\": \"Auto seed log #1484280\", \"created_at\": \"2026-02-26 13:16:17\", \"created_by\": 1, \"deleted_at\": null, \"product_id\": 1, \"project_id\": 1, \"updated_at\": \"2026-02-26 14:14:40\", \"updated_by\": null, \"assignee_id\": 1, \"customer_id\": 1, \"hotfix_date\": \"2026-02-26\", \"ticket_code\": \"SRQ-0001484280\", \"product_code\": \"VNPT_HIS\", \"product_name\": \"Giải pháp VNPT HIS\", \"project_code\": \"DA001\", \"project_name\": \"Dự án VNPT HIS - Vietcombank\", \"assignee_code\": \"ADMIN001\", \"assignee_name\": \"System Admin\", \"customer_code\": \"KH001\", \"customer_name\": \"Ngân hàng Vietcombank\", \"reporter_name\": \"Reporter 0280\", \"resolved_date\": \"2026-02-26\", \"requested_date\": \"2026-02-24\", \"project_item_id\": 1, \"service_group_id\": 1, \"assignee_username\": \"admin\", \"service_group_name\": \"HIS L2\"}','http://127.0.0.1:8000/api/v5/support-requests/2429473','127.0.0.1','Mozilla/5.0 (Macintosh; Intel Mac OS X 10_15_7) AppleWebKit/537.36 (KHTML, like Gecko) Chrome/145.0.0.0 Safari/537.36','2026-02-26 14:14:40',1),(10,'c3935080-1526-46bf-83a5-f769921fd42e','UPDATE','support_requests',2431373,'{\"id\": 2431373, \"notes\": \"Seed benchmark dataset 1.5M rows\", \"status\": \"CANCELLED\", \"summary\": \"Seed yêu cầu hỗ trợ #1486380\", \"due_date\": \"2026-03-17\", \"priority\": \"URGENT\", \"noti_date\": null, \"task_link\": \"https://jira.vnpt.local/browse/SRQ-0001486380\", \"test_note\": \"Auto seed test note #1486380\", \"change_log\": \"Auto seed log #1486380\", \"created_at\": \"2026-02-26 13:16:17\", \"created_by\": 1, \"deleted_at\": null, \"product_id\": 1, \"project_id\": 1, \"updated_at\": \"2026-02-26 13:16:17\", \"updated_by\": 1, \"assignee_id\": 1, \"customer_id\": 1, \"hotfix_date\": null, \"ticket_code\": \"SRQ-0001486380\", \"reporter_name\": \"Reporter 0380\", \"resolved_date\": null, \"requested_date\": \"2026-02-24\", \"project_item_id\": 1, \"service_group_id\": 1}','{\"id\": 2431373, \"notes\": \"Seed benchmark dataset 1.5M rows\", \"status\": \"CANCELLED\", \"summary\": \"Seed yêu cầu hỗ trợ #1486380\", \"due_date\": \"2026-03-17\", \"priority\": \"URGENT\", \"noti_date\": \"2026-02-26\", \"task_link\": \"https://jira.vnpt.local/browse/SRQ-0001486380\", \"test_note\": \"Auto seed test note #1486380\", \"change_log\": \"Auto seed log #1486380\", \"created_at\": \"2026-02-26 13:16:17\", \"created_by\": 1, \"deleted_at\": null, \"product_id\": 1, \"project_id\": 1, \"updated_at\": \"2026-02-26 14:15:04\", \"updated_by\": null, \"assignee_id\": 1, \"customer_id\": 1, \"hotfix_date\": \"2026-02-01\", \"ticket_code\": \"SRQ-0001486380\", \"product_code\": \"VNPT_HIS\", \"product_name\": \"Giải pháp VNPT HIS\", \"project_code\": \"DA001\", \"project_name\": \"Dự án VNPT HIS - Vietcombank\", \"assignee_code\": \"ADMIN001\", \"assignee_name\": \"System Admin\", \"customer_code\": \"KH001\", \"customer_name\": \"Ngân hàng Vietcombank\", \"reporter_name\": \"Reporter 0380\", \"resolved_date\": \"2026-02-26\", \"requested_date\": \"2026-02-24\", \"project_item_id\": 1, \"service_group_id\": 1, \"assignee_username\": \"admin\", \"service_group_name\": \"HIS L2\"}','http://127.0.0.1:8000/api/v5/support-requests/2431373','127.0.0.1','Mozilla/5.0 (Macintosh; Intel Mac OS X 10_15_7) AppleWebKit/537.36 (KHTML, like Gecko) Chrome/145.0.0.0 Safari/537.36','2026-02-26 14:15:04',1),(11,'1b55fe5a-73b7-4749-be98-1277d72443a1','UPDATE','support_requests',2432033,'{\"id\": 2432033, \"notes\": \"Seed benchmark dataset 1.5M rows\", \"status\": \"OPEN\", \"summary\": \"Seed yêu cầu hỗ trợ #1487640\", \"due_date\": \"2026-03-17\", \"priority\": \"URGENT\", \"noti_date\": \"2026-02-26\", \"task_link\": \"https://jira.vnpt.local/browse/SRQ-0001487640\", \"test_note\": \"Auto seed test note #1487640\", \"change_log\": \"Auto seed log #1487640\", \"created_at\": \"2026-02-26 13:16:17\", \"created_by\": 1, \"deleted_at\": null, \"product_id\": 1, \"project_id\": 1, \"updated_at\": \"2026-02-26 14:14:21\", \"updated_by\": null, \"assignee_id\": 1, \"customer_id\": 1, \"hotfix_date\": \"2026-02-26\", \"ticket_code\": \"SRQ-0001487640\", \"reporter_name\": \"Reporter 0140\", \"resolved_date\": \"2026-02-26\", \"requested_date\": \"2026-02-24\", \"project_item_id\": 1, \"service_group_id\": 1}','{\"id\": 2432033, \"notes\": \"Seed benchmark dataset 1.5M rows\", \"status\": \"OPEN\", \"summary\": \"Seed yêu cầu hỗ trợ #1487640\", \"due_date\": \"2026-03-17\", \"priority\": \"URGENT\", \"noti_date\": \"2026-02-26\", \"task_link\": \"https://jira.vnpt.local/browse/SRQ-0001487640\", \"test_note\": \"Auto seed test note #1487640\", \"change_log\": \"Auto seed log #1487640\", \"created_at\": \"2026-02-26 13:16:17\", \"created_by\": 1, \"deleted_at\": null, \"product_id\": 1, \"project_id\": 1, \"updated_at\": \"2026-02-26 14:15:24\", \"updated_by\": null, \"assignee_id\": 1, \"customer_id\": 1, \"hotfix_date\": \"2026-04-26\", \"ticket_code\": \"SRQ-0001487640\", \"product_code\": \"VNPT_HIS\", \"product_name\": \"Giải pháp VNPT HIS\", \"project_code\": \"DA001\", \"project_name\": \"Dự án VNPT HIS - Vietcombank\", \"assignee_code\": \"ADMIN001\", \"assignee_name\": \"System Admin\", \"customer_code\": \"KH001\", \"customer_name\": \"Ngân hàng Vietcombank\", \"reporter_name\": \"Reporter 0140\", \"resolved_date\": \"2026-04-26\", \"requested_date\": \"2026-02-24\", \"project_item_id\": 1, \"service_group_id\": 1, \"assignee_username\": \"admin\", \"service_group_name\": \"HIS L2\"}','http://127.0.0.1:8000/api/v5/support-requests/2432033','127.0.0.1','Mozilla/5.0 (Macintosh; Intel Mac OS X 10_15_7) AppleWebKit/537.36 (KHTML, like Gecko) Chrome/145.0.0.0 Safari/537.36','2026-02-26 14:15:24',1),(12,'c9449b8b-57ac-4476-a451-ce523765f796','UPDATE','support_requests',2450776,'{\"id\": 2450776, \"notes\": \"Seed benchmark dataset 1.5M rows\", \"status\": \"CANCELLED\", \"summary\": \"Seed yêu cầu hỗ trợ #1499400\", \"due_date\": \"2026-03-17\", \"priority\": \"URGENT\", \"noti_date\": null, \"task_link\": \"https://jira.vnpt.local/browse/SRQ-0001499400\", \"test_note\": \"Auto seed test note #1499400\", \"change_log\": \"Auto seed log #1499400\", \"created_at\": \"2026-02-26 13:16:17\", \"created_by\": 1, \"deleted_at\": null, \"product_id\": 1, \"project_id\": 1, \"updated_at\": \"2026-02-26 13:16:17\", \"updated_by\": 1, \"assignee_id\": 1, \"customer_id\": 1, \"hotfix_date\": null, \"ticket_code\": \"SRQ-0001499400\", \"reporter_name\": \"Reporter 0400\", \"resolved_date\": null, \"requested_date\": \"2026-02-24\", \"project_item_id\": 1, \"service_group_id\": 1}','{\"id\": 2450776, \"notes\": \"Seed benchmark dataset 1.5M rows\", \"status\": \"CANCELLED\", \"summary\": \"Seed yêu cầu hỗ trợ #1499400\", \"due_date\": \"2026-03-17\", \"priority\": \"URGENT\", \"noti_date\": \"2026-02-26\", \"task_link\": \"https://jira.vnpt.local/browse/SRQ-0001499400\", \"test_note\": \"Auto seed test note #1499400\", \"change_log\": \"Auto seed log #1499400\", \"created_at\": \"2026-02-26 13:16:17\", \"created_by\": 1, \"deleted_at\": null, \"product_id\": 1, \"project_id\": 1, \"updated_at\": \"2026-02-26 14:15:39\", \"updated_by\": null, \"assignee_id\": 1, \"customer_id\": 1, \"hotfix_date\": \"2026-02-26\", \"ticket_code\": \"SRQ-0001499400\", \"product_code\": \"VNPT_HIS\", \"product_name\": \"Giải pháp VNPT HIS\", \"project_code\": \"DA001\", \"project_name\": \"Dự án VNPT HIS - Vietcombank\", \"assignee_code\": \"ADMIN001\", \"assignee_name\": \"System Admin\", \"customer_code\": \"KH001\", \"customer_name\": \"Ngân hàng Vietcombank\", \"reporter_name\": \"Reporter 0400\", \"resolved_date\": \"2026-02-26\", \"requested_date\": \"2026-02-24\", \"project_item_id\": 1, \"service_group_id\": 1, \"assignee_username\": \"admin\", \"service_group_name\": \"HIS L2\"}','http://127.0.0.1:8000/api/v5/support-requests/2450776','127.0.0.1','Mozilla/5.0 (Macintosh; Intel Mac OS X 10_15_7) AppleWebKit/537.36 (KHTML, like Gecko) Chrome/145.0.0.0 Safari/537.36','2026-02-26 14:15:39',1),(13,'fee2c09d-4c15-412e-881e-f351b834d578','UPDATE','support_requests',2450776,'{\"id\": 2450776, \"notes\": \"Seed benchmark dataset 1.5M rows\", \"status\": \"CANCELLED\", \"summary\": \"Seed yêu cầu hỗ trợ #1499400\", \"due_date\": \"2026-03-17\", \"priority\": \"URGENT\", \"noti_date\": \"2026-02-26\", \"task_link\": \"https://jira.vnpt.local/browse/SRQ-0001499400\", \"test_note\": \"Auto seed test note #1499400\", \"change_log\": \"Auto seed log #1499400\", \"created_at\": \"2026-02-26 13:16:17\", \"created_by\": 1, \"deleted_at\": null, \"product_id\": 1, \"project_id\": 1, \"updated_at\": \"2026-02-26 14:15:39\", \"updated_by\": null, \"assignee_id\": 1, \"customer_id\": 1, \"hotfix_date\": \"2026-02-26\", \"ticket_code\": \"SRQ-0001499400\", \"reporter_name\": \"Reporter 0400\", \"resolved_date\": \"2026-02-26\", \"requested_date\": \"2026-02-24\", \"project_item_id\": 1, \"service_group_id\": 1}','{\"id\": 2450776, \"notes\": \"Seed benchmark dataset 1.5M rows\", \"status\": \"DEPLOYED\", \"summary\": \"Seed yêu cầu hỗ trợ #1499400\", \"due_date\": \"2026-03-17\", \"priority\": \"URGENT\", \"noti_date\": \"2026-02-26\", \"task_link\": \"https://jira.vnpt.local/browse/SRQ-0001499400\", \"test_note\": \"Auto seed test note #1499400\", \"change_log\": \"Auto seed log #1499400\", \"created_at\": \"2026-02-26 13:16:17\", \"created_by\": 1, \"deleted_at\": null, \"product_id\": 1, \"project_id\": 1, \"updated_at\": \"2026-02-26 14:15:49\", \"updated_by\": null, \"assignee_id\": 1, \"customer_id\": 1, \"hotfix_date\": \"2026-02-26\", \"ticket_code\": \"SRQ-0001499400\", \"product_code\": \"VNPT_HIS\", \"product_name\": \"Giải pháp VNPT HIS\", \"project_code\": \"DA001\", \"project_name\": \"Dự án VNPT HIS - Vietcombank\", \"assignee_code\": \"ADMIN001\", \"assignee_name\": \"System Admin\", \"customer_code\": \"KH001\", \"customer_name\": \"Ngân hàng Vietcombank\", \"reporter_name\": \"Reporter 0400\", \"resolved_date\": \"2026-02-26\", \"requested_date\": \"2026-02-24\", \"project_item_id\": 1, \"service_group_id\": 1, \"assignee_username\": \"admin\", \"service_group_name\": \"HIS L2\"}','http://127.0.0.1:8000/api/v5/support-requests/2450776','127.0.0.1','Mozilla/5.0 (Macintosh; Intel Mac OS X 10_15_7) AppleWebKit/537.36 (KHTML, like Gecko) Chrome/145.0.0.0 Safari/537.36','2026-02-26 14:15:49',1),(14,'b246c3c5-d402-4009-a3e3-8ff796cd2dea','UPDATE','support_requests',2450776,'{\"id\": 2450776, \"notes\": \"Seed benchmark dataset 1.5M rows\", \"status\": \"DEPLOYED\", \"summary\": \"Seed yêu cầu hỗ trợ #1499400\", \"due_date\": \"2026-03-17\", \"priority\": \"URGENT\", \"noti_date\": \"2026-02-26\", \"task_link\": \"https://jira.vnpt.local/browse/SRQ-0001499400\", \"test_note\": \"Auto seed test note #1499400\", \"change_log\": \"Auto seed log #1499400\", \"created_at\": \"2026-02-26 13:16:17\", \"created_by\": 1, \"deleted_at\": null, \"product_id\": 1, \"project_id\": 1, \"updated_at\": \"2026-02-26 14:15:49\", \"updated_by\": null, \"assignee_id\": 1, \"customer_id\": 1, \"hotfix_date\": \"2026-02-26\", \"ticket_code\": \"SRQ-0001499400\", \"reporter_name\": \"Reporter 0400\", \"resolved_date\": \"2026-02-26\", \"requested_date\": \"2026-02-24\", \"project_item_id\": 1, \"service_group_id\": 1}','{\"id\": 2450776, \"notes\": \"Seed benchmark dataset 1.5M rows\", \"status\": \"HOTFIXING\", \"summary\": \"Seed yêu cầu hỗ trợ #1499400\", \"due_date\": \"2026-03-17\", \"priority\": \"URGENT\", \"noti_date\": \"2026-02-26\", \"task_link\": \"https://jira.vnpt.local/browse/SRQ-0001499400\", \"test_note\": \"Auto seed test note #1499400\", \"change_log\": \"Auto seed log #1499400\", \"created_at\": \"2026-02-26 13:16:17\", \"created_by\": 1, \"deleted_at\": null, \"product_id\": 1, \"project_id\": 1, \"updated_at\": \"2026-02-26 14:16:08\", \"updated_by\": null, \"assignee_id\": 1, \"customer_id\": 1, \"hotfix_date\": \"2026-02-26\", \"ticket_code\": \"SRQ-0001499400\", \"product_code\": \"VNPT_HIS\", \"product_name\": \"Giải pháp VNPT HIS\", \"project_code\": \"DA001\", \"project_name\": \"Dự án VNPT HIS - Vietcombank\", \"assignee_code\": \"ADMIN001\", \"assignee_name\": \"System Admin\", \"customer_code\": \"KH001\", \"customer_name\": \"Ngân hàng Vietcombank\", \"reporter_name\": \"Reporter 0400\", \"resolved_date\": \"2026-02-26\", \"requested_date\": \"2026-02-24\", \"project_item_id\": 1, \"service_group_id\": 1, \"assignee_username\": \"admin\", \"service_group_name\": \"HIS L2\"}','http://127.0.0.1:8000/api/v5/support-requests/2450776','127.0.0.1','Mozilla/5.0 (Macintosh; Intel Mac OS X 10_15_7) AppleWebKit/537.36 (KHTML, like Gecko) Chrome/145.0.0.0 Safari/537.36','2026-02-26 14:16:08',1),(15,'b23116a2-32b7-4d6b-806f-52e250e0c300','UPDATE','support_requests',2448876,'{\"id\": 2448876, \"notes\": \"Seed benchmark dataset 1.5M rows\", \"status\": \"CANCELLED\", \"summary\": \"Seed yêu cầu hỗ trợ #1497300\", \"due_date\": \"2026-03-17\", \"priority\": \"URGENT\", \"noti_date\": null, \"task_link\": \"https://jira.vnpt.local/browse/SRQ-0001497300\", \"test_note\": \"Auto seed test note #1497300\", \"change_log\": \"Auto seed log #1497300\", \"created_at\": \"2026-02-26 13:16:17\", \"created_by\": 1, \"deleted_at\": null, \"product_id\": 1, \"project_id\": 1, \"updated_at\": \"2026-02-26 13:16:17\", \"updated_by\": 1, \"assignee_id\": 1, \"customer_id\": 1, \"hotfix_date\": null, \"ticket_code\": \"SRQ-0001497300\", \"reporter_name\": \"Reporter 0300\", \"resolved_date\": null, \"requested_date\": \"2026-02-24\", \"project_item_id\": 1, \"service_group_id\": 1}','{\"id\": 2448876, \"notes\": \"Seed benchmark dataset 1.5M rows\", \"status\": \"DEPLOYED\", \"summary\": \"Seed yêu cầu hỗ trợ #1497300\", \"due_date\": \"2026-03-17\", \"priority\": \"URGENT\", \"noti_date\": \"2026-02-26\", \"task_link\": \"https://jira.vnpt.local/browse/SRQ-0001497300\", \"test_note\": \"Auto seed test note #1497300\", \"change_log\": \"Auto seed log #1497300\", \"created_at\": \"2026-02-26 13:16:17\", \"created_by\": 1, \"deleted_at\": null, \"product_id\": 1, \"project_id\": 1, \"updated_at\": \"2026-02-26 14:18:09\", \"updated_by\": null, \"assignee_id\": 1, \"customer_id\": 1, \"hotfix_date\": \"2026-02-26\", \"ticket_code\": \"SRQ-0001497300\", \"product_code\": \"VNPT_HIS\", \"product_name\": \"Giải pháp VNPT HIS\", \"project_code\": \"DA001\", \"project_name\": \"Dự án VNPT HIS - Vietcombank\", \"assignee_code\": \"ADMIN001\", \"assignee_name\": \"System Admin\", \"customer_code\": \"KH001\", \"customer_name\": \"Ngân hàng Vietcombank\", \"reporter_name\": \"Reporter 0300\", \"resolved_date\": \"2026-02-26\", \"requested_date\": \"2026-02-24\", \"project_item_id\": 1, \"service_group_id\": 1, \"assignee_username\": \"admin\", \"service_group_name\": \"HIS L2\"}','http://127.0.0.1:8000/api/v5/support-requests/2448876','127.0.0.1','Mozilla/5.0 (Macintosh; Intel Mac OS X 10_15_7) AppleWebKit/537.36 (KHTML, like Gecko) Chrome/145.0.0.0 Safari/537.36','2026-02-26 14:18:09',1),(16,'462805bb-2dd2-45c4-a476-bdacc936021e','UPDATE','support_requests',2450776,'{\"id\": 2450776, \"notes\": \"Seed benchmark dataset 1.5M rows\", \"status\": \"HOTFIXING\", \"summary\": \"Seed yêu cầu hỗ trợ #1499400\", \"due_date\": \"2026-03-17\", \"priority\": \"URGENT\", \"noti_date\": \"2026-02-26\", \"task_link\": \"https://jira.vnpt.local/browse/SRQ-0001499400\", \"test_note\": \"Auto seed test note #1499400\", \"change_log\": \"Auto seed log #1499400\", \"created_at\": \"2026-02-26 13:16:17\", \"created_by\": 1, \"deleted_at\": null, \"product_id\": 1, \"project_id\": 1, \"updated_at\": \"2026-02-26 14:16:08\", \"updated_by\": null, \"assignee_id\": 1, \"customer_id\": 1, \"hotfix_date\": \"2026-02-26\", \"ticket_code\": \"SRQ-0001499400\", \"reporter_name\": \"Reporter 0400\", \"resolved_date\": \"2026-02-26\", \"requested_date\": \"2026-02-24\", \"project_item_id\": 1, \"service_group_id\": 1}','{\"id\": 2450776, \"notes\": \"Seed benchmark dataset 1.5M rows\", \"status\": \"RESOLVED\", \"summary\": \"Seed yêu cầu hỗ trợ #1499400\", \"due_date\": \"2026-03-17\", \"priority\": \"URGENT\", \"noti_date\": \"2026-02-26\", \"task_link\": \"https://jira.vnpt.local/browse/SRQ-0001499400\", \"test_note\": \"Auto seed test note #1499400\", \"change_log\": \"Auto seed log #1499400\", \"created_at\": \"2026-02-26 13:16:17\", \"created_by\": 1, \"deleted_at\": null, \"product_id\": 1, \"project_id\": 1, \"updated_at\": \"2026-02-26 14:19:27\", \"updated_by\": null, \"assignee_id\": 1, \"customer_id\": 1, \"hotfix_date\": \"2026-02-26\", \"ticket_code\": \"SRQ-0001499400\", \"product_code\": \"VNPT_HIS\", \"product_name\": \"Giải pháp VNPT HIS\", \"project_code\": \"DA001\", \"project_name\": \"Dự án VNPT HIS - Vietcombank\", \"assignee_code\": \"ADMIN001\", \"assignee_name\": \"System Admin\", \"customer_code\": \"KH001\", \"customer_name\": \"Ngân hàng Vietcombank\", \"reporter_name\": \"Reporter 0400\", \"resolved_date\": \"2026-02-26\", \"requested_date\": \"2026-02-24\", \"project_item_id\": 1, \"service_group_id\": 1, \"assignee_username\": \"admin\", \"service_group_name\": \"HIS L2\"}','http://127.0.0.1:8000/api/v5/support-requests/2450776','127.0.0.1','Mozilla/5.0 (Macintosh; Intel Mac OS X 10_15_7) AppleWebKit/537.36 (KHTML, like Gecko) Chrome/145.0.0.0 Safari/537.36','2026-02-26 14:19:27',1),(17,'9d684961-fc51-4f0c-9f70-540e4726e328','UPDATE','support_requests',2315712,'{\"id\": 2315712, \"notes\": \"Seed benchmark dataset 1.5M rows\", \"status\": \"CANCELLED\", \"summary\": \"Seed yêu cầu hỗ trợ #1415400\", \"due_date\": \"2026-03-17\", \"priority\": \"URGENT\", \"noti_date\": null, \"task_link\": \"https://jira.vnpt.local/browse/SRQ-0001415400\", \"test_note\": \"Auto seed test note #1415400\", \"change_log\": \"Auto seed log #1415400\", \"created_at\": \"2026-02-26 13:16:14\", \"created_by\": 1, \"deleted_at\": null, \"product_id\": 1, \"project_id\": 1, \"updated_at\": \"2026-02-26 13:16:14\", \"updated_by\": 1, \"assignee_id\": 1, \"customer_id\": 1, \"hotfix_date\": null, \"ticket_code\": \"SRQ-0001415400\", \"reporter_name\": \"Reporter 0400\", \"resolved_date\": null, \"requested_date\": \"2026-02-24\", \"project_item_id\": 1, \"service_group_id\": 1}','{\"id\": 2315712, \"notes\": \"Seed benchmark dataset 1.5M rows\", \"status\": \"OPEN\", \"summary\": \"Seed yêu cầu hỗ trợ #1415400\", \"due_date\": \"2026-03-17\", \"priority\": \"URGENT\", \"noti_date\": \"2026-02-26\", \"task_link\": \"https://jira.vnpt.local/browse/SRQ-0001415400\", \"test_note\": \"Auto seed test note #1415400\", \"change_log\": \"Auto seed log #1415400\", \"created_at\": \"2026-02-26 13:16:14\", \"created_by\": 1, \"deleted_at\": null, \"product_id\": 1, \"project_id\": 1, \"updated_at\": \"2026-02-26 14:23:06\", \"updated_by\": null, \"assignee_id\": 1, \"customer_id\": 1, \"hotfix_date\": \"2026-02-26\", \"ticket_code\": \"SRQ-0001415400\", \"product_code\": \"VNPT_HIS\", \"product_name\": \"Giải pháp VNPT HIS\", \"project_code\": \"DA001\", \"project_name\": \"Dự án VNPT HIS - Vietcombank\", \"assignee_code\": \"ADMIN001\", \"assignee_name\": \"System Admin\", \"customer_code\": \"KH001\", \"customer_name\": \"Ngân hàng Vietcombank\", \"reporter_name\": \"Reporter 0400\", \"resolved_date\": \"2026-02-26\", \"requested_date\": \"2026-02-24\", \"project_item_id\": 1, \"service_group_id\": 1, \"assignee_username\": \"admin\", \"service_group_name\": \"HIS L2\"}','http://127.0.0.1:8000/api/v5/support-requests/2315712','127.0.0.1','Mozilla/5.0 (Macintosh; Intel Mac OS X 10_15_7) AppleWebKit/537.36 (KHTML, like Gecko) Chrome/145.0.0.0 Safari/537.36','2026-02-26 14:23:06',1),(18,'0a3e095a-247a-4c41-9800-65b796e1765f','UPDATE','support_requests',2449536,'{\"id\": 2449536, \"notes\": \"Seed benchmark dataset 1.5M rows\", \"status\": \"CANCELLED\", \"summary\": \"Seed yêu cầu hỗ trợ #1498560\", \"due_date\": \"2026-03-17\", \"priority\": \"URGENT\", \"noti_date\": null, \"task_link\": \"https://jira.vnpt.local/browse/SRQ-0001498560\", \"test_note\": \"Auto seed test note #1498560\", \"change_log\": \"Auto seed log #1498560\", \"created_at\": \"2026-02-26 13:16:17\", \"created_by\": 1, \"deleted_at\": null, \"product_id\": 1, \"project_id\": 1, \"updated_at\": \"2026-02-26 13:16:17\", \"updated_by\": 1, \"assignee_id\": 1, \"customer_id\": 1, \"hotfix_date\": null, \"ticket_code\": \"SRQ-0001498560\", \"reporter_name\": \"Reporter 0060\", \"resolved_date\": null, \"requested_date\": \"2026-02-24\", \"project_item_id\": 1, \"service_group_id\": 1}','{\"id\": 2449536, \"notes\": \"Seed benchmark dataset 1.5M rows\", \"status\": \"OPEN\", \"summary\": \"Seed yêu cầu hỗ trợ #1498560\", \"due_date\": \"2026-03-17\", \"priority\": \"URGENT\", \"noti_date\": \"2026-02-26\", \"task_link\": \"https://jira.vnpt.local/browse/SRQ-0001498560\", \"test_note\": \"Auto seed test note #1498560\", \"change_log\": \"Auto seed log #1498560\", \"created_at\": \"2026-02-26 13:16:17\", \"created_by\": 1, \"deleted_at\": null, \"product_id\": 1, \"project_id\": 1, \"updated_at\": \"2026-02-26 14:24:32\", \"updated_by\": null, \"assignee_id\": 1, \"customer_id\": 1, \"hotfix_date\": \"2026-02-26\", \"ticket_code\": \"SRQ-0001498560\", \"product_code\": \"VNPT_HIS\", \"product_name\": \"Giải pháp VNPT HIS\", \"project_code\": \"DA001\", \"project_name\": \"Dự án VNPT HIS - Vietcombank\", \"assignee_code\": \"ADMIN001\", \"assignee_name\": \"System Admin\", \"customer_code\": \"KH001\", \"customer_name\": \"Ngân hàng Vietcombank\", \"reporter_name\": \"Reporter 0060\", \"resolved_date\": \"2026-02-26\", \"requested_date\": \"2026-02-24\", \"project_item_id\": 1, \"service_group_id\": 1, \"assignee_username\": \"admin\", \"service_group_name\": \"HIS L2\"}','http://127.0.0.1:8000/api/v5/support-requests/2449536','127.0.0.1','Mozilla/5.0 (Macintosh; Intel Mac OS X 10_15_7) AppleWebKit/537.36 (KHTML, like Gecko) Chrome/145.0.0.0 Safari/537.36','2026-02-26 14:24:32',1),(19,'73c38479-300f-433e-a8df-a773a4f40b89','UPDATE','support_requests',2449156,'{\"id\": 2449156, \"notes\": \"Seed benchmark dataset 1.5M rows\", \"status\": \"CANCELLED\", \"summary\": \"Seed yêu cầu hỗ trợ #1498980\", \"due_date\": \"2026-03-17\", \"priority\": \"URGENT\", \"noti_date\": null, \"task_link\": \"https://jira.vnpt.local/browse/SRQ-0001498980\", \"test_note\": \"Auto seed test note #1498980\", \"change_log\": \"Auto seed log #1498980\", \"created_at\": \"2026-02-26 13:16:17\", \"created_by\": 1, \"deleted_at\": null, \"product_id\": 1, \"project_id\": 1, \"updated_at\": \"2026-02-26 13:16:17\", \"updated_by\": 1, \"assignee_id\": 1, \"customer_id\": 1, \"hotfix_date\": null, \"ticket_code\": \"SRQ-0001498980\", \"reporter_name\": \"Reporter 0480\", \"resolved_date\": null, \"requested_date\": \"2026-02-24\", \"project_item_id\": 1, \"service_group_id\": 1}','{\"id\": 2449156, \"notes\": \"Seed benchmark dataset 1.5M rows\", \"status\": \"DEPLOYED\", \"summary\": \"Seed yêu cầu hỗ trợ #1498980\", \"due_date\": \"2026-03-17\", \"priority\": \"URGENT\", \"noti_date\": \"2026-02-26\", \"task_link\": \"https://jira.vnpt.local/browse/SRQ-0001498980\", \"test_note\": \"Auto seed test note #1498980\", \"change_log\": \"Auto seed log #1498980\", \"created_at\": \"2026-02-26 13:16:17\", \"created_by\": 1, \"deleted_at\": null, \"product_id\": 1, \"project_id\": 1, \"updated_at\": \"2026-02-26 14:26:25\", \"updated_by\": null, \"assignee_id\": 1, \"customer_id\": 1, \"hotfix_date\": \"2026-02-26\", \"ticket_code\": \"SRQ-0001498980\", \"product_code\": \"VNPT_HIS\", \"product_name\": \"Giải pháp VNPT HIS\", \"project_code\": \"DA001\", \"project_name\": \"Dự án VNPT HIS - Vietcombank\", \"assignee_code\": \"ADMIN001\", \"assignee_name\": \"System Admin\", \"customer_code\": \"KH001\", \"customer_name\": \"Ngân hàng Vietcombank\", \"reporter_name\": \"Reporter 0480\", \"resolved_date\": \"2026-02-26\", \"requested_date\": \"2026-02-24\", \"project_item_id\": 1, \"service_group_id\": 1, \"assignee_username\": \"admin\", \"service_group_name\": \"HIS L2\"}','http://127.0.0.1:8000/api/v5/support-requests/2449156','127.0.0.1','Mozilla/5.0 (Macintosh; Intel Mac OS X 10_15_7) AppleWebKit/537.36 (KHTML, like Gecko) Chrome/145.0.0.0 Safari/537.36','2026-02-26 14:26:25',1),(20,'b0c0d6cf-b8bd-4319-8ea7-a31dfedebf8c','UPDATE','projects',98,'{\"id\": 98, \"status\": \"TRIAL\", \"created_at\": \"2026-02-25 15:21:11\", \"created_by\": null, \"deleted_at\": null, \"start_date\": \"2026-02-25\", \"updated_at\": \"2026-02-25 17:53:13\", \"updated_by\": null, \"customer_id\": 16, \"project_code\": \"DA016\", \"project_name\": \"Dự án Dịch vụ giám sát SOC - TT Phòng, Chống HIV/AIDS tỉnh Hậu Giang\", \"opportunity_id\": null, \"investment_mode\": \"DAU_TU\", \"expected_end_date\": \"2026-11-25\"}','{\"id\": 98, \"status\": \"ONGOING\", \"created_at\": \"2026-02-25 15:21:11\", \"created_by\": null, \"deleted_at\": null, \"start_date\": \"2026-02-25\", \"updated_at\": \"2026-02-26 14:31:30\", \"updated_by\": 1, \"customer_id\": 16, \"project_code\": \"DA016\", \"project_name\": \"Dự án Dịch vụ giám sát SOC - TT Phòng, Chống HIV/AIDS tỉnh Hậu Giang\", \"opportunity_id\": null, \"investment_mode\": \"DAU_TU\", \"expected_end_date\": \"2026-11-25\"}','http://127.0.0.1:8000/api/v5/projects/98','127.0.0.1','Mozilla/5.0 (Macintosh; Intel Mac OS X 10_15_7) AppleWebKit/537.36 (KHTML, like Gecko) Chrome/145.0.0.0 Safari/537.36','2026-02-26 14:31:30',1),(21,'067fcfc1-66d0-4b6f-bd7a-1a89563485cf','UPDATE','projects',98,'{\"id\": 98, \"status\": \"ONGOING\", \"created_at\": \"2026-02-25 15:21:11\", \"created_by\": null, \"deleted_at\": null, \"start_date\": \"2026-02-25\", \"updated_at\": \"2026-02-26 14:31:30\", \"updated_by\": 1, \"customer_id\": 16, \"project_code\": \"DA016\", \"project_name\": \"Dự án Dịch vụ giám sát SOC - TT Phòng, Chống HIV/AIDS tỉnh Hậu Giang\", \"opportunity_id\": null, \"investment_mode\": \"DAU_TU\", \"expected_end_date\": \"2026-11-25\"}','{\"id\": 98, \"status\": \"WARRANTY\", \"created_at\": \"2026-02-25 15:21:11\", \"created_by\": null, \"deleted_at\": null, \"start_date\": \"2026-02-25\", \"updated_at\": \"2026-02-26 14:31:41\", \"updated_by\": 1, \"customer_id\": 16, \"project_code\": \"DA016\", \"project_name\": \"Dự án Dịch vụ giám sát SOC - TT Phòng, Chống HIV/AIDS tỉnh Hậu Giang\", \"opportunity_id\": null, \"investment_mode\": \"DAU_TU\", \"expected_end_date\": \"2026-11-25\"}','http://127.0.0.1:8000/api/v5/projects/98','127.0.0.1','Mozilla/5.0 (Macintosh; Intel Mac OS X 10_15_7) AppleWebKit/537.36 (KHTML, like Gecko) Chrome/145.0.0.0 Safari/537.36','2026-02-26 14:31:41',1),(22,'3c3df400-c3f6-4be0-a89f-b2aeee56171b','UPDATE','projects',97,'{\"id\": 97, \"status\": \"TRIAL\", \"created_at\": \"2026-02-25 15:21:11\", \"created_by\": null, \"deleted_at\": null, \"start_date\": \"2026-02-25\", \"updated_at\": \"2026-02-25 17:53:13\", \"updated_by\": null, \"customer_id\": 35, \"project_code\": \"DA035\", \"project_name\": \"Dự án Dịch vụ giám sát SOC - TYT P. Thuận An (TYT TT Long Mỹ)\", \"opportunity_id\": null, \"investment_mode\": \"DAU_TU\", \"expected_end_date\": \"2026-11-25\"}','{\"id\": 97, \"status\": \"CANCELLED\", \"created_at\": \"2026-02-25 15:21:11\", \"created_by\": null, \"deleted_at\": null, \"start_date\": \"2026-02-25\", \"updated_at\": \"2026-02-26 14:31:46\", \"updated_by\": 1, \"customer_id\": 35, \"project_code\": \"DA035\", \"project_name\": \"Dự án Dịch vụ giám sát SOC - TYT P. Thuận An (TYT TT Long Mỹ)\", \"opportunity_id\": null, \"investment_mode\": \"DAU_TU\", \"expected_end_date\": \"2026-11-25\"}','http://127.0.0.1:8000/api/v5/projects/97','127.0.0.1','Mozilla/5.0 (Macintosh; Intel Mac OS X 10_15_7) AppleWebKit/537.36 (KHTML, like Gecko) Chrome/145.0.0.0 Safari/537.36','2026-02-26 14:31:46',1),(23,'0facdfc4-1e8c-4c0f-a0f0-bf7e28e98355','UPDATE','customers',6,'{\"id\": 6, \"address\": null, \"tax_code\": \"0127160495\", \"is_active\": 1, \"created_at\": \"2026-02-25 08:03:51\", \"created_by\": null, \"updated_at\": \"2026-02-25 08:03:51\", \"updated_by\": null, \"customer_code\": \"93002\", \"customer_name\": \"Trung tâm Y tế khu vực Vị Thủy\"}','{\"id\": 6, \"address\": \"Số 02 Nguyễn Trãi\", \"tax_code\": \"0127160495\", \"is_active\": 1, \"created_at\": \"2026-02-25 08:03:51\", \"created_by\": null, \"updated_at\": \"2026-02-27 03:27:32\", \"updated_by\": 1, \"customer_code\": \"93002\", \"customer_name\": \"Trung tâm Y tế khu vực Vị Thủy\"}','http://127.0.0.1:8000/api/v5/customers/6','127.0.0.1','Mozilla/5.0 (Macintosh; Intel Mac OS X 10_15_7) AppleWebKit/537.36 (KHTML, like Gecko) Chrome/145.0.0.0 Safari/537.36','2026-02-27 03:27:32',1),(24,'4e995a1c-ee3e-487d-9713-ec36af8e886c','UPDATE','projects',1,'{\"id\": 1, \"status\": \"ONGOING\", \"created_at\": \"2026-02-23 15:16:35\", \"created_by\": null, \"deleted_at\": null, \"start_date\": \"2026-01-10\", \"updated_at\": \"2026-02-23 15:19:41\", \"updated_by\": null, \"customer_id\": 1, \"project_code\": \"DA001\", \"project_name\": \"Dự án VNPT HIS - Vietcombank\", \"opportunity_id\": 1, \"investment_mode\": \"DAU_TU\", \"expected_end_date\": \"2026-12-31\"}','{\"id\": 1, \"status\": \"ONGOING\", \"created_at\": \"2026-02-23 15:16:35\", \"created_by\": null, \"deleted_at\": null, \"start_date\": \"2026-01-10\", \"updated_at\": \"2026-02-27 03:29:04\", \"updated_by\": 1, \"customer_id\": 1, \"project_code\": \"DA001\", \"project_name\": \"Dự án VNPT HIS - Vietcombank\", \"opportunity_id\": 1, \"investment_mode\": \"DAU_TU\", \"expected_end_date\": \"2026-12-31\"}','http://127.0.0.1:8000/api/v5/projects/1','127.0.0.1','Mozilla/5.0 (Macintosh; Intel Mac OS X 10_15_7) AppleWebKit/537.36 (KHTML, like Gecko) Chrome/145.0.0.0 Safari/537.36','2026-02-27 03:29:04',1),(25,'059a798c-63e7-44ae-8e50-68c208b51e74','UPDATE','projects',1,'{\"id\": 1, \"status\": \"ONGOING\", \"created_at\": \"2026-02-23 15:16:35\", \"created_by\": null, \"deleted_at\": null, \"start_date\": \"2026-01-10\", \"updated_at\": \"2026-02-27 03:29:04\", \"updated_by\": 1, \"customer_id\": 1, \"project_code\": \"DA001\", \"project_name\": \"Dự án VNPT HIS - Vietcombank\", \"opportunity_id\": 1, \"investment_mode\": \"DAU_TU\", \"expected_end_date\": \"2026-12-31\"}','{\"id\": 1, \"status\": \"ONGOING\", \"created_at\": \"2026-02-23 15:16:35\", \"created_by\": null, \"deleted_at\": null, \"start_date\": \"2026-01-10\", \"updated_at\": \"2026-02-27 03:29:04\", \"updated_by\": 1, \"customer_id\": 1, \"project_code\": \"DA001\", \"project_name\": \"Dự án VNPT HIS - Vietcombank\", \"opportunity_id\": 1, \"investment_mode\": \"DAU_TU\", \"expected_end_date\": \"2026-12-31\"}','http://127.0.0.1:8000/api/v5/projects/1','127.0.0.1','Mozilla/5.0 (Macintosh; Intel Mac OS X 10_15_7) AppleWebKit/537.36 (KHTML, like Gecko) Chrome/145.0.0.0 Safari/537.36','2026-02-27 03:29:30',1),(26,'4bbd848e-5072-4e44-894b-30b5962074b4','UPDATE','contracts',2,'{\"id\": 2, \"status\": \"DRAFT\", \"dept_id\": 2, \"sign_date\": \"2026-02-20\", \"created_at\": \"2026-02-23 15:16:35\", \"created_by\": null, \"deleted_at\": null, \"project_id\": 2, \"updated_at\": \"2026-02-27 11:26:11\", \"updated_by\": null, \"customer_id\": 2, \"expiry_date\": \"2026-12-20\", \"total_value\": \"80000000.00\", \"contract_code\": \"HD002\", \"contract_name\": \"Hợp đồng dịch vụ SOC\", \"effective_date\": null}','{\"id\": 2, \"status\": \"RENEWED\", \"dept_id\": 2, \"sign_date\": \"2026-02-20\", \"created_at\": \"2026-02-23 15:16:35\", \"created_by\": null, \"deleted_at\": null, \"project_id\": 2, \"updated_at\": \"2026-02-27 06:53:15\", \"updated_by\": 1, \"customer_id\": 2, \"expiry_date\": \"2026-12-20\", \"total_value\": \"80000000.00\", \"contract_code\": \"HD002\", \"contract_name\": \"Hợp đồng dịch vụ SOC\", \"effective_date\": null}','http://127.0.0.1:8000/api/v5/contracts/2','127.0.0.1','Mozilla/5.0 (Macintosh; Intel Mac OS X 10_15_7) AppleWebKit/537.36 (KHTML, like Gecko) Chrome/145.0.0.0 Safari/537.36','2026-02-27 06:53:15',1),(27,'15867223-5015-44b8-94f3-c9ff13070861','UPDATE','contracts',2,'{\"id\": 2, \"status\": \"RENEWED\", \"dept_id\": 2, \"sign_date\": \"2026-02-20\", \"created_at\": \"2026-02-23 15:16:35\", \"created_by\": null, \"deleted_at\": null, \"project_id\": 2, \"updated_at\": \"2026-02-27 14:38:38\", \"updated_by\": 1, \"customer_id\": 2, \"expiry_date\": \"2026-12-20\", \"total_value\": \"80000000.00\", \"contract_code\": \"HD002\", \"contract_name\": \"Hợp đồng dịch vụ SOC\", \"effective_date\": \"2026-02-20\"}','{\"id\": 2, \"status\": \"SIGNED\", \"dept_id\": 2, \"sign_date\": \"2026-02-20\", \"created_at\": \"2026-02-23 15:16:35\", \"created_by\": null, \"deleted_at\": null, \"project_id\": 2, \"updated_at\": \"2026-02-27 08:18:26\", \"updated_by\": 1, \"customer_id\": 2, \"expiry_date\": \"2026-12-20\", \"total_value\": \"80000000.00\", \"contract_code\": \"HD002\", \"contract_name\": \"Hợp đồng dịch vụ SOC\", \"effective_date\": \"2026-02-20\"}','http://127.0.0.1:8000/api/v5/contracts/2','127.0.0.1','Mozilla/5.0 (Macintosh; Intel Mac OS X 10_15_7) AppleWebKit/537.36 (KHTML, like Gecko) Chrome/145.0.0.0 Safari/537.36','2026-02-27 08:18:26',1),(28,'3aa3fade-900d-45c8-aa52-f99e8aa2cacb','UPDATE','contracts',2,'{\"operation\": \"generate_contract_payments\", \"contract_id\": 2}','{\"contract_id\": 2, \"generated_rows\": 1, \"generation_mode\": \"procedure\"}','http://127.0.0.1:8000/api/v5/contracts/2/generate-payments','127.0.0.1','Mozilla/5.0 (Macintosh; Intel Mac OS X 10_15_7) AppleWebKit/537.36 (KHTML, like Gecko) Chrome/145.0.0.0 Safari/537.36','2026-02-27 09:46:07',1),(29,'175d8795-eaec-4a19-8e06-4dab5f69534c','UPDATE','contracts',2,'{\"id\": 2, \"status\": \"SIGNED\", \"dept_id\": 2, \"sign_date\": \"2026-02-20\", \"created_at\": \"2026-02-23 15:16:35\", \"created_by\": null, \"deleted_at\": null, \"project_id\": 2, \"updated_at\": \"2026-02-27 08:18:26\", \"updated_by\": 1, \"customer_id\": 2, \"expiry_date\": \"2026-12-20\", \"total_value\": \"80000000.00\", \"contract_code\": \"HD002\", \"contract_name\": \"Hợp đồng dịch vụ SOC\", \"effective_date\": \"2026-02-20\"}','{\"id\": 2, \"status\": \"SIGNED\", \"dept_id\": 2, \"sign_date\": \"2026-02-20\", \"created_at\": \"2026-02-23 15:16:35\", \"created_by\": null, \"deleted_at\": null, \"project_id\": 2, \"updated_at\": \"2026-02-27 09:49:40\", \"updated_by\": 1, \"customer_id\": 2, \"expiry_date\": \"2026-12-20\", \"total_value\": \"80000000.00\", \"contract_code\": \"HD002\", \"contract_name\": \"Hợp đồng dịch vụ SOC\", \"effective_date\": \"2026-02-20\"}','http://127.0.0.1:8000/api/v5/contracts/2','127.0.0.1','Mozilla/5.0 (Macintosh; Intel Mac OS X 10_15_7) AppleWebKit/537.36 (KHTML, like Gecko) Chrome/145.0.0.0 Safari/537.36','2026-02-27 09:49:40',1),(30,'098416ec-6aaa-4dc2-9161-d3b83c67c088','UPDATE','contracts',1,'{\"id\": 1, \"status\": \"SIGNED\", \"dept_id\": 2, \"sign_date\": \"2026-01-15\", \"created_at\": \"2026-02-23 15:16:35\", \"created_by\": null, \"deleted_at\": null, \"project_id\": 1, \"updated_at\": \"2026-02-27 14:38:38\", \"updated_by\": null, \"customer_id\": 1, \"expiry_date\": \"2026-12-31\", \"total_value\": \"150000000.00\", \"contract_code\": \"HD001\", \"contract_name\": \"Hợp đồng triển khai VNPT HIS\", \"effective_date\": \"2026-01-15\"}','{\"id\": 1, \"status\": \"DRAFT\", \"dept_id\": 2, \"sign_date\": \"2026-01-15\", \"created_at\": \"2026-02-23 15:16:35\", \"created_by\": null, \"deleted_at\": null, \"project_id\": 1, \"updated_at\": \"2026-02-27 09:49:51\", \"updated_by\": 1, \"customer_id\": 1, \"expiry_date\": \"2026-12-31\", \"total_value\": \"150000000.00\", \"contract_code\": \"HD001\", \"contract_name\": \"Hợp đồng triển khai VNPT HIS\", \"effective_date\": \"2026-01-15\"}','http://127.0.0.1:8000/api/v5/contracts/1','127.0.0.1','Mozilla/5.0 (Macintosh; Intel Mac OS X 10_15_7) AppleWebKit/537.36 (KHTML, like Gecko) Chrome/145.0.0.0 Safari/537.36','2026-02-27 09:49:51',1),(31,'6242124a-d8d8-4d58-96e3-635e598fee50','UPDATE','contracts',2,'{\"operation\": \"generate_contract_payments\", \"contract_id\": 2}','{\"contract_id\": 2, \"generated_rows\": 1, \"generation_mode\": \"procedure\"}','http://127.0.0.1:8000/api/v5/contracts/2/generate-payments','127.0.0.1','Mozilla/5.0 (Macintosh; Intel Mac OS X 10_15_7) AppleWebKit/537.36 (KHTML, like Gecko) Chrome/145.0.0.0 Safari/537.36','2026-02-27 10:11:11',1),(32,'b452e49e-35c2-4951-8bc6-9b6ca9eef89b','UPDATE','contracts',2,'{\"operation\": \"generate_contract_payments\", \"contract_id\": 2}','{\"contract_id\": 2, \"generated_rows\": 1, \"generation_mode\": \"procedure\"}','http://127.0.0.1:8000/api/v5/contracts/2/generate-payments','127.0.0.1','Mozilla/5.0 (Macintosh; Intel Mac OS X 10_15_7) AppleWebKit/537.36 (KHTML, like Gecko) Chrome/145.0.0.0 Safari/537.36','2026-02-27 10:12:35',1),(33,'6485ea53-e59e-44cd-aa0b-bbe3e996ea96','UPDATE','contracts',2,'{\"operation\": \"generate_contract_payments\", \"contract_id\": 2}','{\"contract_id\": 2, \"generated_rows\": 1, \"generation_mode\": \"procedure\"}','http://127.0.0.1:8000/api/v5/contracts/2/generate-payments','127.0.0.1','Mozilla/5.0 (Macintosh; Intel Mac OS X 10_15_7) AppleWebKit/537.36 (KHTML, like Gecko) Chrome/145.0.0.0 Safari/537.36','2026-02-27 10:12:36',1),(34,'0c53080d-bb2b-4566-b1f5-c80939541710','UPDATE','support_requests',2450196,'{\"id\": 2450196, \"notes\": \"Seed benchmark dataset 1.5M rows\", \"status\": \"UNABLE_TO_EXECUTE\", \"summary\": \"Seed yêu cầu hỗ trợ #1499820\", \"due_date\": \"2026-03-17\", \"priority\": \"URGENT\", \"noti_date\": null, \"task_link\": \"https://jira.vnpt.local/browse/SRQ-0001499820\", \"created_at\": \"2026-02-26 13:16:17\", \"created_by\": 1, \"deleted_at\": null, \"product_id\": 1, \"project_id\": 1, \"updated_at\": \"2026-02-27 20:04:01\", \"updated_by\": 1, \"assignee_id\": 1, \"customer_id\": 1, \"hotfix_date\": null, \"ticket_code\": \"SRQ-0001499820\", \"reporter_name\": \"Reporter 0320\", \"resolved_date\": null, \"requested_date\": \"2026-02-24\", \"project_item_id\": 1, \"receiver_user_id\": null, \"service_group_id\": 1, \"reporter_contact_id\": null, \"reference_request_id\": null, \"reference_ticket_code\": null}','{\"id\": 2450196, \"notes\": \"Seed benchmark dataset 1.5M rows\", \"tasks\": [{\"id\": 1, \"title\": null, \"status\": \"TODO\", \"task_code\": \"SRQ-0001499820\", \"task_link\": \"https://jira.vnpt.local/browse/SRQ-0001499820\", \"created_at\": \"2026-02-27 13:04:30\", \"created_by\": null, \"request_id\": 2450196, \"sort_order\": 0, \"updated_at\": \"2026-02-27 13:04:30\", \"updated_by\": null}], \"status\": \"NEW\", \"summary\": \"Seed yêu cầu hỗ trợ #1499820\", \"due_date\": \"2026-03-17\", \"priority\": \"URGENT\", \"noti_date\": null, \"task_link\": \"https://jira.vnpt.local/browse/SRQ-0001499820\", \"created_at\": \"2026-02-26 13:16:17\", \"created_by\": 1, \"deleted_at\": null, \"product_id\": 1, \"project_id\": 1, \"task_count\": 1, \"updated_at\": \"2026-02-27 13:04:30\", \"updated_by\": null, \"assignee_id\": 1, \"customer_id\": 1, \"hotfix_date\": null, \"ticket_code\": \"SRQ-0001499820\", \"product_code\": \"VNPT_HIS\", \"product_name\": \"Giải pháp VNPT HIS\", \"project_code\": \"DA001\", \"project_name\": \"Dự án VNPT HIS - Vietcombank\", \"assignee_code\": \"ADMIN001\", \"assignee_name\": \"System Admin\", \"customer_code\": \"KH001\", \"customer_name\": \"Ngân hàng Vietcombank\", \"receiver_code\": null, \"receiver_name\": null, \"reporter_name\": \"Reporter 0320\", \"resolved_date\": null, \"requested_date\": \"2026-02-24\", \"project_item_id\": 1, \"receiver_user_id\": null, \"reference_status\": null, \"service_group_id\": 1, \"assignee_username\": \"admin\", \"receiver_username\": null, \"reference_summary\": null, \"service_group_name\": \"HIS L2\", \"reporter_contact_id\": null, \"reference_request_id\": null, \"reference_ticket_code\": null, \"reporter_contact_name\": null, \"reporter_contact_email\": null, \"reporter_contact_phone\": null}','http://127.0.0.1:8000/api/v5/support-requests/2450196','127.0.0.1','Mozilla/5.0 (Macintosh; Intel Mac OS X 10_15_7) AppleWebKit/537.36 (KHTML, like Gecko) Chrome/145.0.0.0 Safari/537.36','2026-02-27 13:04:30',1),(35,'53429f3f-09e0-4643-b944-d436aefecab0','INSERT','support_requests',2457469,NULL,'{\"id\": 2457469, \"notes\": null, \"tasks\": [{\"id\": 2, \"title\": null, \"status\": \"TODO\", \"task_code\": \"SRQ-UAT-A-20260227204749\", \"task_link\": null, \"created_at\": \"2026-02-27 13:47:50\", \"created_by\": 4, \"request_id\": 2457469, \"sort_order\": 0, \"updated_at\": \"2026-02-27 13:47:50\", \"updated_by\": 4}], \"status\": \"NEW\", \"summary\": \"UAT Ref Source A 20260227204749\", \"due_date\": null, \"priority\": \"MEDIUM\", \"noti_date\": null, \"task_link\": null, \"created_at\": \"2026-02-27 13:47:50\", \"created_by\": 4, \"deleted_at\": null, \"product_id\": null, \"project_id\": null, \"task_count\": 1, \"updated_at\": \"2026-02-27 13:47:50\", \"updated_by\": 4, \"assignee_id\": null, \"customer_id\": 98, \"hotfix_date\": null, \"ticket_code\": \"SRQ-UAT-A-20260227204749\", \"product_code\": null, \"product_name\": null, \"project_code\": null, \"project_name\": null, \"assignee_code\": null, \"assignee_name\": null, \"customer_code\": \"93017\", \"customer_name\": \"Trạm Y tế Xã Hỏa Tiế渁\", \"receiver_code\": null, \"receiver_name\": null, \"reporter_name\": null, \"resolved_date\": null, \"requested_date\": \"2026-02-27\", \"project_item_id\": null, \"receiver_user_id\": null, \"reference_status\": null, \"service_group_id\": null, \"assignee_username\": null, \"receiver_username\": null, \"reference_summary\": null, \"service_group_name\": null, \"reporter_contact_id\": null, \"reference_request_id\": null, \"reference_ticket_code\": null, \"reporter_contact_name\": null, \"reporter_contact_email\": null, \"reporter_contact_phone\": null}','http://127.0.0.1:8000/api/v5/support-requests','127.0.0.1','curl/8.7.1','2026-02-27 13:47:50',4),(36,'f926cf85-ad98-438a-815b-178f0b4d2310','INSERT','support_requests',2457470,NULL,'{\"id\": 2457470, \"notes\": null, \"tasks\": [{\"id\": 3, \"title\": null, \"status\": \"TODO\", \"task_code\": \"SRQ-UAT-B-20260227204749\", \"task_link\": null, \"created_at\": \"2026-02-27 13:47:50\", \"created_by\": 4, \"request_id\": 2457470, \"sort_order\": 0, \"updated_at\": \"2026-02-27 13:47:50\", \"updated_by\": 4}], \"status\": \"NEW\", \"summary\": \"UAT Ref Target B 20260227204749\", \"due_date\": null, \"priority\": \"MEDIUM\", \"noti_date\": null, \"task_link\": null, \"created_at\": \"2026-02-27 13:47:50\", \"created_by\": 4, \"deleted_at\": null, \"product_id\": null, \"project_id\": null, \"task_count\": 1, \"updated_at\": \"2026-02-27 13:47:50\", \"updated_by\": 4, \"assignee_id\": null, \"customer_id\": 98, \"hotfix_date\": null, \"ticket_code\": \"SRQ-UAT-B-20260227204749\", \"product_code\": null, \"product_name\": null, \"project_code\": null, \"project_name\": null, \"assignee_code\": null, \"assignee_name\": null, \"customer_code\": \"93017\", \"customer_name\": \"Trạm Y tế Xã Hỏa Tiế渁\", \"receiver_code\": null, \"receiver_name\": null, \"reporter_name\": null, \"resolved_date\": null, \"requested_date\": \"2026-02-27\", \"project_item_id\": null, \"receiver_user_id\": null, \"reference_status\": \"NEW\", \"service_group_id\": null, \"assignee_username\": null, \"receiver_username\": null, \"reference_summary\": \"UAT Ref Source A 20260227204749\", \"service_group_name\": null, \"reporter_contact_id\": null, \"reference_request_id\": 2457469, \"reference_ticket_code\": \"SRQ-UAT-A-20260227204749\", \"reporter_contact_name\": null, \"reporter_contact_email\": null, \"reporter_contact_phone\": null}','http://127.0.0.1:8000/api/v5/support-requests','127.0.0.1','curl/8.7.1','2026-02-27 13:47:50',4),(37,'26931adc-dbcb-455d-986d-d6980ce91951','INSERT','support_requests',2457471,NULL,'{\"id\": 2457471, \"notes\": null, \"tasks\": [{\"id\": 4, \"title\": null, \"status\": \"TODO\", \"task_code\": \"SRQ-UAT-C-20260227204749\", \"task_link\": null, \"created_at\": \"2026-02-27 13:47:51\", \"created_by\": 4, \"request_id\": 2457471, \"sort_order\": 0, \"updated_at\": \"2026-02-27 13:47:51\", \"updated_by\": 4}], \"status\": \"NEW\", \"summary\": \"UAT Ref Source C 20260227204749\", \"due_date\": null, \"priority\": \"MEDIUM\", \"noti_date\": null, \"task_link\": null, \"created_at\": \"2026-02-27 13:47:51\", \"created_by\": 4, \"deleted_at\": null, \"product_id\": null, \"project_id\": null, \"task_count\": 1, \"updated_at\": \"2026-02-27 13:47:51\", \"updated_by\": 4, \"assignee_id\": null, \"customer_id\": 98, \"hotfix_date\": null, \"ticket_code\": \"SRQ-UAT-C-20260227204749\", \"product_code\": null, \"product_name\": null, \"project_code\": null, \"project_name\": null, \"assignee_code\": null, \"assignee_name\": null, \"customer_code\": \"93017\", \"customer_name\": \"Trạm Y tế Xã Hỏa Tiế渁\", \"receiver_code\": null, \"receiver_name\": null, \"reporter_name\": null, \"resolved_date\": null, \"requested_date\": \"2026-02-27\", \"project_item_id\": null, \"receiver_user_id\": null, \"reference_status\": null, \"service_group_id\": null, \"assignee_username\": null, \"receiver_username\": null, \"reference_summary\": null, \"service_group_name\": null, \"reporter_contact_id\": null, \"reference_request_id\": null, \"reference_ticket_code\": null, \"reporter_contact_name\": null, \"reporter_contact_email\": null, \"reporter_contact_phone\": null}','http://127.0.0.1:8000/api/v5/support-requests','127.0.0.1','curl/8.7.1','2026-02-27 13:47:51',4),(38,'7ecf7b7a-98da-4f51-b85a-84f10b72534f','INSERT','support_requests',2457472,NULL,'{\"id\": 2457472, \"notes\": null, \"tasks\": [{\"id\": 5, \"title\": null, \"status\": \"TODO\", \"task_code\": \"SRQ-UAT-BULK1-20260227204749\", \"task_link\": null, \"created_at\": \"2026-02-27 13:47:52\", \"created_by\": 4, \"request_id\": 2457472, \"sort_order\": 0, \"updated_at\": \"2026-02-27 13:47:52\", \"updated_by\": 4}], \"status\": \"NEW\", \"summary\": \"Bulk valid 20260227204749\", \"due_date\": null, \"priority\": \"MEDIUM\", \"noti_date\": null, \"task_link\": null, \"created_at\": \"2026-02-27 13:47:52\", \"created_by\": 4, \"deleted_at\": null, \"product_id\": null, \"project_id\": null, \"task_count\": 1, \"updated_at\": \"2026-02-27 13:47:52\", \"updated_by\": 4, \"assignee_id\": null, \"customer_id\": 98, \"hotfix_date\": null, \"ticket_code\": \"SRQ-UAT-BULK1-20260227204749\", \"product_code\": null, \"product_name\": null, \"project_code\": null, \"project_name\": null, \"assignee_code\": null, \"assignee_name\": null, \"customer_code\": \"93017\", \"customer_name\": \"Trạm Y tế Xã Hỏa Tiế渁\", \"receiver_code\": null, \"receiver_name\": null, \"reporter_name\": null, \"resolved_date\": null, \"requested_date\": \"2026-02-27\", \"project_item_id\": null, \"receiver_user_id\": null, \"reference_status\": \"NEW\", \"service_group_id\": null, \"assignee_username\": null, \"receiver_username\": null, \"reference_summary\": \"UAT Ref Source A 20260227204749\", \"service_group_name\": null, \"reporter_contact_id\": null, \"reference_request_id\": 2457469, \"reference_ticket_code\": \"SRQ-UAT-A-20260227204749\", \"reporter_contact_name\": null, \"reporter_contact_email\": null, \"reporter_contact_phone\": null}','http://localhost/api/v5/support-requests','127.0.0.1','Symfony','2026-02-27 13:47:52',4),(39,'d150c177-2b7d-475f-a4de-68e2751096ea','INSERT','support_requests',2457473,NULL,'{\"id\": 2457473, \"notes\": null, \"tasks\": [{\"id\": 6, \"title\": null, \"status\": \"TODO\", \"task_code\": \"SRQ-UAT2-A-20260227204930\", \"task_link\": null, \"created_at\": \"2026-02-27 13:49:30\", \"created_by\": 4, \"request_id\": 2457473, \"sort_order\": 0, \"updated_at\": \"2026-02-27 13:49:30\", \"updated_by\": 4}], \"status\": \"NEW\", \"summary\": \"A\", \"due_date\": null, \"priority\": \"MEDIUM\", \"noti_date\": null, \"task_link\": null, \"created_at\": \"2026-02-27 13:49:30\", \"created_by\": 4, \"deleted_at\": null, \"product_id\": null, \"project_id\": null, \"task_count\": 1, \"updated_at\": \"2026-02-27 13:49:30\", \"updated_by\": 4, \"assignee_id\": null, \"customer_id\": 98, \"hotfix_date\": null, \"ticket_code\": \"SRQ-UAT2-A-20260227204930\", \"product_code\": null, \"product_name\": null, \"project_code\": null, \"project_name\": null, \"assignee_code\": null, \"assignee_name\": null, \"customer_code\": \"93017\", \"customer_name\": \"Trạm Y tế Xã Hỏa Tiế渁\", \"receiver_code\": null, \"receiver_name\": null, \"reporter_name\": null, \"resolved_date\": null, \"requested_date\": \"2026-02-27\", \"project_item_id\": null, \"receiver_user_id\": null, \"reference_status\": null, \"service_group_id\": null, \"assignee_username\": null, \"receiver_username\": null, \"reference_summary\": null, \"service_group_name\": null, \"reporter_contact_id\": null, \"reference_request_id\": null, \"reference_ticket_code\": null, \"reporter_contact_name\": null, \"reporter_contact_email\": null, \"reporter_contact_phone\": null}','http://127.0.0.1:8000/api/v5/support-requests','127.0.0.1','curl/8.7.1','2026-02-27 13:49:30',4),(40,'fd6a6cfa-dbf9-447e-be98-8a07e8a327ac','INSERT','support_requests',2457474,NULL,'{\"id\": 2457474, \"notes\": null, \"tasks\": [{\"id\": 7, \"title\": null, \"status\": \"TODO\", \"task_code\": \"SRQ-UAT2-B-20260227204930\", \"task_link\": null, \"created_at\": \"2026-02-27 13:49:30\", \"created_by\": 4, \"request_id\": 2457474, \"sort_order\": 0, \"updated_at\": \"2026-02-27 13:49:30\", \"updated_by\": 4}], \"status\": \"NEW\", \"summary\": \"B\", \"due_date\": null, \"priority\": \"MEDIUM\", \"noti_date\": null, \"task_link\": null, \"created_at\": \"2026-02-27 13:49:30\", \"created_by\": 4, \"deleted_at\": null, \"product_id\": null, \"project_id\": null, \"task_count\": 1, \"updated_at\": \"2026-02-27 13:49:30\", \"updated_by\": 4, \"assignee_id\": null, \"customer_id\": 98, \"hotfix_date\": null, \"ticket_code\": \"SRQ-UAT2-B-20260227204930\", \"product_code\": null, \"product_name\": null, \"project_code\": null, \"project_name\": null, \"assignee_code\": null, \"assignee_name\": null, \"customer_code\": \"93017\", \"customer_name\": \"Trạm Y tế Xã Hỏa Tiế渁\", \"receiver_code\": null, \"receiver_name\": null, \"reporter_name\": null, \"resolved_date\": null, \"requested_date\": \"2026-02-27\", \"project_item_id\": null, \"receiver_user_id\": null, \"reference_status\": \"NEW\", \"service_group_id\": null, \"assignee_username\": null, \"receiver_username\": null, \"reference_summary\": \"A\", \"service_group_name\": null, \"reporter_contact_id\": null, \"reference_request_id\": 2457473, \"reference_ticket_code\": \"SRQ-UAT2-A-20260227204930\", \"reporter_contact_name\": null, \"reporter_contact_email\": null, \"reporter_contact_phone\": null}','http://127.0.0.1:8000/api/v5/support-requests','127.0.0.1','curl/8.7.1','2026-02-27 13:49:30',4),(41,'2dda1692-85d1-4f45-a9af-0c706006231f','INSERT','support_requests',2457475,NULL,'{\"id\": 2457475, \"notes\": null, \"tasks\": [{\"id\": 8, \"title\": null, \"status\": \"TODO\", \"task_code\": \"SRQ-UAT2-C-20260227204930\", \"task_link\": null, \"created_at\": \"2026-02-27 13:49:31\", \"created_by\": 4, \"request_id\": 2457475, \"sort_order\": 0, \"updated_at\": \"2026-02-27 13:49:31\", \"updated_by\": 4}], \"status\": \"NEW\", \"summary\": \"C\", \"due_date\": null, \"priority\": \"MEDIUM\", \"noti_date\": null, \"task_link\": null, \"created_at\": \"2026-02-27 13:49:31\", \"created_by\": 4, \"deleted_at\": null, \"product_id\": null, \"project_id\": null, \"task_count\": 1, \"updated_at\": \"2026-02-27 13:49:31\", \"updated_by\": 4, \"assignee_id\": null, \"customer_id\": 98, \"hotfix_date\": null, \"ticket_code\": \"SRQ-UAT2-C-20260227204930\", \"product_code\": null, \"product_name\": null, \"project_code\": null, \"project_name\": null, \"assignee_code\": null, \"assignee_name\": null, \"customer_code\": \"93017\", \"customer_name\": \"Trạm Y tế Xã Hỏa Tiế渁\", \"receiver_code\": null, \"receiver_name\": null, \"reporter_name\": null, \"resolved_date\": null, \"requested_date\": \"2026-02-27\", \"project_item_id\": null, \"receiver_user_id\": null, \"reference_status\": null, \"service_group_id\": null, \"assignee_username\": null, \"receiver_username\": null, \"reference_summary\": null, \"service_group_name\": null, \"reporter_contact_id\": null, \"reference_request_id\": null, \"reference_ticket_code\": null, \"reporter_contact_name\": null, \"reporter_contact_email\": null, \"reporter_contact_phone\": null}','http://127.0.0.1:8000/api/v5/support-requests','127.0.0.1','curl/8.7.1','2026-02-27 13:49:31',4),(42,'a5650405-199c-4740-8e6d-4770f70023cd','INSERT','support_requests',2457476,NULL,'{\"id\": 2457476, \"notes\": null, \"tasks\": [{\"id\": 9, \"title\": null, \"status\": \"TODO\", \"task_code\": \"SRQ-UAT-A-20260227205105\", \"task_link\": null, \"created_at\": \"2026-02-27 13:51:05\", \"created_by\": 4, \"request_id\": 2457476, \"sort_order\": 0, \"updated_at\": \"2026-02-27 13:51:05\", \"updated_by\": 4}], \"status\": \"NEW\", \"summary\": \"UAT Ref Source A 20260227205105\", \"due_date\": null, \"priority\": \"MEDIUM\", \"noti_date\": null, \"task_link\": null, \"created_at\": \"2026-02-27 13:51:05\", \"created_by\": 4, \"deleted_at\": null, \"product_id\": null, \"project_id\": null, \"task_count\": 1, \"updated_at\": \"2026-02-27 13:51:05\", \"updated_by\": 4, \"assignee_id\": null, \"customer_id\": 98, \"hotfix_date\": null, \"ticket_code\": \"SRQ-UAT-A-20260227205105\", \"product_code\": null, \"product_name\": null, \"project_code\": null, \"project_name\": null, \"assignee_code\": null, \"assignee_name\": null, \"customer_code\": \"93017\", \"customer_name\": \"Trạm Y tế Xã Hỏa Tiế渁\", \"receiver_code\": null, \"receiver_name\": null, \"reporter_name\": null, \"resolved_date\": null, \"requested_date\": \"2026-02-27\", \"project_item_id\": null, \"receiver_user_id\": null, \"reference_status\": null, \"service_group_id\": null, \"assignee_username\": null, \"receiver_username\": null, \"reference_summary\": null, \"service_group_name\": null, \"reporter_contact_id\": null, \"reference_request_id\": null, \"reference_ticket_code\": null, \"reporter_contact_name\": null, \"reporter_contact_email\": null, \"reporter_contact_phone\": null}','http://127.0.0.1:8000/api/v5/support-requests','127.0.0.1','curl/8.7.1','2026-02-27 13:51:05',4),(43,'97d990ff-fdad-43a1-b6cc-7653839d443c','INSERT','support_requests',2457477,NULL,'{\"id\": 2457477, \"notes\": null, \"tasks\": [{\"id\": 10, \"title\": null, \"status\": \"TODO\", \"task_code\": \"SRQ-UAT-B-20260227205105\", \"task_link\": null, \"created_at\": \"2026-02-27 13:51:05\", \"created_by\": 4, \"request_id\": 2457477, \"sort_order\": 0, \"updated_at\": \"2026-02-27 13:51:05\", \"updated_by\": 4}], \"status\": \"NEW\", \"summary\": \"UAT Ref Target B 20260227205105\", \"due_date\": null, \"priority\": \"MEDIUM\", \"noti_date\": null, \"task_link\": null, \"created_at\": \"2026-02-27 13:51:05\", \"created_by\": 4, \"deleted_at\": null, \"product_id\": null, \"project_id\": null, \"task_count\": 1, \"updated_at\": \"2026-02-27 13:51:05\", \"updated_by\": 4, \"assignee_id\": null, \"customer_id\": 98, \"hotfix_date\": null, \"ticket_code\": \"SRQ-UAT-B-20260227205105\", \"product_code\": null, \"product_name\": null, \"project_code\": null, \"project_name\": null, \"assignee_code\": null, \"assignee_name\": null, \"customer_code\": \"93017\", \"customer_name\": \"Trạm Y tế Xã Hỏa Tiế渁\", \"receiver_code\": null, \"receiver_name\": null, \"reporter_name\": null, \"resolved_date\": null, \"requested_date\": \"2026-02-27\", \"project_item_id\": null, \"receiver_user_id\": null, \"reference_status\": \"NEW\", \"service_group_id\": null, \"assignee_username\": null, \"receiver_username\": null, \"reference_summary\": \"UAT Ref Source A 20260227205105\", \"service_group_name\": null, \"reporter_contact_id\": null, \"reference_request_id\": 2457476, \"reference_ticket_code\": \"SRQ-UAT-A-20260227205105\", \"reporter_contact_name\": null, \"reporter_contact_email\": null, \"reporter_contact_phone\": null}','http://127.0.0.1:8000/api/v5/support-requests','127.0.0.1','curl/8.7.1','2026-02-27 13:51:05',4),(44,'fc19ed5e-7ed9-4ba2-8b90-84c8199ddbc3','INSERT','support_requests',2457478,NULL,'{\"id\": 2457478, \"notes\": null, \"tasks\": [{\"id\": 11, \"title\": null, \"status\": \"TODO\", \"task_code\": \"SRQ-UAT-C-20260227205105\", \"task_link\": null, \"created_at\": \"2026-02-27 13:51:06\", \"created_by\": 4, \"request_id\": 2457478, \"sort_order\": 0, \"updated_at\": \"2026-02-27 13:51:06\", \"updated_by\": 4}], \"status\": \"NEW\", \"summary\": \"UAT Ref Source C 20260227205105\", \"due_date\": null, \"priority\": \"MEDIUM\", \"noti_date\": null, \"task_link\": null, \"created_at\": \"2026-02-27 13:51:06\", \"created_by\": 4, \"deleted_at\": null, \"product_id\": null, \"project_id\": null, \"task_count\": 1, \"updated_at\": \"2026-02-27 13:51:06\", \"updated_by\": 4, \"assignee_id\": null, \"customer_id\": 98, \"hotfix_date\": null, \"ticket_code\": \"SRQ-UAT-C-20260227205105\", \"product_code\": null, \"product_name\": null, \"project_code\": null, \"project_name\": null, \"assignee_code\": null, \"assignee_name\": null, \"customer_code\": \"93017\", \"customer_name\": \"Trạm Y tế Xã Hỏa Tiế渁\", \"receiver_code\": null, \"receiver_name\": null, \"reporter_name\": null, \"resolved_date\": null, \"requested_date\": \"2026-02-27\", \"project_item_id\": null, \"receiver_user_id\": null, \"reference_status\": null, \"service_group_id\": null, \"assignee_username\": null, \"receiver_username\": null, \"reference_summary\": null, \"service_group_name\": null, \"reporter_contact_id\": null, \"reference_request_id\": null, \"reference_ticket_code\": null, \"reporter_contact_name\": null, \"reporter_contact_email\": null, \"reporter_contact_phone\": null}','http://127.0.0.1:8000/api/v5/support-requests','127.0.0.1','curl/8.7.1','2026-02-27 13:51:06',4),(45,'e7145f32-57d4-4d88-a8f6-cac076c328b5','UPDATE','support_requests',2457477,'{\"id\": 2457477, \"notes\": null, \"status\": \"NEW\", \"summary\": \"UAT Ref Target B 20260227205105\", \"due_date\": null, \"priority\": \"MEDIUM\", \"noti_date\": null, \"task_link\": null, \"created_at\": \"2026-02-27 13:51:05\", \"created_by\": 4, \"deleted_at\": null, \"product_id\": null, \"project_id\": null, \"updated_at\": \"2026-02-27 13:51:05\", \"updated_by\": 4, \"assignee_id\": null, \"customer_id\": 98, \"hotfix_date\": null, \"ticket_code\": \"SRQ-UAT-B-20260227205105\", \"reporter_name\": null, \"resolved_date\": null, \"requested_date\": \"2026-02-27\", \"project_item_id\": null, \"receiver_user_id\": null, \"service_group_id\": null, \"reporter_contact_id\": null, \"reference_request_id\": 2457476, \"reference_ticket_code\": \"SRQ-UAT-A-20260227205105\"}','{\"id\": 2457477, \"notes\": null, \"tasks\": [{\"id\": 10, \"title\": null, \"status\": \"TODO\", \"task_code\": \"SRQ-UAT-B-20260227205105\", \"task_link\": null, \"created_at\": \"2026-02-27 13:51:05\", \"created_by\": 4, \"request_id\": 2457477, \"sort_order\": 0, \"updated_at\": \"2026-02-27 13:51:05\", \"updated_by\": 4}], \"status\": \"NEW\", \"summary\": \"UAT Ref Target B 20260227205105\", \"due_date\": null, \"priority\": \"MEDIUM\", \"noti_date\": null, \"task_link\": null, \"created_at\": \"2026-02-27 13:51:05\", \"created_by\": 4, \"deleted_at\": null, \"product_id\": null, \"project_id\": null, \"task_count\": 1, \"updated_at\": \"2026-02-27 13:51:06\", \"updated_by\": 4, \"assignee_id\": null, \"customer_id\": 98, \"hotfix_date\": null, \"ticket_code\": \"SRQ-UAT-B-20260227205105\", \"product_code\": null, \"product_name\": null, \"project_code\": null, \"project_name\": null, \"assignee_code\": null, \"assignee_name\": null, \"customer_code\": \"93017\", \"customer_name\": \"Trạm Y tế Xã Hỏa Tiế渁\", \"receiver_code\": null, \"receiver_name\": null, \"reporter_name\": null, \"resolved_date\": null, \"requested_date\": \"2026-02-27\", \"project_item_id\": null, \"receiver_user_id\": null, \"reference_status\": \"NEW\", \"service_group_id\": null, \"assignee_username\": null, \"receiver_username\": null, \"reference_summary\": \"UAT Ref Source C 20260227205105\", \"service_group_name\": null, \"reporter_contact_id\": null, \"reference_request_id\": 2457478, \"reference_ticket_code\": \"SRQ-UAT-C-20260227205105\", \"reporter_contact_name\": null, \"reporter_contact_email\": null, \"reporter_contact_phone\": null}','http://127.0.0.1:8000/api/v5/support-requests/2457477','127.0.0.1','curl/8.7.1','2026-02-27 13:51:06',4),(46,'8285d94d-7256-4037-bf8c-8e9833a6e8af','INSERT','support_requests',2457479,NULL,'{\"id\": 2457479, \"notes\": null, \"tasks\": [{\"id\": 12, \"title\": null, \"status\": \"TODO\", \"task_code\": \"SRQ-UAT-BULK1-20260227205105\", \"task_link\": null, \"created_at\": \"2026-02-27 13:51:07\", \"created_by\": 4, \"request_id\": 2457479, \"sort_order\": 0, \"updated_at\": \"2026-02-27 13:51:07\", \"updated_by\": 4}], \"status\": \"NEW\", \"summary\": \"Bulk valid 20260227205105\", \"due_date\": null, \"priority\": \"MEDIUM\", \"noti_date\": null, \"task_link\": null, \"created_at\": \"2026-02-27 13:51:07\", \"created_by\": 4, \"deleted_at\": null, \"product_id\": null, \"project_id\": null, \"task_count\": 1, \"updated_at\": \"2026-02-27 13:51:07\", \"updated_by\": 4, \"assignee_id\": null, \"customer_id\": 98, \"hotfix_date\": null, \"ticket_code\": \"SRQ-UAT-BULK1-20260227205105\", \"product_code\": null, \"product_name\": null, \"project_code\": null, \"project_name\": null, \"assignee_code\": null, \"assignee_name\": null, \"customer_code\": \"93017\", \"customer_name\": \"Trạm Y tế Xã Hỏa Tiế渁\", \"receiver_code\": null, \"receiver_name\": null, \"reporter_name\": null, \"resolved_date\": null, \"requested_date\": \"2026-02-27\", \"project_item_id\": null, \"receiver_user_id\": null, \"reference_status\": \"NEW\", \"service_group_id\": null, \"assignee_username\": null, \"receiver_username\": null, \"reference_summary\": \"UAT Ref Source A 20260227205105\", \"service_group_name\": null, \"reporter_contact_id\": null, \"reference_request_id\": 2457476, \"reference_ticket_code\": \"SRQ-UAT-A-20260227205105\", \"reporter_contact_name\": null, \"reporter_contact_email\": null, \"reporter_contact_phone\": null}','http://localhost/api/v5/support-requests','127.0.0.1','Symfony','2026-02-27 13:51:07',4),(47,'0f0e8654-f0e3-4540-84ca-b67e11591747','INSERT','support_requests',2457480,NULL,'{\"id\": 2457480, \"notes\": null, \"tasks\": [{\"id\": 13, \"title\": null, \"status\": \"TODO\", \"task_code\": \"SRQ-UAT3-A-20260227205632\", \"task_link\": null, \"created_at\": \"2026-02-27 13:56:33\", \"created_by\": 4, \"request_id\": 2457480, \"sort_order\": 0, \"updated_at\": \"2026-02-27 13:56:33\", \"updated_by\": 4}], \"status\": \"NEW\", \"summary\": \"A 20260227205632\", \"due_date\": null, \"priority\": \"MEDIUM\", \"noti_date\": null, \"task_link\": null, \"created_at\": \"2026-02-27 13:56:33\", \"created_by\": 4, \"deleted_at\": null, \"product_id\": null, \"project_id\": null, \"task_count\": 1, \"updated_at\": \"2026-02-27 13:56:33\", \"updated_by\": 4, \"assignee_id\": null, \"customer_id\": 98, \"hotfix_date\": null, \"ticket_code\": \"SRQ-UAT3-A-20260227205632\", \"product_code\": null, \"product_name\": null, \"project_code\": null, \"project_name\": null, \"assignee_code\": null, \"assignee_name\": null, \"customer_code\": \"93017\", \"customer_name\": \"Trạm Y tế Xã Hỏa Tiế渁\", \"receiver_code\": null, \"receiver_name\": null, \"reporter_name\": null, \"resolved_date\": null, \"requested_date\": \"2026-02-27\", \"project_item_id\": null, \"receiver_user_id\": null, \"reference_status\": null, \"service_group_id\": null, \"assignee_username\": null, \"receiver_username\": null, \"reference_summary\": null, \"service_group_name\": null, \"reporter_contact_id\": null, \"reference_request_id\": null, \"reference_ticket_code\": null, \"reporter_contact_name\": null, \"reporter_contact_email\": null, \"reporter_contact_phone\": null}','http://127.0.0.1:8000/api/v5/support-requests','127.0.0.1','curl/8.7.1','2026-02-27 13:56:33',4),(48,'da7a6f70-4800-4c79-bd23-3d5abc089eab','INSERT','support_requests',2457481,NULL,'{\"id\": 2457481, \"notes\": null, \"tasks\": [{\"id\": 14, \"title\": null, \"status\": \"TODO\", \"task_code\": \"SRQ-UAT3-BULK1-20260227205632\", \"task_link\": null, \"created_at\": \"2026-02-27 13:56:33\", \"created_by\": 4, \"request_id\": 2457481, \"sort_order\": 0, \"updated_at\": \"2026-02-27 13:56:33\", \"updated_by\": 4}], \"status\": \"NEW\", \"summary\": \"Bulk valid 20260227205632\", \"due_date\": null, \"priority\": \"MEDIUM\", \"noti_date\": null, \"task_link\": null, \"created_at\": \"2026-02-27 13:56:33\", \"created_by\": 4, \"deleted_at\": null, \"product_id\": null, \"project_id\": null, \"task_count\": 1, \"updated_at\": \"2026-02-27 13:56:33\", \"updated_by\": 4, \"assignee_id\": null, \"customer_id\": 98, \"hotfix_date\": null, \"ticket_code\": \"SRQ-UAT3-BULK1-20260227205632\", \"product_code\": null, \"product_name\": null, \"project_code\": null, \"project_name\": null, \"assignee_code\": null, \"assignee_name\": null, \"customer_code\": \"93017\", \"customer_name\": \"Trạm Y tế Xã Hỏa Tiế渁\", \"receiver_code\": null, \"receiver_name\": null, \"reporter_name\": null, \"resolved_date\": null, \"requested_date\": \"2026-02-27\", \"project_item_id\": null, \"receiver_user_id\": null, \"reference_status\": \"NEW\", \"service_group_id\": null, \"assignee_username\": null, \"receiver_username\": null, \"reference_summary\": \"A 20260227205632\", \"service_group_name\": null, \"reporter_contact_id\": null, \"reference_request_id\": 2457480, \"reference_ticket_code\": \"SRQ-UAT3-A-20260227205632\", \"reporter_contact_name\": null, \"reporter_contact_email\": null, \"reporter_contact_phone\": null}','http://localhost/api/v5/support-requests','127.0.0.1','Symfony','2026-02-27 13:56:33',4),(49,'215feac8-a6bd-4104-a58d-ca374e99fb3d','INSERT','support_requests',2457482,NULL,'{\"id\": 2457482, \"notes\": null, \"tasks\": [{\"id\": 15, \"title\": null, \"status\": \"TODO\", \"task_code\": \"SRQ-UAT-A-20260227205735\", \"task_link\": null, \"created_at\": \"2026-02-27 13:57:35\", \"created_by\": 4, \"request_id\": 2457482, \"sort_order\": 0, \"updated_at\": \"2026-02-27 13:57:35\", \"updated_by\": 4}], \"status\": \"NEW\", \"summary\": \"UAT Ref Source A 20260227205735\", \"due_date\": null, \"priority\": \"MEDIUM\", \"noti_date\": null, \"task_link\": null, \"created_at\": \"2026-02-27 13:57:35\", \"created_by\": 4, \"deleted_at\": null, \"product_id\": null, \"project_id\": null, \"task_count\": 1, \"updated_at\": \"2026-02-27 13:57:35\", \"updated_by\": 4, \"assignee_id\": null, \"customer_id\": 98, \"hotfix_date\": null, \"ticket_code\": \"SRQ-UAT-A-20260227205735\", \"product_code\": null, \"product_name\": null, \"project_code\": null, \"project_name\": null, \"assignee_code\": null, \"assignee_name\": null, \"customer_code\": \"93017\", \"customer_name\": \"Trạm Y tế Xã Hỏa Tiế渁\", \"receiver_code\": null, \"receiver_name\": null, \"reporter_name\": null, \"resolved_date\": null, \"requested_date\": \"2026-02-27\", \"project_item_id\": null, \"receiver_user_id\": null, \"reference_status\": null, \"service_group_id\": null, \"assignee_username\": null, \"receiver_username\": null, \"reference_summary\": null, \"service_group_name\": null, \"reporter_contact_id\": null, \"reference_request_id\": null, \"reference_ticket_code\": null, \"reporter_contact_name\": null, \"reporter_contact_email\": null, \"reporter_contact_phone\": null}','http://127.0.0.1:8000/api/v5/support-requests','127.0.0.1','curl/8.7.1','2026-02-27 13:57:35',4),(50,'417cb1e9-134e-4345-b01f-43bfa6809d8e','INSERT','support_requests',2457483,NULL,'{\"id\": 2457483, \"notes\": null, \"tasks\": [{\"id\": 16, \"title\": null, \"status\": \"TODO\", \"task_code\": \"SRQ-UAT-B-20260227205735\", \"task_link\": null, \"created_at\": \"2026-02-27 13:57:35\", \"created_by\": 4, \"request_id\": 2457483, \"sort_order\": 0, \"updated_at\": \"2026-02-27 13:57:35\", \"updated_by\": 4}], \"status\": \"NEW\", \"summary\": \"UAT Ref Target B 20260227205735\", \"due_date\": null, \"priority\": \"MEDIUM\", \"noti_date\": null, \"task_link\": null, \"created_at\": \"2026-02-27 13:57:35\", \"created_by\": 4, \"deleted_at\": null, \"product_id\": null, \"project_id\": null, \"task_count\": 1, \"updated_at\": \"2026-02-27 13:57:35\", \"updated_by\": 4, \"assignee_id\": null, \"customer_id\": 98, \"hotfix_date\": null, \"ticket_code\": \"SRQ-UAT-B-20260227205735\", \"product_code\": null, \"product_name\": null, \"project_code\": null, \"project_name\": null, \"assignee_code\": null, \"assignee_name\": null, \"customer_code\": \"93017\", \"customer_name\": \"Trạm Y tế Xã Hỏa Tiế渁\", \"receiver_code\": null, \"receiver_name\": null, \"reporter_name\": null, \"resolved_date\": null, \"requested_date\": \"2026-02-27\", \"project_item_id\": null, \"receiver_user_id\": null, \"reference_status\": \"NEW\", \"service_group_id\": null, \"assignee_username\": null, \"receiver_username\": null, \"reference_summary\": \"UAT Ref Source A 20260227205735\", \"service_group_name\": null, \"reporter_contact_id\": null, \"reference_request_id\": 2457482, \"reference_ticket_code\": \"SRQ-UAT-A-20260227205735\", \"reporter_contact_name\": null, \"reporter_contact_email\": null, \"reporter_contact_phone\": null}','http://127.0.0.1:8000/api/v5/support-requests','127.0.0.1','curl/8.7.1','2026-02-27 13:57:35',4),(51,'043f75e6-423b-4f55-9770-f426da2eb60a','INSERT','support_requests',2457484,NULL,'{\"id\": 2457484, \"notes\": null, \"tasks\": [{\"id\": 17, \"title\": null, \"status\": \"TODO\", \"task_code\": \"SRQ-UAT-C-20260227205735\", \"task_link\": null, \"created_at\": \"2026-02-27 13:57:36\", \"created_by\": 4, \"request_id\": 2457484, \"sort_order\": 0, \"updated_at\": \"2026-02-27 13:57:36\", \"updated_by\": 4}], \"status\": \"NEW\", \"summary\": \"UAT Ref Source C 20260227205735\", \"due_date\": null, \"priority\": \"MEDIUM\", \"noti_date\": null, \"task_link\": null, \"created_at\": \"2026-02-27 13:57:36\", \"created_by\": 4, \"deleted_at\": null, \"product_id\": null, \"project_id\": null, \"task_count\": 1, \"updated_at\": \"2026-02-27 13:57:36\", \"updated_by\": 4, \"assignee_id\": null, \"customer_id\": 98, \"hotfix_date\": null, \"ticket_code\": \"SRQ-UAT-C-20260227205735\", \"product_code\": null, \"product_name\": null, \"project_code\": null, \"project_name\": null, \"assignee_code\": null, \"assignee_name\": null, \"customer_code\": \"93017\", \"customer_name\": \"Trạm Y tế Xã Hỏa Tiế渁\", \"receiver_code\": null, \"receiver_name\": null, \"reporter_name\": null, \"resolved_date\": null, \"requested_date\": \"2026-02-27\", \"project_item_id\": null, \"receiver_user_id\": null, \"reference_status\": null, \"service_group_id\": null, \"assignee_username\": null, \"receiver_username\": null, \"reference_summary\": null, \"service_group_name\": null, \"reporter_contact_id\": null, \"reference_request_id\": null, \"reference_ticket_code\": null, \"reporter_contact_name\": null, \"reporter_contact_email\": null, \"reporter_contact_phone\": null}','http://127.0.0.1:8000/api/v5/support-requests','127.0.0.1','curl/8.7.1','2026-02-27 13:57:36',4),(52,'d5179a23-d851-4e9f-8246-f951622c9698','UPDATE','support_requests',2457483,'{\"id\": 2457483, \"notes\": null, \"status\": \"NEW\", \"summary\": \"UAT Ref Target B 20260227205735\", \"due_date\": null, \"priority\": \"MEDIUM\", \"noti_date\": null, \"task_link\": null, \"created_at\": \"2026-02-27 13:57:35\", \"created_by\": 4, \"deleted_at\": null, \"product_id\": null, \"project_id\": null, \"updated_at\": \"2026-02-27 13:57:35\", \"updated_by\": 4, \"assignee_id\": null, \"customer_id\": 98, \"hotfix_date\": null, \"ticket_code\": \"SRQ-UAT-B-20260227205735\", \"reporter_name\": null, \"resolved_date\": null, \"requested_date\": \"2026-02-27\", \"project_item_id\": null, \"receiver_user_id\": null, \"service_group_id\": null, \"reporter_contact_id\": null, \"reference_request_id\": 2457482, \"reference_ticket_code\": \"SRQ-UAT-A-20260227205735\"}','{\"id\": 2457483, \"notes\": null, \"tasks\": [{\"id\": 16, \"title\": null, \"status\": \"TODO\", \"task_code\": \"SRQ-UAT-B-20260227205735\", \"task_link\": null, \"created_at\": \"2026-02-27 13:57:35\", \"created_by\": 4, \"request_id\": 2457483, \"sort_order\": 0, \"updated_at\": \"2026-02-27 13:57:35\", \"updated_by\": 4}], \"status\": \"NEW\", \"summary\": \"UAT Ref Target B 20260227205735\", \"due_date\": null, \"priority\": \"MEDIUM\", \"noti_date\": null, \"task_link\": null, \"created_at\": \"2026-02-27 13:57:35\", \"created_by\": 4, \"deleted_at\": null, \"product_id\": null, \"project_id\": null, \"task_count\": 1, \"updated_at\": \"2026-02-27 13:57:36\", \"updated_by\": 4, \"assignee_id\": null, \"customer_id\": 98, \"hotfix_date\": null, \"ticket_code\": \"SRQ-UAT-B-20260227205735\", \"product_code\": null, \"product_name\": null, \"project_code\": null, \"project_name\": null, \"assignee_code\": null, \"assignee_name\": null, \"customer_code\": \"93017\", \"customer_name\": \"Trạm Y tế Xã Hỏa Tiế渁\", \"receiver_code\": null, \"receiver_name\": null, \"reporter_name\": null, \"resolved_date\": null, \"requested_date\": \"2026-02-27\", \"project_item_id\": null, \"receiver_user_id\": null, \"reference_status\": \"NEW\", \"service_group_id\": null, \"assignee_username\": null, \"receiver_username\": null, \"reference_summary\": \"UAT Ref Source C 20260227205735\", \"service_group_name\": null, \"reporter_contact_id\": null, \"reference_request_id\": 2457484, \"reference_ticket_code\": \"SRQ-UAT-C-20260227205735\", \"reporter_contact_name\": null, \"reporter_contact_email\": null, \"reporter_contact_phone\": null}','http://127.0.0.1:8000/api/v5/support-requests/2457483','127.0.0.1','curl/8.7.1','2026-02-27 13:57:36',4),(53,'6a6aa72c-4911-4adb-a351-f2ae69f08538','INSERT','support_requests',2457485,NULL,'{\"id\": 2457485, \"notes\": null, \"tasks\": [{\"id\": 18, \"title\": null, \"status\": \"TODO\", \"task_code\": \"SRQ-UAT-BULK1-20260227205735\", \"task_link\": null, \"created_at\": \"2026-02-27 13:57:37\", \"created_by\": 4, \"request_id\": 2457485, \"sort_order\": 0, \"updated_at\": \"2026-02-27 13:57:37\", \"updated_by\": 4}], \"status\": \"NEW\", \"summary\": \"Bulk valid 20260227205735\", \"due_date\": null, \"priority\": \"MEDIUM\", \"noti_date\": null, \"task_link\": null, \"created_at\": \"2026-02-27 13:57:37\", \"created_by\": 4, \"deleted_at\": null, \"product_id\": null, \"project_id\": null, \"task_count\": 1, \"updated_at\": \"2026-02-27 13:57:37\", \"updated_by\": 4, \"assignee_id\": null, \"customer_id\": 98, \"hotfix_date\": null, \"ticket_code\": \"SRQ-UAT-BULK1-20260227205735\", \"product_code\": null, \"product_name\": null, \"project_code\": null, \"project_name\": null, \"assignee_code\": null, \"assignee_name\": null, \"customer_code\": \"93017\", \"customer_name\": \"Trạm Y tế Xã Hỏa Tiế渁\", \"receiver_code\": null, \"receiver_name\": null, \"reporter_name\": null, \"resolved_date\": null, \"requested_date\": \"2026-02-27\", \"project_item_id\": null, \"receiver_user_id\": null, \"reference_status\": \"NEW\", \"service_group_id\": null, \"assignee_username\": null, \"receiver_username\": null, \"reference_summary\": \"UAT Ref Source A 20260227205735\", \"service_group_name\": null, \"reporter_contact_id\": null, \"reference_request_id\": 2457482, \"reference_ticket_code\": \"SRQ-UAT-A-20260227205735\", \"reporter_contact_name\": null, \"reporter_contact_email\": null, \"reporter_contact_phone\": null}','http://localhost/api/v5/support-requests','127.0.0.1','Symfony','2026-02-27 13:57:37',4),(54,'d466510b-20fe-4f3c-9ffb-382fadfb1cd9','INSERT','support_requests',2457486,NULL,'{\"id\": 2457486, \"notes\": null, \"tasks\": [{\"id\": 19, \"title\": null, \"status\": \"TODO\", \"task_code\": \"SRQ-UAT-UI-A-20260227211007\", \"task_link\": null, \"created_at\": \"2026-02-27 14:10:07\", \"created_by\": 4, \"request_id\": 2457486, \"sort_order\": 0, \"updated_at\": \"2026-02-27 14:10:07\", \"updated_by\": 4}], \"status\": \"NEW\", \"summary\": \"UAT UI Ref Source A 20260227211007\", \"due_date\": null, \"priority\": \"MEDIUM\", \"noti_date\": null, \"task_link\": null, \"created_at\": \"2026-02-27 14:10:07\", \"created_by\": 4, \"deleted_at\": null, \"product_id\": null, \"project_id\": null, \"task_count\": 1, \"updated_at\": \"2026-02-27 14:10:07\", \"updated_by\": 4, \"assignee_id\": null, \"customer_id\": 98, \"hotfix_date\": null, \"ticket_code\": \"SRQ-UAT-UI-A-20260227211007\", \"product_code\": null, \"product_name\": null, \"project_code\": null, \"project_name\": null, \"assignee_code\": null, \"assignee_name\": null, \"customer_code\": \"93017\", \"customer_name\": \"Trạm Y tế Xã Hỏa Tiế渁\", \"receiver_code\": null, \"receiver_name\": null, \"reporter_name\": null, \"resolved_date\": null, \"requested_date\": \"2026-02-27\", \"project_item_id\": null, \"receiver_user_id\": null, \"reference_status\": null, \"service_group_id\": null, \"assignee_username\": null, \"receiver_username\": null, \"reference_summary\": null, \"service_group_name\": null, \"reporter_contact_id\": null, \"reference_request_id\": null, \"reference_ticket_code\": null, \"reporter_contact_name\": null, \"reporter_contact_email\": null, \"reporter_contact_phone\": null}','http://127.0.0.1:8000/api/v5/support-requests','127.0.0.1','curl/8.7.1','2026-02-27 14:10:07',4),(55,'84519ecf-a1cd-4bfd-845c-8a98574ca212','INSERT','support_requests',2457487,NULL,'{\"id\": 2457487, \"notes\": null, \"tasks\": [{\"id\": 20, \"title\": null, \"status\": \"TODO\", \"task_code\": \"SRQ-UAT-UI-B-20260227211007\", \"task_link\": null, \"created_at\": \"2026-02-27 14:10:07\", \"created_by\": 4, \"request_id\": 2457487, \"sort_order\": 0, \"updated_at\": \"2026-02-27 14:10:07\", \"updated_by\": 4}], \"status\": \"NEW\", \"summary\": \"UAT UI Ref Target B 20260227211007\", \"due_date\": null, \"priority\": \"MEDIUM\", \"noti_date\": null, \"task_link\": null, \"created_at\": \"2026-02-27 14:10:07\", \"created_by\": 4, \"deleted_at\": null, \"product_id\": null, \"project_id\": null, \"task_count\": 1, \"updated_at\": \"2026-02-27 14:10:07\", \"updated_by\": 4, \"assignee_id\": null, \"customer_id\": 98, \"hotfix_date\": null, \"ticket_code\": \"SRQ-UAT-UI-B-20260227211007\", \"product_code\": null, \"product_name\": null, \"project_code\": null, \"project_name\": null, \"assignee_code\": null, \"assignee_name\": null, \"customer_code\": \"93017\", \"customer_name\": \"Trạm Y tế Xã Hỏa Tiế渁\", \"receiver_code\": null, \"receiver_name\": null, \"reporter_name\": null, \"resolved_date\": null, \"requested_date\": \"2026-02-27\", \"project_item_id\": null, \"receiver_user_id\": null, \"reference_status\": \"NEW\", \"service_group_id\": null, \"assignee_username\": null, \"receiver_username\": null, \"reference_summary\": \"UAT UI Ref Source A 20260227211007\", \"service_group_name\": null, \"reporter_contact_id\": null, \"reference_request_id\": 2457486, \"reference_ticket_code\": \"SRQ-UAT-UI-A-20260227211007\", \"reporter_contact_name\": null, \"reporter_contact_email\": null, \"reporter_contact_phone\": null}','http://127.0.0.1:8000/api/v5/support-requests','127.0.0.1','curl/8.7.1','2026-02-27 14:10:07',4),(56,'8fb03a7b-610d-4b97-8ffe-44d665fc2109','INSERT','support_requests',2457488,NULL,'{\"id\": 2457488, \"notes\": null, \"tasks\": [{\"id\": 21, \"title\": null, \"status\": \"TODO\", \"task_code\": \"SRQ-UAT-UI-C-20260227211007\", \"task_link\": null, \"created_at\": \"2026-02-27 14:10:08\", \"created_by\": 4, \"request_id\": 2457488, \"sort_order\": 0, \"updated_at\": \"2026-02-27 14:10:08\", \"updated_by\": 4}], \"status\": \"NEW\", \"summary\": \"UAT UI Ref Source C 20260227211007\", \"due_date\": null, \"priority\": \"MEDIUM\", \"noti_date\": null, \"task_link\": null, \"created_at\": \"2026-02-27 14:10:08\", \"created_by\": 4, \"deleted_at\": null, \"product_id\": null, \"project_id\": null, \"task_count\": 1, \"updated_at\": \"2026-02-27 14:10:08\", \"updated_by\": 4, \"assignee_id\": null, \"customer_id\": 98, \"hotfix_date\": null, \"ticket_code\": \"SRQ-UAT-UI-C-20260227211007\", \"product_code\": null, \"product_name\": null, \"project_code\": null, \"project_name\": null, \"assignee_code\": null, \"assignee_name\": null, \"customer_code\": \"93017\", \"customer_name\": \"Trạm Y tế Xã Hỏa Tiế渁\", \"receiver_code\": null, \"receiver_name\": null, \"reporter_name\": null, \"resolved_date\": null, \"requested_date\": \"2026-02-27\", \"project_item_id\": null, \"receiver_user_id\": null, \"reference_status\": null, \"service_group_id\": null, \"assignee_username\": null, \"receiver_username\": null, \"reference_summary\": null, \"service_group_name\": null, \"reporter_contact_id\": null, \"reference_request_id\": null, \"reference_ticket_code\": null, \"reporter_contact_name\": null, \"reporter_contact_email\": null, \"reporter_contact_phone\": null}','http://127.0.0.1:8000/api/v5/support-requests','127.0.0.1','curl/8.7.1','2026-02-27 14:10:08',4),(57,'94caf585-92e3-4422-9d1e-9e6c29293983','UPDATE','support_requests',2457487,'{\"id\": 2457487, \"notes\": null, \"status\": \"NEW\", \"summary\": \"UAT UI Ref Target B 20260227211007\", \"due_date\": null, \"priority\": \"MEDIUM\", \"noti_date\": null, \"task_link\": null, \"created_at\": \"2026-02-27 14:10:07\", \"created_by\": 4, \"deleted_at\": null, \"product_id\": null, \"project_id\": null, \"updated_at\": \"2026-02-27 14:10:07\", \"updated_by\": 4, \"assignee_id\": null, \"customer_id\": 98, \"hotfix_date\": null, \"ticket_code\": \"SRQ-UAT-UI-B-20260227211007\", \"reporter_name\": null, \"resolved_date\": null, \"requested_date\": \"2026-02-27\", \"project_item_id\": null, \"receiver_user_id\": null, \"service_group_id\": null, \"reporter_contact_id\": null, \"reference_request_id\": 2457486, \"reference_ticket_code\": \"SRQ-UAT-UI-A-20260227211007\"}','{\"id\": 2457487, \"notes\": null, \"tasks\": [{\"id\": 20, \"title\": null, \"status\": \"TODO\", \"task_code\": \"SRQ-UAT-UI-B-20260227211007\", \"task_link\": null, \"created_at\": \"2026-02-27 14:10:07\", \"created_by\": 4, \"request_id\": 2457487, \"sort_order\": 0, \"updated_at\": \"2026-02-27 14:10:07\", \"updated_by\": 4}], \"status\": \"NEW\", \"summary\": \"UAT UI Ref Target B 20260227211007\", \"due_date\": null, \"priority\": \"MEDIUM\", \"noti_date\": null, \"task_link\": null, \"created_at\": \"2026-02-27 14:10:07\", \"created_by\": 4, \"deleted_at\": null, \"product_id\": null, \"project_id\": null, \"task_count\": 1, \"updated_at\": \"2026-02-27 14:10:08\", \"updated_by\": 4, \"assignee_id\": null, \"customer_id\": 98, \"hotfix_date\": null, \"ticket_code\": \"SRQ-UAT-UI-B-20260227211007\", \"product_code\": null, \"product_name\": null, \"project_code\": null, \"project_name\": null, \"assignee_code\": null, \"assignee_name\": null, \"customer_code\": \"93017\", \"customer_name\": \"Trạm Y tế Xã Hỏa Tiế渁\", \"receiver_code\": null, \"receiver_name\": null, \"reporter_name\": null, \"resolved_date\": null, \"requested_date\": \"2026-02-27\", \"project_item_id\": null, \"receiver_user_id\": null, \"reference_status\": \"NEW\", \"service_group_id\": null, \"assignee_username\": null, \"receiver_username\": null, \"reference_summary\": \"UAT UI Ref Source C 20260227211007\", \"service_group_name\": null, \"reporter_contact_id\": null, \"reference_request_id\": 2457488, \"reference_ticket_code\": \"SRQ-UAT-UI-C-20260227211007\", \"reporter_contact_name\": null, \"reporter_contact_email\": null, \"reporter_contact_phone\": null}','http://127.0.0.1:8000/api/v5/support-requests/2457487','127.0.0.1','curl/8.7.1','2026-02-27 14:10:08',4),(23,'b2b0ab9a-1558-11f1-8c5f-24a3c6f67e95','INSERT','support_requests',2457469,NULL,'{\"id\": 2457469, \"notes\": null, \"status\": \"NEW\", \"summary\": \"SMOKE TEST SUPPORT REQUEST\", \"due_date\": null, \"priority\": \"MEDIUM\", \"noti_date\": null, \"task_link\": null, \"test_note\": null, \"change_log\": null, \"created_at\": \"2026-02-27 01:40:50\", \"created_by\": 1, \"deleted_at\": null, \"product_id\": 1, \"project_id\": 1, \"updated_at\": \"2026-02-27 01:40:50\", \"updated_by\": 1, \"assignee_id\": null, \"customer_id\": 1, \"hotfix_date\": null, \"ticket_code\": null, \"product_code\": \"VNPT_HIS\", \"product_name\": \"Giải pháp VNPT HIS\", \"project_code\": \"DA001\", \"project_name\": \"Dự án VNPT HIS - Vietcombank\", \"assignee_code\": null, \"assignee_name\": null, \"customer_code\": \"KH001\", \"customer_name\": \"Ngân hàng Vietcombank\", \"reporter_name\": null, \"resolved_date\": null, \"requested_date\": \"2026-02-27\", \"project_item_id\": 1, \"service_group_id\": null, \"assignee_username\": null, \"service_group_name\": null}','http://localhost/api/v5/support-requests','127.0.0.1','Symfony','2026-03-01 17:23:32',1),(24,'b2b0b07c-1558-11f1-8c5f-24a3c6f67e95','UPDATE','support_requests',2457469,'{\"id\": 2457469, \"notes\": null, \"status\": \"NEW\", \"summary\": \"SMOKE TEST SUPPORT REQUEST\", \"due_date\": null, \"priority\": \"MEDIUM\", \"noti_date\": null, \"task_link\": null, \"test_note\": null, \"change_log\": null, \"created_at\": \"2026-02-27 01:40:50\", \"created_by\": 1, \"deleted_at\": null, \"product_id\": 1, \"project_id\": 1, \"updated_at\": \"2026-02-27 01:40:50\", \"updated_by\": 1, \"assignee_id\": null, \"customer_id\": 1, \"hotfix_date\": null, \"ticket_code\": null, \"reporter_name\": null, \"resolved_date\": null, \"requested_date\": \"2026-02-27\", \"project_item_id\": 1, \"service_group_id\": null}','{\"id\": 2457469, \"notes\": null, \"status\": \"IN_PROGRESS\", \"summary\": \"SMOKE TEST SUPPORT REQUEST\", \"due_date\": \"2026-02-28\", \"priority\": \"MEDIUM\", \"noti_date\": null, \"task_link\": null, \"test_note\": null, \"change_log\": null, \"created_at\": \"2026-02-27 01:40:50\", \"created_by\": 1, \"deleted_at\": null, \"product_id\": 1, \"project_id\": 1, \"updated_at\": \"2026-02-27 01:40:50\", \"updated_by\": 1, \"assignee_id\": null, \"customer_id\": 1, \"hotfix_date\": null, \"ticket_code\": null, \"product_code\": \"VNPT_HIS\", \"product_name\": \"Giải pháp VNPT HIS\", \"project_code\": \"DA001\", \"project_name\": \"Dự án VNPT HIS - Vietcombank\", \"assignee_code\": null, \"assignee_name\": null, \"customer_code\": \"KH001\", \"customer_name\": \"Ngân hàng Vietcombank\", \"reporter_name\": null, \"resolved_date\": \"2026-02-28\", \"requested_date\": \"2026-02-27\", \"project_item_id\": 1, \"service_group_id\": null, \"assignee_username\": null, \"service_group_name\": null}','http://localhost/api/v5/support-requests/2457469','127.0.0.1','Symfony','2026-03-01 17:23:32',1),(25,'b2b0b234-1558-11f1-8c5f-24a3c6f67e95','DELETE','support_requests',2457469,'{\"id\": 2457469, \"notes\": null, \"status\": \"IN_PROGRESS\", \"summary\": \"SMOKE TEST SUPPORT REQUEST\", \"due_date\": \"2026-02-28\", \"priority\": \"MEDIUM\", \"noti_date\": null, \"task_link\": null, \"test_note\": null, \"change_log\": null, \"created_at\": \"2026-02-27 01:40:50\", \"created_by\": 1, \"deleted_at\": null, \"product_id\": 1, \"project_id\": 1, \"updated_at\": \"2026-02-27 01:40:50\", \"updated_by\": 1, \"assignee_id\": null, \"customer_id\": 1, \"hotfix_date\": null, \"ticket_code\": null, \"reporter_name\": null, \"resolved_date\": \"2026-02-28\", \"requested_date\": \"2026-02-27\", \"project_item_id\": 1, \"service_group_id\": null}',NULL,'http://localhost/api/v5/support-requests/2457469','127.0.0.1','Symfony','2026-03-01 17:23:32',1),(26,'b2b0b360-1558-11f1-8c5f-24a3c6f67e95','INSERT','support_requests',2457470,NULL,'{\"id\": 2457470, \"notes\": null, \"status\": \"NEW\", \"summary\": \"SMOKE HISTORY GUARD\", \"due_date\": null, \"priority\": \"MEDIUM\", \"noti_date\": null, \"task_link\": null, \"test_note\": null, \"change_log\": null, \"created_at\": \"2026-02-27 01:59:56\", \"created_by\": 1, \"deleted_at\": null, \"product_id\": 1, \"project_id\": 1, \"updated_at\": \"2026-02-27 01:59:56\", \"updated_by\": 1, \"assignee_id\": null, \"customer_id\": 1, \"hotfix_date\": null, \"ticket_code\": null, \"product_code\": \"VNPT_HIS\", \"product_name\": \"Giải pháp VNPT HIS\", \"project_code\": \"DA001\", \"project_name\": \"Dự án VNPT HIS - Vietcombank\", \"assignee_code\": null, \"assignee_name\": null, \"customer_code\": \"KH001\", \"customer_name\": \"Ngân hàng Vietcombank\", \"reporter_name\": null, \"resolved_date\": null, \"requested_date\": \"2026-02-27\", \"project_item_id\": 1, \"service_group_id\": null, \"assignee_username\": null, \"service_group_name\": null}','http://localhost/api/v5/support-requests','127.0.0.1','Symfony','2026-03-01 17:23:32',1),(27,'b2b0b4b4-1558-11f1-8c5f-24a3c6f67e95','UPDATE','support_requests',2457470,'{\"id\": 2457470, \"notes\": null, \"status\": \"NEW\", \"summary\": \"SMOKE HISTORY GUARD\", \"due_date\": null, \"priority\": \"MEDIUM\", \"noti_date\": null, \"task_link\": null, \"test_note\": null, \"change_log\": null, \"created_at\": \"2026-02-27 01:59:56\", \"created_by\": 1, \"deleted_at\": null, \"product_id\": 1, \"project_id\": 1, \"updated_at\": \"2026-02-27 01:59:56\", \"updated_by\": 1, \"assignee_id\": null, \"customer_id\": 1, \"hotfix_date\": null, \"ticket_code\": null, \"reporter_name\": null, \"resolved_date\": null, \"requested_date\": \"2026-02-27\", \"project_item_id\": 1, \"service_group_id\": null}','{\"id\": 2457470, \"notes\": null, \"status\": \"NEW\", \"summary\": \"SMOKE HISTORY GUARD\", \"due_date\": null, \"priority\": \"MEDIUM\", \"noti_date\": null, \"task_link\": null, \"test_note\": null, \"change_log\": null, \"created_at\": \"2026-02-27 01:59:56\", \"created_by\": 1, \"deleted_at\": null, \"product_id\": 1, \"project_id\": 1, \"updated_at\": \"2026-02-27 01:59:56\", \"updated_by\": 1, \"assignee_id\": null, \"customer_id\": 1, \"hotfix_date\": null, \"ticket_code\": null, \"product_code\": \"VNPT_HIS\", \"product_name\": \"Giải pháp VNPT HIS\", \"project_code\": \"DA001\", \"project_name\": \"Dự án VNPT HIS - Vietcombank\", \"assignee_code\": null, \"assignee_name\": null, \"customer_code\": \"KH001\", \"customer_name\": \"Ngân hàng Vietcombank\", \"reporter_name\": null, \"resolved_date\": null, \"requested_date\": \"2026-02-27\", \"project_item_id\": 1, \"service_group_id\": null, \"assignee_username\": null, \"service_group_name\": null}','http://localhost/api/v5/support-requests/2457470/status','127.0.0.1','Symfony','2026-03-01 17:23:32',1),(28,'b2b0b626-1558-11f1-8c5f-24a3c6f67e95','UPDATE','support_requests',2457470,'{\"id\": 2457470, \"notes\": null, \"status\": \"NEW\", \"summary\": \"SMOKE HISTORY GUARD\", \"due_date\": null, \"priority\": \"MEDIUM\", \"noti_date\": null, \"task_link\": null, \"test_note\": null, \"change_log\": null, \"created_at\": \"2026-02-27 01:59:56\", \"created_by\": 1, \"deleted_at\": null, \"product_id\": 1, \"project_id\": 1, \"updated_at\": \"2026-02-27 01:59:56\", \"updated_by\": 1, \"assignee_id\": null, \"customer_id\": 1, \"hotfix_date\": null, \"ticket_code\": null, \"reporter_name\": null, \"resolved_date\": null, \"requested_date\": \"2026-02-27\", \"project_item_id\": 1, \"service_group_id\": null}','{\"id\": 2457470, \"notes\": null, \"status\": \"IN_PROGRESS\", \"summary\": \"SMOKE HISTORY GUARD\", \"due_date\": \"2026-02-28\", \"priority\": \"MEDIUM\", \"noti_date\": null, \"task_link\": null, \"test_note\": null, \"change_log\": null, \"created_at\": \"2026-02-27 01:59:56\", \"created_by\": 1, \"deleted_at\": null, \"product_id\": 1, \"project_id\": 1, \"updated_at\": \"2026-02-27 01:59:56\", \"updated_by\": 1, \"assignee_id\": null, \"customer_id\": 1, \"hotfix_date\": null, \"ticket_code\": null, \"product_code\": \"VNPT_HIS\", \"product_name\": \"Giải pháp VNPT HIS\", \"project_code\": \"DA001\", \"project_name\": \"Dự án VNPT HIS - Vietcombank\", \"assignee_code\": null, \"assignee_name\": null, \"customer_code\": \"KH001\", \"customer_name\": \"Ngân hàng Vietcombank\", \"reporter_name\": null, \"resolved_date\": \"2026-02-28\", \"requested_date\": \"2026-02-27\", \"project_item_id\": 1, \"service_group_id\": null, \"assignee_username\": null, \"service_group_name\": null}','http://localhost/api/v5/support-requests/2457470/status','127.0.0.1','Symfony','2026-03-01 17:23:32',1),(29,'b2b0b9b4-1558-11f1-8c5f-24a3c6f67e95','UPDATE','support_requests',2457470,'{\"id\": 2457470, \"notes\": null, \"status\": \"IN_PROGRESS\", \"summary\": \"SMOKE HISTORY GUARD\", \"due_date\": \"2026-02-28\", \"priority\": \"MEDIUM\", \"noti_date\": null, \"task_link\": null, \"test_note\": null, \"change_log\": null, \"created_at\": \"2026-02-27 01:59:56\", \"created_by\": 1, \"deleted_at\": null, \"product_id\": 1, \"project_id\": 1, \"updated_at\": \"2026-02-27 01:59:56\", \"updated_by\": 1, \"assignee_id\": null, \"customer_id\": 1, \"hotfix_date\": null, \"ticket_code\": null, \"reporter_name\": null, \"resolved_date\": \"2026-02-28\", \"requested_date\": \"2026-02-27\", \"project_item_id\": 1, \"service_group_id\": null}','{\"id\": 2457470, \"notes\": null, \"status\": \"IN_PROGRESS\", \"summary\": \"SMOKE HISTORY GUARD\", \"due_date\": \"2026-02-28\", \"priority\": \"MEDIUM\", \"noti_date\": null, \"task_link\": null, \"test_note\": null, \"change_log\": null, \"created_at\": \"2026-02-27 01:59:56\", \"created_by\": 1, \"deleted_at\": null, \"product_id\": 1, \"project_id\": 1, \"updated_at\": \"2026-02-27 01:59:56\", \"updated_by\": 1, \"assignee_id\": null, \"customer_id\": 1, \"hotfix_date\": null, \"ticket_code\": null, \"product_code\": \"VNPT_HIS\", \"product_name\": \"Giải pháp VNPT HIS\", \"project_code\": \"DA001\", \"project_name\": \"Dự án VNPT HIS - Vietcombank\", \"assignee_code\": null, \"assignee_name\": null, \"customer_code\": \"KH001\", \"customer_name\": \"Ngân hàng Vietcombank\", \"reporter_name\": null, \"resolved_date\": \"2026-02-28\", \"requested_date\": \"2026-02-27\", \"project_item_id\": 1, \"service_group_id\": null, \"assignee_username\": null, \"service_group_name\": null}','http://localhost/api/v5/support-requests/2457470/status','127.0.0.1','Symfony','2026-03-01 17:23:32',1),(30,'b2b0bc20-1558-11f1-8c5f-24a3c6f67e95','DELETE','support_requests',2457470,'{\"id\": 2457470, \"notes\": null, \"status\": \"IN_PROGRESS\", \"summary\": \"SMOKE HISTORY GUARD\", \"due_date\": \"2026-02-28\", \"priority\": \"MEDIUM\", \"noti_date\": null, \"task_link\": null, \"test_note\": null, \"change_log\": null, \"created_at\": \"2026-02-27 01:59:56\", \"created_by\": 1, \"deleted_at\": null, \"product_id\": 1, \"project_id\": 1, \"updated_at\": \"2026-02-27 01:59:56\", \"updated_by\": 1, \"assignee_id\": null, \"customer_id\": 1, \"hotfix_date\": null, \"ticket_code\": null, \"reporter_name\": null, \"resolved_date\": \"2026-02-28\", \"requested_date\": \"2026-02-27\", \"project_item_id\": 1, \"service_group_id\": null}',NULL,'http://localhost/api/v5/support-requests/2457470','127.0.0.1','Symfony','2026-03-01 17:23:32',1),(31,'b2b0bcb6-1558-11f1-8c5f-24a3c6f67e95','INSERT','support_requests',2457471,NULL,'{\"id\": 2457471, \"notes\": null, \"status\": \"NEW\", \"summary\": \"Cần xử lý\", \"due_date\": \"1999-02-27\", \"priority\": \"MEDIUM\", \"noti_date\": \"2026-02-27\", \"task_link\": null, \"created_at\": \"2026-02-27 03:14:12\", \"created_by\": 1, \"deleted_at\": null, \"product_id\": 2, \"project_id\": 96, \"updated_at\": \"2026-02-27 03:14:12\", \"updated_by\": 1, \"assignee_id\": 5, \"customer_id\": 50, \"hotfix_date\": \"2026-02-27\", \"ticket_code\": null, \"product_code\": \"SOC_MONITOR\", \"product_name\": \"Dịch vụ giám sát SOC\", \"project_code\": \"DA050\", \"project_name\": \"Dự án Dịch vụ giám sát SOC - TYT phường Bình Thạnh\", \"assignee_code\": \"INT9002\", \"assignee_name\": \"Trần Kinh Doanh\", \"customer_code\": \"93104\", \"customer_name\": \"TYT phường Bình Thạnh\", \"receiver_code\": \"INT9003\", \"receiver_name\": \"Lê Hệ Thống\", \"reporter_name\": \"Đầu mối TYT phường Bình Thạnh\", \"resolved_date\": null, \"requested_date\": \"2026-02-27\", \"project_item_id\": 98, \"receiver_user_id\": 6, \"service_group_id\": null, \"assignee_username\": \"sales.demo\", \"receiver_username\": \"system.demo\", \"service_group_name\": null, \"reporter_contact_id\": 50, \"reporter_contact_name\": \"Đầu mối TYT phường Bình Thạnh\", \"reporter_contact_email\": \"contact.93104@vnpt.local\", \"reporter_contact_phone\": \"0900000050\"}','http://127.0.0.1:8000/api/v5/support-requests','127.0.0.1','Mozilla/5.0 (Macintosh; Intel Mac OS X 10_15_7) AppleWebKit/605.1.15 (KHTML, like Gecko) Version/26.2 Safari/605.1.15','2026-03-01 17:23:32',1),(32,'b2b13ac4-1558-11f1-8c5f-24a3c6f67e95','UPDATE','support_requests',2457471,'{\"id\": 2457471, \"notes\": null, \"status\": \"NEW\", \"summary\": \"Cần xử lý\", \"due_date\": \"1999-02-27\", \"priority\": \"MEDIUM\", \"noti_date\": \"2026-02-27\", \"task_link\": null, \"created_at\": \"2026-02-27 03:14:12\", \"created_by\": 1, \"deleted_at\": null, \"product_id\": 2, \"project_id\": 96, \"updated_at\": \"2026-02-27 03:14:12\", \"updated_by\": 1, \"assignee_id\": 5, \"customer_id\": 50, \"hotfix_date\": \"2026-02-27\", \"ticket_code\": null, \"reporter_name\": \"Đầu mối TYT phường Bình Thạnh\", \"resolved_date\": null, \"requested_date\": \"2026-02-27\", \"project_item_id\": 98, \"receiver_user_id\": 6, \"service_group_id\": null, \"reporter_contact_id\": 50}','{\"id\": 2457471, \"notes\": null, \"status\": \"NEW\", \"summary\": \"Cần xử lý\", \"due_date\": \"1999-02-27\", \"priority\": \"MEDIUM\", \"noti_date\": \"2026-02-27\", \"task_link\": null, \"created_at\": \"2026-02-27 03:14:12\", \"created_by\": 1, \"deleted_at\": null, \"product_id\": 2, \"project_id\": 96, \"updated_at\": \"2026-02-27 03:14:23\", \"updated_by\": null, \"assignee_id\": 5, \"customer_id\": 50, \"hotfix_date\": \"2026-02-27\", \"ticket_code\": null, \"product_code\": \"SOC_MONITOR\", \"product_name\": \"Dịch vụ giám sát SOC\", \"project_code\": \"DA050\", \"project_name\": \"Dự án Dịch vụ giám sát SOC - TYT phường Bình Thạnh\", \"assignee_code\": \"INT9002\", \"assignee_name\": \"Trần Kinh Doanh\", \"customer_code\": \"93104\", \"customer_name\": \"TYT phường Bình Thạnh\", \"receiver_code\": \"INT9003\", \"receiver_name\": \"Lê Hệ Thống\", \"reporter_name\": \"Đầu mối TYT phường Bình Thạnh\", \"resolved_date\": null, \"requested_date\": \"2026-02-27\", \"project_item_id\": 98, \"receiver_user_id\": 6, \"service_group_id\": 4, \"assignee_username\": \"sales.demo\", \"receiver_username\": \"system.demo\", \"service_group_name\": \"DỰ ÁN THUÊ OS\", \"reporter_contact_id\": 50, \"reporter_contact_name\": \"Đầu mối TYT phường Bình Thạnh\", \"reporter_contact_email\": \"contact.93104@vnpt.local\", \"reporter_contact_phone\": \"0900000050\"}','http://127.0.0.1:8000/api/v5/support-requests/2457471','127.0.0.1','Mozilla/5.0 (Macintosh; Intel Mac OS X 10_15_7) AppleWebKit/605.1.15 (KHTML, like Gecko) Version/26.2 Safari/605.1.15','2026-03-01 17:23:32',1),(33,'b2b13c22-1558-11f1-8c5f-24a3c6f67e95','UPDATE','support_requests',2457471,'{\"id\": 2457471, \"notes\": null, \"status\": \"NEW\", \"summary\": \"Cần xử lý\", \"due_date\": \"1999-02-27\", \"priority\": \"MEDIUM\", \"noti_date\": \"2026-02-27\", \"task_link\": null, \"created_at\": \"2026-02-27 03:14:12\", \"created_by\": 1, \"deleted_at\": null, \"product_id\": 2, \"project_id\": 96, \"updated_at\": \"2026-02-27 03:14:23\", \"updated_by\": null, \"assignee_id\": 5, \"customer_id\": 50, \"hotfix_date\": \"2026-02-27\", \"ticket_code\": null, \"reporter_name\": \"Đầu mối TYT phường Bình Thạnh\", \"resolved_date\": null, \"requested_date\": \"2026-02-27\", \"project_item_id\": 98, \"receiver_user_id\": 6, \"service_group_id\": 4, \"reporter_contact_id\": 50}','{\"id\": 2457471, \"notes\": null, \"tasks\": [], \"status\": \"NEW\", \"summary\": \"Cần xử lý\", \"due_date\": \"2026-02-27\", \"priority\": \"MEDIUM\", \"noti_date\": \"2026-02-27\", \"task_link\": null, \"created_at\": \"2026-02-27 03:14:12\", \"created_by\": 1, \"deleted_at\": null, \"product_id\": 2, \"project_id\": 96, \"task_count\": 0, \"updated_at\": \"2026-02-27 07:58:50\", \"updated_by\": null, \"assignee_id\": 5, \"customer_id\": 50, \"hotfix_date\": \"2026-02-27\", \"ticket_code\": null, \"product_code\": \"SOC_MONITOR\", \"product_name\": \"Dịch vụ giám sát SOC\", \"project_code\": \"DA050\", \"project_name\": \"Dự án Dịch vụ giám sát SOC - TYT phường Bình Thạnh\", \"assignee_code\": \"INT9002\", \"assignee_name\": \"Trần Kinh Doanh\", \"customer_code\": \"93104\", \"customer_name\": \"TYT phường Bình Thạnh\", \"receiver_code\": \"INT9003\", \"receiver_name\": \"Lê Hệ Thống\", \"reporter_name\": \"Đầu mối TYT phường Bình Thạnh\", \"resolved_date\": null, \"requested_date\": \"2026-02-27\", \"project_item_id\": 98, \"receiver_user_id\": 6, \"service_group_id\": 4, \"assignee_username\": \"sales.demo\", \"receiver_username\": \"system.demo\", \"service_group_name\": \"DỰ ÁN THUÊ OS\", \"reporter_contact_id\": 50, \"reporter_contact_name\": \"Đầu mối TYT phường Bình Thạnh\", \"reporter_contact_email\": \"contact.93104@vnpt.local\", \"reporter_contact_phone\": \"0900000050\"}','http://127.0.0.1:8000/api/v5/support-requests/2457471','127.0.0.1','Mozilla/5.0 (Macintosh; Intel Mac OS X 10_15_7) AppleWebKit/537.36 (KHTML, like Gecko) Chrome/145.0.0.0 Safari/537.36','2026-03-01 17:23:32',1),(34,'b2b13d1c-1558-11f1-8c5f-24a3c6f67e95','INSERT','support_requests',2457472,NULL,'{\"id\": 2457472, \"notes\": \"Thực hiện test\", \"tasks\": [], \"status\": \"IN_PROGRESS\", \"summary\": \"Mô tả\", \"due_date\": \"2026-02-28\", \"priority\": \"MEDIUM\", \"noti_date\": null, \"task_link\": null, \"created_at\": \"2026-02-27 08:04:00\", \"created_by\": 1, \"deleted_at\": null, \"product_id\": 2, \"project_id\": 98, \"task_count\": 0, \"updated_at\": \"2026-02-27 08:04:00\", \"updated_by\": 1, \"assignee_id\": 6, \"customer_id\": 16, \"hotfix_date\": null, \"ticket_code\": null, \"product_code\": \"SOC_MONITOR\", \"product_name\": \"Dịch vụ giám sát SOC\", \"project_code\": \"DA016\", \"project_name\": \"Dự án Dịch vụ giám sát SOC - TT Phòng, Chống HIV/AIDS tỉnh Hậu Giang\", \"assignee_code\": \"INT9003\", \"assignee_name\": \"Lê Hệ Thống\", \"customer_code\": \"93105\", \"customer_name\": \"TT Phòng, Chống HIV/AIDS tỉnh Hậu Giang\", \"receiver_code\": null, \"receiver_name\": null, \"reporter_name\": null, \"resolved_date\": \"2026-02-28\", \"requested_date\": \"2026-02-27\", \"project_item_id\": 96, \"receiver_user_id\": null, \"service_group_id\": null, \"assignee_username\": \"system.demo\", \"receiver_username\": null, \"service_group_name\": null, \"reporter_contact_id\": null, \"reporter_contact_name\": null, \"reporter_contact_email\": null, \"reporter_contact_phone\": null}','http://127.0.0.1:8000/api/v5/support-requests','127.0.0.1','Mozilla/5.0 (Macintosh; Intel Mac OS X 10_15_7) AppleWebKit/537.36 (KHTML, like Gecko) Chrome/145.0.0.0 Safari/537.36','2026-03-01 17:23:32',1),(35,'b2b14276-1558-11f1-8c5f-24a3c6f67e95','INSERT','support_requests',2457473,NULL,'{\"id\": 2457473, \"notes\": null, \"tasks\": [{\"id\": 1, \"title\": \"Smoke shared task #1\", \"status\": \"TODO\", \"task_code\": \"SMOKE-SHARED-1772184820\", \"task_link\": \"https://jira.local/SMOKE-SHARED-1772184820\", \"created_at\": \"2026-02-27 09:33:40\", \"created_by\": 1, \"request_id\": 2457473, \"sort_order\": 0, \"updated_at\": \"2026-02-27 09:33:40\", \"updated_by\": 1}], \"status\": \"NEW\", \"summary\": \"Smoke shared task #1\", \"due_date\": null, \"priority\": \"MEDIUM\", \"noti_date\": null, \"task_link\": \"https://jira.local/SMOKE-SHARED-1772184820\", \"created_at\": \"2026-02-27 09:33:40\", \"created_by\": 1, \"deleted_at\": null, \"product_id\": 1, \"project_id\": 1, \"task_count\": 1, \"updated_at\": \"2026-02-27 09:33:40\", \"updated_by\": 1, \"assignee_id\": null, \"customer_id\": 1, \"hotfix_date\": null, \"ticket_code\": \"SMOKE-SHARED-1772184820\", \"product_code\": \"VNPT_HIS\", \"product_name\": \"Giải pháp VNPT HIS\", \"project_code\": \"DA001\", \"project_name\": \"Dự án VNPT HIS - Vietcombank\", \"assignee_code\": null, \"assignee_name\": null, \"customer_code\": \"KH001\", \"customer_name\": \"Ngân hàng Vietcombank\", \"receiver_code\": null, \"receiver_name\": null, \"reporter_name\": null, \"resolved_date\": null, \"requested_date\": \"2026-02-27\", \"project_item_id\": 1, \"receiver_user_id\": null, \"service_group_id\": null, \"assignee_username\": null, \"receiver_username\": null, \"service_group_name\": null, \"reporter_contact_id\": null, \"reporter_contact_name\": null, \"reporter_contact_email\": null, \"reporter_contact_phone\": null}','http://127.0.0.1:8001/api/v5/support-requests','127.0.0.1','curl/8.7.1','2026-03-01 17:23:32',1),(36,'b2b1491a-1558-11f1-8c5f-24a3c6f67e95','INSERT','support_requests',2457474,NULL,'{\"id\": 2457474, \"notes\": null, \"tasks\": [{\"id\": 2, \"title\": \"Smoke shared task #2\", \"status\": \"TODO\", \"task_code\": \"SMOKE-SHARED-1772184820\", \"task_link\": \"https://jira.local/SMOKE-SHARED-1772184820\", \"created_at\": \"2026-02-27 09:33:41\", \"created_by\": 1, \"request_id\": 2457474, \"sort_order\": 0, \"updated_at\": \"2026-02-27 09:33:41\", \"updated_by\": 1}], \"status\": \"NEW\", \"summary\": \"Smoke shared task #2\", \"due_date\": null, \"priority\": \"MEDIUM\", \"noti_date\": null, \"task_link\": \"https://jira.local/SMOKE-SHARED-1772184820\", \"created_at\": \"2026-02-27 09:33:41\", \"created_by\": 1, \"deleted_at\": null, \"product_id\": 1, \"project_id\": 1, \"task_count\": 1, \"updated_at\": \"2026-02-27 09:33:41\", \"updated_by\": 1, \"assignee_id\": null, \"customer_id\": 1, \"hotfix_date\": null, \"ticket_code\": \"SMOKE-SHARED-1772184820\", \"product_code\": \"VNPT_HIS\", \"product_name\": \"Giải pháp VNPT HIS\", \"project_code\": \"DA001\", \"project_name\": \"Dự án VNPT HIS - Vietcombank\", \"assignee_code\": null, \"assignee_name\": null, \"customer_code\": \"KH001\", \"customer_name\": \"Ngân hàng Vietcombank\", \"receiver_code\": null, \"receiver_name\": null, \"reporter_name\": null, \"resolved_date\": null, \"requested_date\": \"2026-02-27\", \"project_item_id\": 1, \"receiver_user_id\": null, \"service_group_id\": null, \"assignee_username\": null, \"receiver_username\": null, \"service_group_name\": null, \"reporter_contact_id\": null, \"reporter_contact_name\": null, \"reporter_contact_email\": null, \"reporter_contact_phone\": null}','http://127.0.0.1:8001/api/v5/support-requests','127.0.0.1','curl/8.7.1','2026-03-01 17:23:32',1),(37,'b2b14a5a-1558-11f1-8c5f-24a3c6f67e95','UPDATE','support_requests',2457474,'{\"id\": 2457474, \"notes\": null, \"status\": \"NEW\", \"summary\": \"Smoke shared task #2\", \"due_date\": null, \"priority\": \"MEDIUM\", \"noti_date\": null, \"task_link\": \"https://jira.local/SMOKE-SHARED-1772184820\", \"created_at\": \"2026-02-27 09:33:41\", \"created_by\": 1, \"deleted_at\": null, \"product_id\": 1, \"project_id\": 1, \"updated_at\": \"2026-02-27 09:33:41\", \"updated_by\": 1, \"assignee_id\": null, \"customer_id\": 1, \"hotfix_date\": null, \"ticket_code\": \"SMOKE-SHARED-1772184820\", \"reporter_name\": null, \"resolved_date\": null, \"requested_date\": \"2026-02-27\", \"project_item_id\": 1, \"receiver_user_id\": null, \"service_group_id\": null, \"reporter_contact_id\": null}','{\"id\": 2457474, \"notes\": null, \"tasks\": [{\"id\": 3, \"title\": \"Smoke shared task #2 updated\", \"status\": \"IN_PROGRESS\", \"task_code\": \"SMOKE-SHARED-1772184820\", \"task_link\": \"https://jira.local/SMOKE-SHARED-1772184820?rev=2\", \"created_at\": \"2026-02-27 09:34:56\", \"created_by\": null, \"request_id\": 2457474, \"sort_order\": 0, \"updated_at\": \"2026-02-27 09:34:56\", \"updated_by\": null}], \"status\": \"NEW\", \"summary\": \"Smoke shared task #2 (updated)\", \"due_date\": null, \"priority\": \"MEDIUM\", \"noti_date\": null, \"task_link\": \"https://jira.local/SMOKE-SHARED-1772184820?rev=2\", \"created_at\": \"2026-02-27 09:33:41\", \"created_by\": 1, \"deleted_at\": null, \"product_id\": 1, \"project_id\": 1, \"task_count\": 1, \"updated_at\": \"2026-02-27 09:34:56\", \"updated_by\": 1, \"assignee_id\": null, \"customer_id\": 1, \"hotfix_date\": null, \"ticket_code\": \"SMOKE-SHARED-1772184820\", \"product_code\": \"VNPT_HIS\", \"product_name\": \"Giải pháp VNPT HIS\", \"project_code\": \"DA001\", \"project_name\": \"Dự án VNPT HIS - Vietcombank\", \"assignee_code\": null, \"assignee_name\": null, \"customer_code\": \"KH001\", \"customer_name\": \"Ngân hàng Vietcombank\", \"receiver_code\": null, \"receiver_name\": null, \"reporter_name\": null, \"resolved_date\": null, \"requested_date\": \"2026-02-27\", \"project_item_id\": 1, \"receiver_user_id\": null, \"service_group_id\": null, \"assignee_username\": null, \"receiver_username\": null, \"service_group_name\": null, \"reporter_contact_id\": null, \"reporter_contact_name\": null, \"reporter_contact_email\": null, \"reporter_contact_phone\": null}','http://127.0.0.1:8001/api/v5/support-requests/2457474','127.0.0.1','curl/8.7.1','2026-03-01 17:23:32',1),(38,'b2b14ba4-1558-11f1-8c5f-24a3c6f67e95','INSERT','contracts',3,NULL,'{\"id\": 3, \"status\": \"DRAFT\", \"dept_id\": null, \"sign_date\": \"2026-03-01\", \"created_at\": \"2026-03-01 04:44:41\", \"created_by\": 1, \"project_id\": 98, \"updated_at\": \"2026-03-01 04:44:41\", \"updated_by\": 1, \"customer_id\": 16, \"expiry_date\": \"2027-05-31\", \"total_value\": 0, \"contract_code\": \"HĐ001\", \"contract_name\": \"Tên Hợp đồng 001\"}','http://127.0.0.1:8000/api/v5/contracts','127.0.0.1','Mozilla/5.0 (Macintosh; Intel Mac OS X 10_15_7) AppleWebKit/537.36 (KHTML, like Gecko) Chrome/145.0.0.0 Safari/537.36','2026-03-01 17:23:32',1),(58,'ab55621a-fcae-4913-8c9f-e0bdd5548031','UPDATE','support_requests',2457488,'{\"id\": 2457488, \"notes\": null, \"status\": \"NEW\", \"summary\": \"UAT UI Ref Source C 20260227211007\", \"due_date\": null, \"priority\": \"MEDIUM\", \"noti_date\": null, \"task_link\": null, \"created_at\": \"2026-02-27 14:10:08\", \"created_by\": 4, \"deleted_at\": null, \"product_id\": null, \"project_id\": null, \"updated_at\": \"2026-02-27 14:10:08\", \"updated_by\": 4, \"assignee_id\": null, \"customer_id\": 98, \"hotfix_date\": null, \"ticket_code\": \"SRQ-UAT-UI-C-20260227211007\", \"reporter_name\": null, \"resolved_date\": null, \"requested_date\": \"2026-02-27\", \"project_item_id\": null, \"receiver_user_id\": null, \"service_group_id\": null, \"reporter_contact_id\": null, \"reference_request_id\": null, \"reference_ticket_code\": null}','{\"id\": 2457488, \"notes\": null, \"tasks\": [{\"id\": 22, \"status\": \"TODO\", \"task_code\": \"SRQ-UAT-UI-C-20260227211007\", \"task_link\": null, \"created_at\": \"2026-03-01 02:50:31\", \"created_by\": null, \"request_id\": 2457488, \"sort_order\": 0, \"updated_at\": \"2026-03-01 02:50:31\", \"updated_by\": null}], \"status\": \"NEW\", \"summary\": \"UAT UI Ref Source C 20260227211007\", \"due_date\": null, \"priority\": \"MEDIUM\", \"noti_date\": null, \"task_link\": null, \"created_at\": \"2026-02-27 14:10:08\", \"created_by\": 4, \"deleted_at\": null, \"product_id\": 2, \"project_id\": 96, \"task_count\": 1, \"updated_at\": \"2026-03-01 02:50:31\", \"updated_by\": null, \"assignee_id\": null, \"customer_id\": 50, \"hotfix_date\": null, \"ticket_code\": \"SRQ-UAT-UI-C-20260227211007\", \"product_code\": \"SOC_MONITOR\", \"product_name\": \"Dịch vụ giám sát SOC\", \"project_code\": \"DA050\", \"project_name\": \"Dự án Dịch vụ giám sát SOC - TYT phường Bình Thạnh\", \"assignee_code\": null, \"assignee_name\": null, \"customer_code\": \"93104\", \"customer_name\": \"TYT phường Bình Thạnh\", \"receiver_code\": null, \"receiver_name\": null, \"reporter_name\": null, \"resolved_date\": null, \"requested_date\": \"2026-02-27\", \"project_item_id\": 98, \"can_transfer_dev\": false, \"receiver_user_id\": null, \"reference_status\": null, \"service_group_id\": null, \"assignee_username\": null, \"receiver_username\": null, \"reference_summary\": null, \"is_transferred_dev\": false, \"service_group_name\": null, \"reporter_contact_id\": null, \"reference_request_id\": null, \"reference_ticket_code\": null, \"reporter_contact_name\": null, \"reporter_contact_email\": null, \"reporter_contact_phone\": null, \"transfer_programming_request_id\": null}','http://127.0.0.1:8000/api/v5/support-requests/2457488','127.0.0.1','Mozilla/5.0 (Macintosh; Intel Mac OS X 10_15_7) AppleWebKit/537.36 (KHTML, like Gecko) Chrome/145.0.0.0 Safari/537.36','2026-03-01 02:50:31',1),(59,'8cd9c8c3-4a0b-42c5-bf0f-db83d8412f93','UPDATE','support_requests',2457488,'{\"id\": 2457488, \"notes\": null, \"status\": \"NEW\", \"summary\": \"UAT UI Ref Source C 20260227211007\", \"due_date\": null, \"priority\": \"MEDIUM\", \"noti_date\": null, \"task_link\": null, \"created_at\": \"2026-02-27 14:10:08\", \"created_by\": 4, \"deleted_at\": null, \"product_id\": 2, \"project_id\": 96, \"updated_at\": \"2026-03-01 02:50:31\", \"updated_by\": null, \"assignee_id\": null, \"customer_id\": 50, \"hotfix_date\": null, \"ticket_code\": \"SRQ-UAT-UI-C-20260227211007\", \"reporter_name\": null, \"resolved_date\": null, \"requested_date\": \"2026-02-27\", \"project_item_id\": 98, \"receiver_user_id\": null, \"service_group_id\": null, \"reporter_contact_id\": null, \"reference_request_id\": null, \"reference_ticket_code\": null}','{\"id\": 2457488, \"notes\": null, \"tasks\": [{\"id\": 23, \"status\": \"TODO\", \"task_code\": \"SRQ-UAT-UI-C-20260227211007\", \"task_link\": null, \"created_at\": \"2026-03-01 02:50:52\", \"created_by\": null, \"request_id\": 2457488, \"sort_order\": 0, \"updated_at\": \"2026-03-01 02:50:52\", \"updated_by\": null}], \"status\": \"NEW\", \"summary\": \"UAT UI Ref Source C 20260227211007\", \"due_date\": null, \"priority\": \"MEDIUM\", \"noti_date\": null, \"task_link\": null, \"created_at\": \"2026-02-27 14:10:08\", \"created_by\": 4, \"deleted_at\": null, \"product_id\": 2, \"project_id\": 96, \"task_count\": 1, \"updated_at\": \"2026-03-01 02:50:52\", \"updated_by\": null, \"assignee_id\": null, \"customer_id\": 50, \"hotfix_date\": null, \"ticket_code\": \"SRQ-UAT-UI-C-20260227211007\", \"product_code\": \"SOC_MONITOR\", \"product_name\": \"Dịch vụ giám sát SOC\", \"project_code\": \"DA050\", \"project_name\": \"Dự án Dịch vụ giám sát SOC - TYT phường Bình Thạnh\", \"assignee_code\": null, \"assignee_name\": null, \"customer_code\": \"93104\", \"customer_name\": \"TYT phường Bình Thạnh\", \"receiver_code\": null, \"receiver_name\": null, \"reporter_name\": null, \"resolved_date\": null, \"requested_date\": \"2026-02-27\", \"project_item_id\": 98, \"can_transfer_dev\": false, \"receiver_user_id\": null, \"reference_status\": null, \"service_group_id\": 4, \"assignee_username\": null, \"receiver_username\": null, \"reference_summary\": null, \"is_transferred_dev\": false, \"service_group_name\": \"DỰ ÁN THUÊ OS\", \"reporter_contact_id\": null, \"reference_request_id\": null, \"reference_ticket_code\": null, \"reporter_contact_name\": null, \"reporter_contact_email\": null, \"reporter_contact_phone\": null, \"transfer_programming_request_id\": null}','http://127.0.0.1:8000/api/v5/support-requests/2457488','127.0.0.1','Mozilla/5.0 (Macintosh; Intel Mac OS X 10_15_7) AppleWebKit/537.36 (KHTML, like Gecko) Chrome/145.0.0.0 Safari/537.36','2026-03-01 02:50:52',1),(60,'256922b2-a2f4-4754-8ef4-343a5bd7aa2e','UPDATE','projects',98,'{\"id\": 98, \"status\": \"WARRANTY\", \"created_at\": \"2026-02-25 15:21:11\", \"created_by\": null, \"deleted_at\": null, \"start_date\": \"2026-02-25\", \"updated_at\": \"2026-02-26 14:31:41\", \"updated_by\": 1, \"customer_id\": 16, \"project_code\": \"DA016\", \"project_name\": \"Dự án Dịch vụ giám sát SOC - TT Phòng, Chống HIV/AIDS tỉnh Hậu Giang\", \"opportunity_id\": null, \"investment_mode\": \"DAU_TU\", \"expected_end_date\": \"2026-11-25\"}','{\"id\": 98, \"status\": \"WARRANTY\", \"created_at\": \"2026-02-25 15:21:11\", \"created_by\": null, \"deleted_at\": null, \"start_date\": \"2026-02-25\", \"updated_at\": \"2026-03-02 09:40:50\", \"updated_by\": 9, \"customer_id\": 16, \"project_code\": \"DA016\", \"project_name\": \"Dự án Dịch vụ giám sát SOC - TT Phòng, Chống HIV/AIDS tỉnh Hậu Giang\", \"opportunity_id\": null, \"investment_mode\": \"DAU_TU\", \"expected_end_date\": \"2026-11-25\"}','http://127.0.0.1:8000/api/v5/projects/98','127.0.0.1','Mozilla/5.0 (Macintosh; Intel Mac OS X 10_15_7) AppleWebKit/537.36 (KHTML, like Gecko) Chrome/145.0.0.0 Safari/537.36','2026-03-02 09:40:50',9),(61,'8ad05473-9f0c-4d5d-b630-4aff2f64fedc','UPDATE','projects',98,'{\"id\": 98, \"status\": \"WARRANTY\", \"created_at\": \"2026-02-25 15:21:11\", \"created_by\": null, \"deleted_at\": null, \"start_date\": \"2026-02-25\", \"updated_at\": \"2026-03-02 09:40:50\", \"updated_by\": 9, \"customer_id\": 16, \"project_code\": \"DA016\", \"project_name\": \"Dự án Dịch vụ giám sát SOC - TT Phòng, Chống HIV/AIDS tỉnh Hậu Giang\", \"opportunity_id\": null, \"investment_mode\": \"DAU_TU\", \"expected_end_date\": \"2026-11-25\"}','{\"id\": 98, \"status\": \"WARRANTY\", \"created_at\": \"2026-02-25 15:21:11\", \"created_by\": null, \"deleted_at\": null, \"start_date\": \"2026-02-25\", \"updated_at\": \"2026-03-02 09:40:50\", \"updated_by\": 9, \"customer_id\": 16, \"project_code\": \"DA016\", \"project_name\": \"Dự án Dịch vụ giám sát SOC - TT Phòng, Chống HIV/AIDS tỉnh Hậu Giang\", \"opportunity_id\": null, \"investment_mode\": \"DAU_TU\", \"expected_end_date\": \"2026-11-25\"}','http://127.0.0.1:8000/api/v5/projects/98','127.0.0.1','Mozilla/5.0 (Macintosh; Intel Mac OS X 10_15_7) AppleWebKit/537.36 (KHTML, like Gecko) Chrome/145.0.0.0 Safari/537.36','2026-03-02 09:41:37',9),(62,'60f239f2-ea2a-4c82-913f-24ca276ab956','INSERT','support_requests',2457489,NULL,'{\"id\": 2457489, \"notes\": null, \"tasks\": [], \"status\": \"NEW\", \"summary\": \"Nội dung A\", \"due_date\": null, \"priority\": \"MEDIUM\", \"noti_date\": null, \"task_link\": null, \"created_at\": \"2026-03-02 09:52:04\", \"created_by\": 9, \"deleted_at\": null, \"product_id\": 1, \"project_id\": 98, \"task_count\": 0, \"updated_at\": \"2026-03-02 09:52:04\", \"updated_by\": 9, \"assignee_id\": 52, \"customer_id\": 16, \"hotfix_date\": null, \"ticket_code\": null, \"product_code\": \"VNPT_HIS3\", \"product_name\": \"Phần mềm VNPT HIS L3\", \"project_code\": \"DA016\", \"project_name\": \"Dự án Dịch vụ giám sát SOC - TT Phòng, Chống HIV/AIDS tỉnh Hậu Giang\", \"assignee_code\": \"VNPT022342\", \"assignee_name\": \"Lý Thị Ngọc Mai\", \"customer_code\": \"93105\", \"customer_name\": \"TT Phòng, Chống HIV/AIDS tỉnh Hậu Giang\", \"receiver_code\": \"VNPT022345\", \"receiver_name\": \"Bùi Cẩm Nhi\", \"reporter_name\": \"Đầu mối TT Phòng, Chống HIV/AIDS tỉnh Hậu Giang\", \"resolved_date\": null, \"requested_date\": \"2026-03-02\", \"project_item_id\": 131, \"can_transfer_dev\": false, \"receiver_user_id\": 23, \"reference_status\": null, \"service_group_id\": 4, \"assignee_username\": \"mailtn.stg\", \"receiver_username\": \"nhibc.stg\", \"reference_summary\": null, \"is_transferred_dev\": false, \"service_group_name\": \"DỰ ÁN THUÊ OS\", \"reporter_contact_id\": 16, \"reference_request_id\": null, \"reference_ticket_code\": null, \"reporter_contact_name\": \"Đầu mối TT Phòng, Chống HIV/AIDS tỉnh Hậu Giang\", \"reporter_contact_email\": \"contact.93105@vnpt.local\", \"reporter_contact_phone\": \"0900000016\", \"transfer_programming_request_id\": null}','http://127.0.0.1:8000/api/v5/support-requests','127.0.0.1','Mozilla/5.0 (Macintosh; Intel Mac OS X 10_15_7) AppleWebKit/537.36 (KHTML, like Gecko) Chrome/145.0.0.0 Safari/537.36','2026-03-02 09:52:04',9),(63,'0c3677bf-2e19-4900-91d2-dfb54ff5d67a','UPDATE','support_requests',2457489,'{\"id\": 2457489, \"notes\": null, \"status\": \"NEW\", \"summary\": \"Nội dung A\", \"due_date\": null, \"priority\": \"MEDIUM\", \"noti_date\": null, \"created_at\": \"2026-03-02 09:52:04\", \"created_by\": 9, \"deleted_at\": null, \"product_id\": 1, \"project_id\": 98, \"updated_at\": \"2026-03-02 09:52:04\", \"updated_by\": 9, \"assignee_id\": 52, \"customer_id\": 16, \"hotfix_date\": null, \"reporter_name\": \"Đầu mối TT Phòng, Chống HIV/AIDS tỉnh Hậu Giang\", \"resolved_date\": null, \"requested_date\": \"2026-03-02\", \"project_item_id\": 131, \"receiver_user_id\": 23, \"service_group_id\": 4, \"reporter_contact_id\": 16, \"reference_request_id\": null, \"reference_ticket_code\": null}','{\"id\": 2457489, \"notes\": null, \"tasks\": [], \"status\": \"DEV_CODE\", \"summary\": \"Nội dung A\", \"due_date\": \"2026-03-14\", \"priority\": \"MEDIUM\", \"noti_date\": null, \"task_link\": null, \"created_at\": \"2026-03-02 09:52:04\", \"created_by\": 9, \"deleted_at\": null, \"product_id\": 1, \"project_id\": 98, \"task_count\": 0, \"updated_at\": \"2026-03-02 09:55:01\", \"updated_by\": null, \"assignee_id\": 52, \"customer_id\": 16, \"hotfix_date\": null, \"ticket_code\": null, \"product_code\": \"VNPT_HIS3\", \"product_name\": \"Phần mềm VNPT HIS L3\", \"project_code\": \"DA016\", \"project_name\": \"Dự án Dịch vụ giám sát SOC - TT Phòng, Chống HIV/AIDS tỉnh Hậu Giang\", \"assignee_code\": \"VNPT022342\", \"assignee_name\": \"Lý Thị Ngọc Mai\", \"customer_code\": \"93105\", \"customer_name\": \"TT Phòng, Chống HIV/AIDS tỉnh Hậu Giang\", \"receiver_code\": \"VNPT022345\", \"receiver_name\": \"Bùi Cẩm Nhi\", \"reporter_name\": \"Đầu mối TT Phòng, Chống HIV/AIDS tỉnh Hậu Giang\", \"resolved_date\": \"2026-03-21\", \"requested_date\": \"2026-03-02\", \"project_item_id\": 131, \"can_transfer_dev\": false, \"receiver_user_id\": 23, \"reference_status\": null, \"service_group_id\": 4, \"assignee_username\": \"mailtn.stg\", \"receiver_username\": \"nhibc.stg\", \"reference_summary\": null, \"is_transferred_dev\": false, \"service_group_name\": \"DỰ ÁN THUÊ OS\", \"reporter_contact_id\": 16, \"reference_request_id\": null, \"reference_ticket_code\": null, \"reporter_contact_name\": \"Đầu mối TT Phòng, Chống HIV/AIDS tỉnh Hậu Giang\", \"reporter_contact_email\": \"contact.93105@vnpt.local\", \"reporter_contact_phone\": \"0900000016\", \"transfer_programming_request_id\": null}','http://127.0.0.1:8000/api/v5/support-requests/2457489','127.0.0.1','Mozilla/5.0 (Macintosh; Intel Mac OS X 10_15_7) AppleWebKit/537.36 (KHTML, like Gecko) Chrome/145.0.0.0 Safari/537.36','2026-03-02 09:55:01',9),(64,'1f5a3980-1ce9-4bc4-afab-ce72a7b6867f','UPDATE','support_requests',2457489,'{\"id\": 2457489, \"notes\": null, \"status\": \"DEV_CODE\", \"summary\": \"Nội dung A\", \"due_date\": \"2026-03-14\", \"priority\": \"MEDIUM\", \"noti_date\": null, \"created_at\": \"2026-03-02 09:52:04\", \"created_by\": 9, \"deleted_at\": null, \"product_id\": 1, \"project_id\": 98, \"updated_at\": \"2026-03-02 09:55:01\", \"updated_by\": null, \"assignee_id\": 52, \"customer_id\": 16, \"hotfix_date\": null, \"reporter_name\": \"Đầu mối TT Phòng, Chống HIV/AIDS tỉnh Hậu Giang\", \"resolved_date\": \"2026-03-21\", \"requested_date\": \"2026-03-02\", \"project_item_id\": 131, \"receiver_user_id\": 23, \"service_group_id\": 4, \"reporter_contact_id\": 16, \"reference_request_id\": null, \"reference_ticket_code\": null}','{\"id\": 2457489, \"notes\": null, \"tasks\": [], \"status\": \"DEV\", \"summary\": \"Nội dung A\", \"due_date\": \"2026-03-14\", \"priority\": \"MEDIUM\", \"noti_date\": null, \"task_link\": null, \"created_at\": \"2026-03-02 09:52:04\", \"created_by\": 9, \"deleted_at\": null, \"product_id\": 1, \"project_id\": 98, \"task_count\": 0, \"updated_at\": \"2026-03-02 09:55:49\", \"updated_by\": null, \"assignee_id\": 52, \"customer_id\": 16, \"hotfix_date\": null, \"ticket_code\": null, \"product_code\": \"VNPT_HIS3\", \"product_name\": \"Phần mềm VNPT HIS L3\", \"project_code\": \"DA016\", \"project_name\": \"Dự án Dịch vụ giám sát SOC - TT Phòng, Chống HIV/AIDS tỉnh Hậu Giang\", \"assignee_code\": \"VNPT022342\", \"assignee_name\": \"Lý Thị Ngọc Mai\", \"customer_code\": \"93105\", \"customer_name\": \"TT Phòng, Chống HIV/AIDS tỉnh Hậu Giang\", \"receiver_code\": \"VNPT022345\", \"receiver_name\": \"Bùi Cẩm Nhi\", \"reporter_name\": \"Đầu mối TT Phòng, Chống HIV/AIDS tỉnh Hậu Giang\", \"resolved_date\": \"2026-03-21\", \"requested_date\": \"2026-03-02\", \"project_item_id\": 131, \"can_transfer_dev\": true, \"receiver_user_id\": 23, \"reference_status\": null, \"service_group_id\": 4, \"assignee_username\": \"mailtn.stg\", \"receiver_username\": \"nhibc.stg\", \"reference_summary\": null, \"is_transferred_dev\": false, \"service_group_name\": \"DỰ ÁN THUÊ OS\", \"reporter_contact_id\": 16, \"reference_request_id\": null, \"reference_ticket_code\": null, \"reporter_contact_name\": \"Đầu mối TT Phòng, Chống HIV/AIDS tỉnh Hậu Giang\", \"reporter_contact_email\": \"contact.93105@vnpt.local\", \"reporter_contact_phone\": \"0900000016\", \"transfer_programming_request_id\": null}','http://127.0.0.1:8000/api/v5/support-requests/2457489','127.0.0.1','Mozilla/5.0 (Macintosh; Intel Mac OS X 10_15_7) AppleWebKit/537.36 (KHTML, like Gecko) Chrome/145.0.0.0 Safari/537.36','2026-03-02 09:55:49',9),(65,'40eed7b1-bf20-4ead-b977-c74b843d2983','INSERT','support_requests',2457490,NULL,'{\"id\": 2457490, \"notes\": null, \"tasks\": [{\"id\": 24, \"status\": \"TODO\", \"task_code\": \"IT360\", \"task_link\": \"IT360\", \"created_at\": \"2026-03-02 12:36:07\", \"created_by\": 1, \"request_id\": 2457490, \"sort_order\": 0, \"updated_at\": \"2026-03-02 12:36:07\", \"updated_by\": 1}], \"status\": \"NEW\", \"summary\": \"Hỗ trợ âm kho\", \"due_date\": \"2026-03-04\", \"priority\": \"MEDIUM\", \"noti_date\": \"2026-03-11\", \"task_link\": \"IT360\", \"created_at\": \"2026-03-02 12:36:07\", \"created_by\": 1, \"deleted_at\": null, \"product_id\": 1, \"project_id\": 3, \"task_count\": 1, \"updated_at\": \"2026-03-02 12:36:07\", \"updated_by\": 1, \"assignee_id\": 52, \"customer_id\": 98, \"hotfix_date\": \"2026-03-10\", \"ticket_code\": \"IT360\", \"product_code\": \"VNPT_HIS3\", \"product_name\": \"Phần mềm VNPT HIS L3\", \"project_code\": \"DA098\", \"project_name\": \"Dự án Giải pháp VNPT HIS - Trạm Y tế Xã Hỏa Tiế渁\", \"request_code\": \"YC260302362457490\", \"assignee_code\": \"VNPT022342\", \"assignee_name\": \"Lý Thị Ngọc Mai\", \"customer_code\": \"93017\", \"customer_name\": \"Trạm Y tế Xã Hỏa Tiế渁\", \"receiver_code\": \"VNPT022345\", \"receiver_name\": \"Bùi Cẩm Nhi\", \"reporter_name\": \"Đầu mối Trạm Y tế Xã Hỏa Tiế渁\", \"resolved_date\": \"2026-03-05\", \"requested_date\": \"2026-03-02\", \"project_item_id\": 95, \"can_transfer_dev\": false, \"receiver_user_id\": 23, \"reference_status\": \"NEW\", \"service_group_id\": 4, \"assignee_username\": \"mailtn.stg\", \"receiver_username\": \"nhibc.stg\", \"reference_summary\": \"Bulk valid 20260227205632\", \"is_transferred_dev\": false, \"service_group_name\": \"DỰ ÁN THUÊ OS\", \"reporter_contact_id\": 98, \"reference_request_id\": 2457481, \"reference_ticket_code\": \"SRQ-UAT3-BULK1-20260227205632\", \"reporter_contact_name\": \"Đầu mối Trạm Y tế Xã Hỏa Tiế渁\", \"reference_request_code\": null, \"reporter_contact_email\": \"contact.93017@vnpt.local\", \"reporter_contact_phone\": \"0900000098\", \"transfer_programming_request_id\": null}','http://127.0.0.1:8000/api/v5/support-requests','127.0.0.1','Mozilla/5.0 (Macintosh; Intel Mac OS X 10_15_7) AppleWebKit/537.36 (KHTML, like Gecko) Chrome/145.0.0.0 Safari/537.36','2026-03-02 12:36:07',1),(66,'f073dca9-6900-45e5-9f60-96dba5f4ca19','INSERT','support_requests',2457491,NULL,'{\"id\": 2457491, \"notes\": null, \"tasks\": [], \"status\": \"NEW\", \"summary\": \"aaaaaaaaa\", \"due_date\": null, \"priority\": \"MEDIUM\", \"noti_date\": null, \"task_link\": null, \"created_at\": \"2026-03-02 12:47:15\", \"created_by\": 9, \"deleted_at\": null, \"product_id\": 2, \"project_id\": 96, \"task_count\": 0, \"updated_at\": \"2026-03-02 12:47:15\", \"updated_by\": 9, \"assignee_id\": null, \"customer_id\": 50, \"hotfix_date\": null, \"ticket_code\": null, \"product_code\": \"SOC_MONITOR\", \"product_name\": \"Dịch vụ giám sát SOC\", \"project_code\": \"DA050\", \"project_name\": \"Dự án Dịch vụ giám sát SOC - TYT phường Bình Thạnh\", \"request_code\": \"YC-022457491\", \"assignee_code\": null, \"assignee_name\": null, \"customer_code\": \"93104\", \"customer_name\": \"TYT phường Bình Thạnh\", \"receiver_code\": null, \"receiver_name\": null, \"reporter_name\": \"Đầu mối TYT phường Bình Thạnh\", \"resolved_date\": null, \"requested_date\": \"2026-03-02\", \"project_item_id\": 98, \"can_transfer_dev\": false, \"receiver_user_id\": null, \"reference_status\": null, \"service_group_id\": 4, \"assignee_username\": null, \"receiver_username\": null, \"reference_summary\": null, \"is_transferred_dev\": false, \"service_group_name\": \"DỰ ÁN THUÊ OS\", \"reporter_contact_id\": 50, \"reference_request_id\": null, \"reference_ticket_code\": null, \"reporter_contact_name\": \"Đầu mối TYT phường Bình Thạnh\", \"reference_request_code\": null, \"reporter_contact_email\": \"contact.93104@vnpt.local\", \"reporter_contact_phone\": \"0900000050\", \"transfer_programming_request_id\": null}','http://127.0.0.1:8000/api/v5/support-requests','127.0.0.1','Mozilla/5.0 (Macintosh; Intel Mac OS X 10_15_7) AppleWebKit/537.36 (KHTML, like Gecko) Chrome/145.0.0.0 Safari/537.36','2026-03-02 12:47:15',9),(67,'b21ddaaf-2411-48cd-be3e-eb6fd33a6f1f','INSERT','support_requests',2457493,NULL,'{\"id\": 2457493, \"notes\": null, \"tasks\": [], \"status\": \"NEW\", \"summary\": \"abc\", \"due_date\": null, \"priority\": \"MEDIUM\", \"noti_date\": null, \"task_link\": null, \"created_at\": \"2026-03-03 15:27:18\", \"created_by\": 1, \"deleted_at\": null, \"product_id\": 1, \"project_id\": 1, \"task_count\": 0, \"updated_at\": \"2026-03-03 15:27:18\", \"updated_by\": 1, \"assignee_id\": 18, \"customer_id\": 1, \"hotfix_date\": null, \"ticket_code\": null, \"product_code\": \"VNPT_HIS3\", \"product_name\": \"Phần mềm VNPT HIS L3\", \"project_code\": \"DA001\", \"project_name\": \"Dự án VNPT HIS - Vietcombank\", \"request_code\": \"YC03032457493\", \"assignee_code\": \"VNPT022408\", \"assignee_name\": \"Châu Kim Tuấn\", \"customer_code\": \"KH001\", \"customer_name\": \"Ngân hàng Vietcombank\", \"receiver_code\": null, \"receiver_name\": null, \"reporter_name\": null, \"resolved_date\": null, \"requested_date\": \"2026-03-03\", \"project_item_id\": 1, \"can_transfer_dev\": false, \"receiver_user_id\": null, \"reference_status\": null, \"service_group_id\": null, \"assignee_username\": \"tuanck.stg\", \"receiver_username\": null, \"reference_summary\": null, \"is_transferred_dev\": false, \"service_group_name\": null, \"reporter_contact_id\": null, \"reference_request_id\": null, \"reference_ticket_code\": null, \"reporter_contact_name\": null, \"reference_request_code\": null, \"reporter_contact_email\": null, \"reporter_contact_phone\": null, \"transfer_programming_request_id\": null}','http://127.0.0.1:8000/api/v5/support-requests','127.0.0.1','Mozilla/5.0 (Macintosh; Intel Mac OS X 10_15_7) AppleWebKit/537.36 (KHTML, like Gecko) Chrome/145.0.0.0 Safari/537.36','2026-03-03 15:27:18',1),(68,'fdf75d78-6560-4d9a-8bef-45ec0c1f7ccd','INSERT','documents',5,NULL,'{\"id\": \"SMOKE_DOC_1772626222\", \"name\": \"Smoke Security Document\", \"status\": \"ACTIVE\", \"typeId\": \"DT001\", \"productId\": null, \"projectId\": null, \"customerId\": \"1\", \"expiryDate\": null, \"productIds\": [], \"attachments\": [{\"id\": \"3\", \"fileUrl\": \"http://127.0.0.1:8000/api/v5/documents/attachments/3/download?expires=1772627123&signature=b33c7de5f9a88855d58b4970706b532253f64d9a20b0633e58c4a7d4ad5bfa6a\", \"fileName\": \"smoke-attachment.txt\", \"fileSize\": 25, \"mimeType\": \"text/plain\", \"createdAt\": \"2026-03-04\", \"driveFileId\": \"\", \"storageDisk\": \"local\", \"storagePath\": \"documents/bEQrFwd4uhVsz47pixBUAdQCv2iIKjpf1jiyaJI4.txt\", \"storageProvider\": \"LOCAL\", \"storageVisibility\": \"private\"}], \"createdDate\": \"2026-03-04\"}','http://127.0.0.1:8000/api/v5/documents','127.0.0.1','curl/8.7.1','2026-03-04 12:10:23',9),(69,'dbf5cd03-c16e-4e77-bb6b-32ff30203011','DELETE','documents',5,'{\"id\": 5, \"status\": \"ACTIVE\", \"created_at\": \"2026-03-04 19:10:23\", \"created_by\": 9, \"deleted_at\": null, \"project_id\": null, \"updated_at\": null, \"updated_by\": 9, \"customer_id\": 1, \"expiry_date\": null, \"document_code\": \"SMOKE_DOC_1772626222\", \"document_name\": \"Smoke Security Document\", \"document_type_id\": 1}',NULL,'http://127.0.0.1:8000/api/v5/documents/SMOKE_DOC_1772626222','127.0.0.1','curl/8.7.1','2026-03-04 12:11:10',9),(70,'a528e585-fed1-48de-b9bd-38bb65559ea6','UPDATE','projects',95,'{\"id\": 95, \"status\": \"TRIAL\", \"created_at\": \"2026-02-25 15:21:11\", \"created_by\": null, \"deleted_at\": null, \"start_date\": \"2026-02-25\", \"updated_at\": \"2026-02-25 17:53:13\", \"updated_by\": null, \"customer_id\": 3, \"project_code\": \"DA003\", \"project_name\": \"Dự án Giải pháp VNPT HIS - Bệnh viện Sản - Nhi Hậu Giang\", \"opportunity_id\": null, \"investment_mode\": \"DAU_TU\", \"expected_end_date\": \"2026-11-25\"}','{\"id\": 95, \"status\": \"TRIAL\", \"created_at\": \"2026-02-25 15:21:11\", \"created_by\": null, \"deleted_at\": null, \"start_date\": \"2026-02-25\", \"updated_at\": \"2026-03-06 13:01:00\", \"updated_by\": 9, \"customer_id\": 3, \"project_code\": \"DA003\", \"project_name\": \"Dự án Giải pháp VNPT HIS - Bệnh viện Sản - Nhi Hậu Giang\", \"opportunity_id\": null, \"investment_mode\": \"DAU_TU\", \"expected_end_date\": \"2026-11-25\"}','http://127.0.0.1:8001/api/v5/projects/95','127.0.0.1','Mozilla/5.0 (Macintosh; Intel Mac OS X 10_15_7) AppleWebKit/537.36 (KHTML, like Gecko) Chrome/145.0.0.0 Safari/537.36','2026-03-06 13:01:00',9),(71,'0b72118c-ebdf-4098-b342-3bf4586beb9e','UPDATE','projects',95,'{\"id\": 95, \"status\": \"TRIAL\", \"created_at\": \"2026-02-25 15:21:11\", \"created_by\": null, \"deleted_at\": null, \"start_date\": \"2026-02-25\", \"updated_at\": \"2026-03-06 13:01:00\", \"updated_by\": 9, \"customer_id\": 3, \"project_code\": \"DA003\", \"project_name\": \"Dự án Giải pháp VNPT HIS - Bệnh viện Sản - Nhi Hậu Giang\", \"opportunity_id\": null, \"investment_mode\": \"DAU_TU\", \"expected_end_date\": \"2026-11-25\"}','{\"id\": 95, \"status\": \"TRIAL\", \"created_at\": \"2026-02-25 15:21:11\", \"created_by\": null, \"deleted_at\": null, \"start_date\": \"2026-02-25\", \"updated_at\": \"2026-03-06 13:01:00\", \"updated_by\": 9, \"customer_id\": 3, \"project_code\": \"DA003\", \"project_name\": \"Dự án Giải pháp VNPT HIS - Bệnh viện Sản - Nhi Hậu Giang\", \"opportunity_id\": null, \"investment_mode\": \"DAU_TU\", \"expected_end_date\": \"2026-11-25\"}','http://127.0.0.1:8001/api/v5/projects/95','127.0.0.1','Mozilla/5.0 (Macintosh; Intel Mac OS X 10_15_7) AppleWebKit/537.36 (KHTML, like Gecko) Chrome/145.0.0.0 Safari/537.36','2026-03-06 13:01:45',9),(72,'104d8d0e-4e61-43e2-98c7-e82cbc440e01','UPDATE','projects',95,'{\"id\": 95, \"status\": \"TRIAL\", \"created_at\": \"2026-02-25 15:21:11\", \"created_by\": null, \"deleted_at\": null, \"start_date\": \"2026-02-25\", \"updated_at\": \"2026-03-06 13:01:00\", \"updated_by\": 9, \"customer_id\": 3, \"project_code\": \"DA003\", \"project_name\": \"Dự án Giải pháp VNPT HIS - Bệnh viện Sản - Nhi Hậu Giang\", \"opportunity_id\": null, \"investment_mode\": \"DAU_TU\", \"expected_end_date\": \"2026-11-25\"}','{\"id\": 95, \"status\": \"TRIAL\", \"created_at\": \"2026-02-25 15:21:11\", \"created_by\": null, \"deleted_at\": null, \"start_date\": \"2026-02-25\", \"updated_at\": \"2026-03-06 13:01:00\", \"updated_by\": 9, \"customer_id\": 3, \"project_code\": \"DA003\", \"project_name\": \"Dự án Giải pháp VNPT HIS - Bệnh viện Sản - Nhi Hậu Giang\", \"opportunity_id\": null, \"investment_mode\": \"DAU_TU\", \"expected_end_date\": \"2026-11-25\"}','http://127.0.0.1:8001/api/v5/projects/95','127.0.0.1','Mozilla/5.0 (Macintosh; Intel Mac OS X 10_15_7) AppleWebKit/537.36 (KHTML, like Gecko) Chrome/145.0.0.0 Safari/537.36','2026-03-06 13:02:29',9),(73,'3894a275-c43a-4da5-97fd-a2dab1eb8c0a','UPDATE','projects',95,'{\"id\": 95, \"status\": \"TRIAL\", \"created_at\": \"2026-02-25 15:21:11\", \"created_by\": null, \"deleted_at\": null, \"start_date\": \"2026-02-25\", \"updated_at\": \"2026-03-06 13:01:00\", \"updated_by\": 9, \"customer_id\": 3, \"project_code\": \"DA003\", \"project_name\": \"Dự án Giải pháp VNPT HIS - Bệnh viện Sản - Nhi Hậu Giang\", \"opportunity_id\": null, \"investment_mode\": \"DAU_TU\", \"expected_end_date\": \"2026-11-25\"}','{\"id\": 95, \"status\": \"TRIAL\", \"created_at\": \"2026-02-25 15:21:11\", \"created_by\": null, \"deleted_at\": null, \"start_date\": \"2026-02-25\", \"updated_at\": \"2026-03-06 13:01:00\", \"updated_by\": 9, \"customer_id\": 3, \"project_code\": \"DA003\", \"project_name\": \"Dự án Giải pháp VNPT HIS - Bệnh viện Sản - Nhi Hậu Giang\", \"opportunity_id\": null, \"investment_mode\": \"DAU_TU\", \"expected_end_date\": \"2026-11-25\"}','http://127.0.0.1:8001/api/v5/projects/95','127.0.0.1','Mozilla/5.0 (Macintosh; Intel Mac OS X 10_15_7) AppleWebKit/537.36 (KHTML, like Gecko) Chrome/145.0.0.0 Safari/537.36','2026-03-06 13:29:18',9),(74,'b27783f7-f6a5-4089-a6d9-8d2f00a1fc96','UPDATE','projects',95,'{\"id\": 95, \"status\": \"TRIAL\", \"created_at\": \"2026-02-25 15:21:11\", \"created_by\": null, \"deleted_at\": null, \"start_date\": \"2026-02-25\", \"updated_at\": \"2026-03-06 13:01:00\", \"updated_by\": 9, \"customer_id\": 3, \"project_code\": \"DA003\", \"project_name\": \"Dự án Giải pháp VNPT HIS - Bệnh viện Sản - Nhi Hậu Giang\", \"opportunity_id\": null, \"investment_mode\": \"DAU_TU\", \"expected_end_date\": \"2026-11-25\"}','{\"id\": 95, \"status\": \"TRIAL\", \"created_at\": \"2026-02-25 15:21:11\", \"created_by\": null, \"deleted_at\": null, \"start_date\": \"2026-02-25\", \"updated_at\": \"2026-03-06 13:01:00\", \"updated_by\": 9, \"customer_id\": 3, \"project_code\": \"DA003\", \"project_name\": \"Dự án Giải pháp VNPT HIS - Bệnh viện Sản - Nhi Hậu Giang\", \"opportunity_id\": null, \"investment_mode\": \"DAU_TU\", \"expected_end_date\": \"2026-11-25\"}','http://127.0.0.1:8001/api/v5/projects/95','127.0.0.1','Mozilla/5.0 (Macintosh; Intel Mac OS X 10_15_7) AppleWebKit/537.36 (KHTML, like Gecko) Chrome/145.0.0.0 Safari/537.36','2026-03-06 13:29:43',9),(75,'d16425f1-e767-44c5-9bc4-9caff8c33e86','UPDATE','projects',95,'{\"id\": 95, \"status\": \"TRIAL\", \"created_at\": \"2026-02-25 15:21:11\", \"created_by\": null, \"deleted_at\": null, \"start_date\": \"2026-02-25\", \"updated_at\": \"2026-03-06 13:01:00\", \"updated_by\": 9, \"customer_id\": 3, \"project_code\": \"DA003\", \"project_name\": \"Dự án Giải pháp VNPT HIS - Bệnh viện Sản - Nhi Hậu Giang\", \"opportunity_id\": null, \"investment_mode\": \"DAU_TU\", \"expected_end_date\": \"2026-11-25\"}','{\"id\": 95, \"status\": \"TRIAL\", \"created_at\": \"2026-02-25 15:21:11\", \"created_by\": null, \"deleted_at\": null, \"start_date\": \"2026-02-25\", \"updated_at\": \"2026-03-06 13:01:00\", \"updated_by\": 9, \"customer_id\": 3, \"project_code\": \"DA003\", \"project_name\": \"Dự án Giải pháp VNPT HIS - Bệnh viện Sản - Nhi Hậu Giang\", \"opportunity_id\": null, \"investment_mode\": \"DAU_TU\", \"expected_end_date\": \"2026-11-25\"}','http://127.0.0.1:8001/api/v5/projects/95','127.0.0.1','Mozilla/5.0 (Macintosh; Intel Mac OS X 10_15_7) AppleWebKit/537.36 (KHTML, like Gecko) Chrome/145.0.0.0 Safari/537.36','2026-03-06 13:34:56',9),(76,'f6ba8566-a4e7-4677-a37f-a06abc74bffd','UPDATE','projects',98,'{\"id\": 98, \"status\": \"WARRANTY\", \"created_at\": \"2026-02-25 15:21:11\", \"created_by\": null, \"deleted_at\": null, \"start_date\": \"2026-02-25\", \"updated_at\": \"2026-03-02 09:40:50\", \"updated_by\": 9, \"customer_id\": 16, \"project_code\": \"DA016\", \"project_name\": \"Dự án Dịch vụ giám sát SOC - TT Phòng, Chống HIV/AIDS tỉnh Hậu Giang\", \"opportunity_id\": null, \"investment_mode\": \"DAU_TU\", \"expected_end_date\": \"2026-11-25\"}','{\"id\": 98, \"status\": \"WARRANTY\", \"created_at\": \"2026-02-25 15:21:11\", \"created_by\": null, \"deleted_at\": null, \"start_date\": \"2026-02-25\", \"updated_at\": \"2026-03-06 13:53:06\", \"updated_by\": 9, \"customer_id\": 16, \"project_code\": \"DA016\", \"project_name\": \"Dự án Dịch vụ giám sát SOC - TT Phòng, Chống HIV/AIDS tỉnh Hậu Giang\", \"opportunity_id\": null, \"investment_mode\": \"DAU_TU\", \"expected_end_date\": \"2027-11-25\"}','http://127.0.0.1:8001/api/v5/projects/98','127.0.0.1','Mozilla/5.0 (Macintosh; Intel Mac OS X 10_15_7) AppleWebKit/537.36 (KHTML, like Gecko) Chrome/145.0.0.0 Safari/537.36','2026-03-06 13:53:06',9),(77,'cd3c7c36-8490-447c-9872-a8418e31a1b6','INSERT','request_transitions',30,'{\"from_status\": null, \"from_status_catalog_id\": null}','{\"to_status\": \"LAP_TRINH\", \"sub_status\": null, \"request_code\": \"YC031312\", \"workflow_reason\": null, \"customer_request_id\": 12, \"viewer_role_context\": {\"is_pm\": true, \"roles\": [\"ADMIN\", \"PM\", \"CREATOR\"], \"can_view\": true, \"is_admin\": true, \"is_creator\": true, \"is_executor\": false, \"primary_role\": \"ADMIN\"}, \"notification_summary\": {\"total\": 0, \"skipped\": 0, \"resolved\": 0, \"target_roles\": [], \"recipient_user_ids\": []}, \"to_status_catalog_id\": 9, \"workflow_action_code\": null}',NULL,NULL,NULL,'2026-03-13 14:33:25',9),(78,'36a852f6-faab-4b10-bb5a-8d595450b4b9','INSERT','request_transitions',31,'{\"from_status\": null, \"from_status_catalog_id\": null}','{\"to_status\": \"PHAN_TICH\", \"sub_status\": null, \"request_code\": \"YC031313\", \"workflow_reason\": null, \"customer_request_id\": 13, \"viewer_role_context\": {\"is_pm\": true, \"roles\": [\"ADMIN\", \"PM\", \"CREATOR\"], \"can_view\": true, \"is_admin\": true, \"is_creator\": true, \"is_executor\": false, \"primary_role\": \"ADMIN\"}, \"notification_summary\": {\"total\": 0, \"skipped\": 0, \"resolved\": 0, \"target_roles\": [], \"recipient_user_ids\": []}, \"to_status_catalog_id\": 8, \"workflow_action_code\": null}',NULL,NULL,NULL,'2026-03-13 14:38:42',9),(79,'672b1464-89b7-4503-a95d-ae5259d20b6d','INSERT','request_transitions',32,'{\"from_status\": \"PHAN_TICH\", \"from_status_catalog_id\": 8}','{\"to_status\": \"LAP_TRINH\", \"sub_status\": null, \"request_code\": \"YC031313\", \"workflow_reason\": null, \"customer_request_id\": 13, \"viewer_role_context\": {\"is_pm\": true, \"roles\": [\"ADMIN\", \"PM\", \"CREATOR\"], \"can_view\": true, \"is_admin\": true, \"is_creator\": true, \"is_executor\": false, \"primary_role\": \"ADMIN\"}, \"notification_summary\": {\"total\": 0, \"skipped\": 0, \"resolved\": 0, \"target_roles\": [], \"recipient_user_ids\": []}, \"to_status_catalog_id\": 9, \"workflow_action_code\": null}',NULL,NULL,NULL,'2026-03-13 14:39:19',9),(80,'9e7d4e8a-dd88-4cfe-bb60-200ed403b637','INSERT','request_transitions',33,'{\"from_status\": null, \"from_status_catalog_id\": null}','{\"to_status\": \"MOI_TIEP_NHAN\", \"sub_status\": null, \"request_code\": \"YC031414\", \"workflow_reason\": null, \"customer_request_id\": 14, \"viewer_role_context\": {\"is_pm\": true, \"roles\": [\"ADMIN\", \"PM\", \"CREATOR\"], \"can_view\": true, \"is_admin\": true, \"is_creator\": true, \"is_executor\": false, \"primary_role\": \"ADMIN\"}, \"notification_summary\": {\"total\": 0, \"skipped\": 0, \"resolved\": 0, \"target_roles\": [], \"recipient_user_ids\": []}, \"to_status_catalog_id\": 1, \"workflow_action_code\": null}',NULL,NULL,NULL,'2026-03-14 10:18:26',9),(81,'de127687-cfc1-419e-96e0-582bd78e5ab9','INSERT','request_transitions',34,'{\"from_status\": null, \"from_status_catalog_id\": null}','{\"to_status\": \"MOI_TIEP_NHAN\", \"sub_status\": null, \"request_code\": \"YC031415\", \"workflow_reason\": null, \"customer_request_id\": 15, \"viewer_role_context\": {\"is_pm\": true, \"roles\": [\"ADMIN\", \"PM\", \"CREATOR\"], \"can_view\": true, \"is_admin\": true, \"is_creator\": true, \"is_executor\": false, \"primary_role\": \"ADMIN\"}, \"notification_summary\": {\"total\": 0, \"skipped\": 0, \"resolved\": 0, \"target_roles\": [], \"recipient_user_ids\": []}, \"to_status_catalog_id\": 1, \"workflow_action_code\": null}',NULL,NULL,NULL,'2026-03-14 10:19:30',9),(82,'4d62e941-037c-47d2-86a1-fae917466639','INSERT','request_transitions',35,'{\"from_status\": null, \"from_status_catalog_id\": null}','{\"to_status\": \"MOI_TIEP_NHAN\", \"sub_status\": null, \"request_code\": \"YC031416\", \"workflow_reason\": null, \"customer_request_id\": 16, \"viewer_role_context\": {\"is_pm\": true, \"roles\": [\"ADMIN\", \"PM\", \"CREATOR\"], \"can_view\": true, \"is_admin\": true, \"is_creator\": true, \"is_executor\": false, \"primary_role\": \"ADMIN\"}, \"notification_summary\": {\"total\": 0, \"skipped\": 0, \"resolved\": 0, \"target_roles\": [], \"recipient_user_ids\": []}, \"to_status_catalog_id\": 1, \"workflow_action_code\": null}',NULL,NULL,NULL,'2026-03-14 10:20:40',9),(83,'5717222a-1c80-47a8-b206-89ad25236f45','INSERT','request_transitions',36,'{\"from_status\": null, \"from_status_catalog_id\": null}','{\"to_status\": \"MOI_TIEP_NHAN\", \"sub_status\": null, \"request_code\": \"YC031417\", \"workflow_reason\": null, \"customer_request_id\": 17, \"viewer_role_context\": {\"is_pm\": true, \"roles\": [\"ADMIN\", \"PM\", \"CREATOR\"], \"can_view\": true, \"is_admin\": true, \"is_creator\": true, \"is_executor\": false, \"primary_role\": \"ADMIN\"}, \"notification_summary\": {\"total\": 0, \"skipped\": 0, \"resolved\": 0, \"target_roles\": [], \"recipient_user_ids\": []}, \"to_status_catalog_id\": 1, \"workflow_action_code\": null}',NULL,NULL,NULL,'2026-03-14 11:00:58',9),(84,'bed75fa6-0b7b-405d-84f8-1554535a005d','INSERT','request_transitions',37,'{\"from_status\": null, \"from_status_catalog_id\": null}','{\"to_status\": \"MOI_TIEP_NHAN\", \"sub_status\": null, \"request_code\": \"YC031418\", \"workflow_reason\": null, \"customer_request_id\": 18, \"viewer_role_context\": {\"is_pm\": true, \"roles\": [\"ADMIN\", \"PM\", \"CREATOR\"], \"can_view\": true, \"is_admin\": true, \"is_creator\": true, \"is_executor\": false, \"primary_role\": \"ADMIN\"}, \"notification_summary\": {\"total\": 0, \"skipped\": 0, \"resolved\": 0, \"target_roles\": [], \"recipient_user_ids\": []}, \"to_status_catalog_id\": 1, \"workflow_action_code\": null}',NULL,NULL,NULL,'2026-03-14 11:45:51',9),(85,'48cdc587-f5c1-44d0-a8bc-bea583760dee','INSERT','request_transitions',38,'{\"from_status\": null, \"from_status_catalog_id\": null}','{\"to_status\": \"MOI_TIEP_NHAN\", \"sub_status\": null, \"request_code\": \"YC031419\", \"workflow_reason\": null, \"customer_request_id\": 19, \"viewer_role_context\": {\"is_pm\": true, \"roles\": [\"ADMIN\", \"PM\", \"CREATOR\"], \"can_view\": true, \"is_admin\": true, \"is_creator\": true, \"is_executor\": false, \"primary_role\": \"ADMIN\"}, \"notification_summary\": {\"total\": 0, \"skipped\": 0, \"resolved\": 0, \"target_roles\": [], \"recipient_user_ids\": []}, \"to_status_catalog_id\": 1, \"workflow_action_code\": null}',NULL,NULL,NULL,'2026-03-14 13:47:51',9),(86,'d61d5439-9b26-4586-b2c4-0ba8ab2a3704','INSERT','request_transitions',39,'{\"from_status\": null, \"from_status_catalog_id\": null}','{\"to_status\": \"DOI_PHAN_HOI_KH\", \"sub_status\": null, \"request_code\": \"YC031520\", \"workflow_reason\": null, \"customer_request_id\": 20, \"viewer_role_context\": {\"is_pm\": true, \"roles\": [\"ADMIN\", \"PM\", \"CREATOR\"], \"can_view\": true, \"is_admin\": true, \"is_creator\": true, \"is_executor\": false, \"primary_role\": \"ADMIN\"}, \"notification_summary\": {\"total\": 0, \"skipped\": 0, \"resolved\": 0, \"target_roles\": [], \"recipient_user_ids\": []}, \"to_status_catalog_id\": 2, \"workflow_action_code\": null}',NULL,NULL,NULL,'2026-03-15 01:35:59',9),(87,'c904d450-da3d-44a9-bbda-f94750fa5add','INSERT','request_transitions',40,'{\"from_status\": \"DOI_PHAN_HOI_KH\", \"from_status_catalog_id\": 2}','{\"to_status\": \"DOI_PHAN_HOI_KH\", \"sub_status\": null, \"request_code\": \"YC031520\", \"workflow_reason\": null, \"customer_request_id\": 20, \"viewer_role_context\": {\"is_pm\": true, \"roles\": [\"ADMIN\", \"PM\", \"CREATOR\"], \"can_view\": true, \"is_admin\": true, \"is_creator\": true, \"is_executor\": false, \"primary_role\": \"ADMIN\"}, \"notification_summary\": {\"total\": 0, \"skipped\": 0, \"resolved\": 0, \"target_roles\": [], \"recipient_user_ids\": []}, \"to_status_catalog_id\": 2, \"workflow_action_code\": null}',NULL,NULL,NULL,'2026-03-15 01:36:31',9),(88,'6347121f-8807-4ee8-9d9d-38d4e3df68ea','INSERT','request_transitions',41,'{\"from_status\": \"DOI_PHAN_HOI_KH\", \"from_status_catalog_id\": 2}','{\"to_status\": \"DOI_PHAN_HOI_KH\", \"sub_status\": null, \"request_code\": \"YC031520\", \"workflow_reason\": null, \"customer_request_id\": 20, \"viewer_role_context\": {\"is_pm\": true, \"roles\": [\"ADMIN\", \"PM\", \"CREATOR\"], \"can_view\": true, \"is_admin\": true, \"is_creator\": true, \"is_executor\": false, \"primary_role\": \"ADMIN\"}, \"notification_summary\": {\"total\": 0, \"skipped\": 0, \"resolved\": 0, \"target_roles\": [], \"recipient_user_ids\": []}, \"to_status_catalog_id\": 2, \"workflow_action_code\": null}',NULL,NULL,NULL,'2026-03-15 02:10:41',9),(89,'abb6b360-548a-485a-a99d-460f782cd653','UPDATE','projects',95,'{\"id\": 95, \"status\": \"TRIAL\", \"created_at\": \"2026-02-25 15:21:11\", \"created_by\": null, \"deleted_at\": null, \"start_date\": \"2026-02-25\", \"updated_at\": \"2026-03-06 13:01:00\", \"updated_by\": 9, \"customer_id\": 3, \"project_code\": \"DA003\", \"project_name\": \"Dự án Giải pháp VNPT HIS - Bệnh viện Sản - Nhi Hậu Giang\", \"opportunity_id\": null, \"investment_mode\": \"DAU_TU\", \"expected_end_date\": \"2026-11-25\"}','{\"id\": 95, \"status\": \"TRIAL\", \"created_at\": \"2026-02-25 15:21:11\", \"created_by\": null, \"deleted_at\": null, \"start_date\": \"2026-02-25\", \"updated_at\": \"2026-03-15 06:29:04\", \"updated_by\": 9, \"customer_id\": 3, \"project_code\": \"DA003\", \"project_name\": \"Dự án Giải pháp VNPT HIS - Bệnh viện Sản - Nhi Hậu Giang\", \"opportunity_id\": null, \"investment_mode\": \"THUE_DICH_VU\", \"expected_end_date\": \"2026-11-25\"}','http://127.0.0.1:8002/api/v5/projects/95','127.0.0.1','Mozilla/5.0 (Macintosh; Intel Mac OS X 10_15_7) AppleWebKit/537.36 (KHTML, like Gecko) Chrome/145.0.0.0 Safari/537.36','2026-03-15 06:29:04',9),(90,'bc32d70e-7388-4d78-b4a7-e888e1151078','UPDATE','projects',96,'{\"id\": 96, \"status\": \"TRIAL\", \"created_at\": \"2026-02-25 15:21:11\", \"created_by\": null, \"deleted_at\": null, \"start_date\": \"2026-02-25\", \"updated_at\": \"2026-02-25 17:53:13\", \"updated_by\": null, \"customer_id\": 50, \"project_code\": \"DA050\", \"project_name\": \"Dự án Dịch vụ giám sát SOC - TYT phường Bình Thạnh\", \"opportunity_id\": null, \"investment_mode\": \"DAU_TU\", \"expected_end_date\": \"2026-11-25\"}','{\"id\": 96, \"status\": \"TRIAL\", \"created_at\": \"2026-02-25 15:21:11\", \"created_by\": null, \"deleted_at\": null, \"start_date\": \"2026-02-25\", \"updated_at\": \"2026-03-15 13:17:06\", \"updated_by\": 9, \"customer_id\": 50, \"project_code\": \"DA050\", \"project_name\": \"Dự án Dịch vụ giám sát SOC - TYT phường Bình Thạnh\", \"opportunity_id\": null, \"investment_mode\": \"THUE_DICH_VU\", \"expected_end_date\": \"2026-11-25\"}','http://127.0.0.1:8002/api/v5/projects/96','127.0.0.1','Mozilla/5.0 (Macintosh; Intel Mac OS X 10_15_7) AppleWebKit/537.36 (KHTML, like Gecko) Chrome/145.0.0.0 Safari/537.36','2026-03-15 13:17:06',9),(91,'c42dbe29-f4f5-4e1a-a729-cd0d514a247c','INSERT','customer_request_cases',1,NULL,'{\"id\": 1, \"ma_yc\": \"CRC-202603-0001\", \"mo_ta\": null, \"ket_qua\": \"dang_xu_ly\", \"summary\": \"Yêu cầu là bắt buộc\", \"tieu_de\": \"Yêu cầu là bắt buộc\", \"priority\": 1, \"kenh_khac\": null, \"created_at\": \"2026-03-17 14:02:39\", \"created_by\": 9, \"do_uu_tien\": 1, \"product_id\": 1, \"project_id\": 95, \"trang_thai\": \"Mới tiếp nhận\", \"updated_at\": \"2026-03-17 14:02:39\", \"updated_by\": 9, \"customer_id\": 3, \"description\": null, \"received_at\": \"2026-03-17 14:02:39\", \"completed_at\": null, \"nguoi_tao_id\": 9, \"request_code\": \"CRC-202603-0001\", \"customer_name\": \"Bệnh viện Sản - Nhi Hậu Giang\", \"khach_hang_id\": 3, \"kenh_tiep_nhan\": \"HOÀN THIỆN PHẦN MỀM\", \"nguoi_tao_name\": \"Phan Văn Rở\", \"requester_name\": null, \"source_channel\": null, \"created_by_name\": \"Phan Văn Rở\", \"khach_hang_name\": \"Bệnh viện Sản - Nhi Hậu Giang\", \"project_item_id\": 142, \"updated_by_name\": \"Phan Văn Rở\", \"received_by_name\": \"Phan Văn Rở\", \"current_status_code\": \"new_intake\", \"received_by_user_id\": 9, \"tien_trinh_hien_tai\": \"new_intake\", \"current_process_label\": \"Mới tiếp nhận\", \"customer_personnel_id\": null, \"current_status_name_vi\": \"Mới tiếp nhận\", \"reported_to_customer_at\": null, \"support_service_group_id\": 5, \"current_status_instance_id\": 1, \"legacy_customer_request_id\": null, \"support_service_group_name\": \"HOÀN THIỆN PHẦN MỀM\"}',NULL,NULL,NULL,'2026-03-17 14:02:39',9),(92,'00d56665-1a10-4d37-b58b-0b48c7c7e8f0','UPDATE','customer_request_cases',1,'{\"id\": 1, \"ma_yc\": \"CRC-202603-0001\", \"mo_ta\": null, \"ket_qua\": \"dang_xu_ly\", \"summary\": \"Yêu cầu là bắt buộc\", \"tieu_de\": \"Yêu cầu là bắt buộc\", \"priority\": 1, \"kenh_khac\": null, \"created_at\": \"2026-03-17 14:02:39\", \"created_by\": 9, \"do_uu_tien\": 1, \"product_id\": 1, \"project_id\": 95, \"trang_thai\": \"Mới tiếp nhận\", \"updated_at\": \"2026-03-17 14:02:39\", \"updated_by\": 9, \"customer_id\": 3, \"description\": null, \"received_at\": \"2026-03-17 14:02:39\", \"completed_at\": null, \"nguoi_tao_id\": 9, \"request_code\": \"CRC-202603-0001\", \"customer_name\": \"Bệnh viện Sản - Nhi Hậu Giang\", \"khach_hang_id\": 3, \"kenh_tiep_nhan\": \"HOÀN THIỆN PHẦN MỀM\", \"nguoi_tao_name\": \"Phan Văn Rở\", \"requester_name\": null, \"source_channel\": null, \"created_by_name\": \"Phan Văn Rở\", \"khach_hang_name\": \"Bệnh viện Sản - Nhi Hậu Giang\", \"project_item_id\": 142, \"updated_by_name\": \"Phan Văn Rở\", \"received_by_name\": \"Phan Văn Rở\", \"current_status_code\": \"new_intake\", \"received_by_user_id\": 9, \"tien_trinh_hien_tai\": \"new_intake\", \"current_process_label\": \"Mới tiếp nhận\", \"customer_personnel_id\": null, \"current_status_name_vi\": \"Mới tiếp nhận\", \"reported_to_customer_at\": null, \"support_service_group_id\": 5, \"current_status_instance_id\": 1, \"legacy_customer_request_id\": null, \"support_service_group_name\": \"HOÀN THIỆN PHẦN MỀM\"}','{\"id\": 1, \"ma_yc\": \"CRC-202603-0001\", \"mo_ta\": null, \"ket_qua\": \"dang_xu_ly\", \"summary\": \"Yêu cầu là bắt buộc\", \"tieu_de\": \"Yêu cầu là bắt buộc\", \"priority\": 1, \"kenh_khac\": null, \"created_at\": \"2026-03-17 14:02:39\", \"created_by\": 9, \"do_uu_tien\": 1, \"product_id\": 1, \"project_id\": 95, \"trang_thai\": \"Mới tiếp nhận\", \"updated_at\": \"2026-03-17 14:03:26\", \"updated_by\": 9, \"customer_id\": 3, \"description\": null, \"received_at\": \"2026-03-17 14:02:39\", \"completed_at\": null, \"nguoi_tao_id\": 9, \"request_code\": \"CRC-202603-0001\", \"customer_name\": \"Bệnh viện Sản - Nhi Hậu Giang\", \"khach_hang_id\": 3, \"kenh_tiep_nhan\": \"HOÀN THIỆN PHẦN MỀM\", \"nguoi_tao_name\": \"Phan Văn Rở\", \"requester_name\": null, \"source_channel\": null, \"created_by_name\": \"Phan Văn Rở\", \"khach_hang_name\": \"Bệnh viện Sản - Nhi Hậu Giang\", \"project_item_id\": 142, \"updated_by_name\": \"Phan Văn Rở\", \"received_by_name\": \"Phan Văn Rở\", \"current_status_code\": \"new_intake\", \"received_by_user_id\": 9, \"tien_trinh_hien_tai\": \"new_intake\", \"current_process_label\": \"Mới tiếp nhận\", \"customer_personnel_id\": null, \"current_status_name_vi\": \"Mới tiếp nhận\", \"reported_to_customer_at\": null, \"support_service_group_id\": 5, \"current_status_instance_id\": 1, \"legacy_customer_request_id\": null, \"support_service_group_name\": \"HOÀN THIỆN PHẦN MỀM\"}',NULL,NULL,NULL,'2026-03-17 14:03:26',9),(93,'82c63639-a9f7-463a-866b-7ea505b610a8','DELETE','customer_request_cases',1,'{\"id\": 1, \"ma_yc\": \"CRC-202603-0001\", \"mo_ta\": null, \"ket_qua\": \"dang_xu_ly\", \"summary\": \"Yêu cầu là bắt buộc\", \"tieu_de\": \"Yêu cầu là bắt buộc\", \"priority\": 1, \"kenh_khac\": null, \"created_at\": \"2026-03-17 14:02:39\", \"created_by\": 9, \"do_uu_tien\": 1, \"product_id\": 1, \"project_id\": 95, \"trang_thai\": \"Mới tiếp nhận\", \"updated_at\": \"2026-03-17 14:03:26\", \"updated_by\": 9, \"customer_id\": 3, \"description\": null, \"received_at\": \"2026-03-17 14:02:39\", \"completed_at\": null, \"nguoi_tao_id\": 9, \"request_code\": \"CRC-202603-0001\", \"customer_name\": \"Bệnh viện Sản - Nhi Hậu Giang\", \"khach_hang_id\": 3, \"kenh_tiep_nhan\": \"HOÀN THIỆN PHẦN MỀM\", \"nguoi_tao_name\": \"Phan Văn Rở\", \"requester_name\": null, \"source_channel\": null, \"created_by_name\": \"Phan Văn Rở\", \"khach_hang_name\": \"Bệnh viện Sản - Nhi Hậu Giang\", \"project_item_id\": 142, \"updated_by_name\": \"Phan Văn Rở\", \"received_by_name\": \"Phan Văn Rở\", \"current_status_code\": \"new_intake\", \"received_by_user_id\": 9, \"tien_trinh_hien_tai\": \"new_intake\", \"current_process_label\": \"Mới tiếp nhận\", \"customer_personnel_id\": null, \"current_status_name_vi\": \"Mới tiếp nhận\", \"reported_to_customer_at\": null, \"support_service_group_id\": 5, \"current_status_instance_id\": 1, \"legacy_customer_request_id\": null, \"support_service_group_name\": \"HOÀN THIỆN PHẦN MỀM\"}',NULL,NULL,NULL,NULL,'2026-03-17 14:03:30',9),(94,'fea1348e-a2eb-42d0-a01f-8de452bd9a5d','INSERT','customer_request_cases',2,NULL,'{\"id\": 2, \"ma_yc\": \"CRC-202603-0002\", \"mo_ta\": null, \"ket_qua\": \"dang_xu_ly\", \"summary\": \"Kết nối LIS - Bệnh Viện Sản Nhi\", \"tieu_de\": \"Kết nối LIS - Bệnh Viện Sản Nhi\", \"priority\": 2, \"kenh_khac\": null, \"created_at\": \"2026-03-17 14:21:41\", \"created_by\": 9, \"do_uu_tien\": 2, \"product_id\": 3, \"project_id\": 95, \"trang_thai\": \"Mới tiếp nhận\", \"updated_at\": \"2026-03-17 14:21:41\", \"updated_by\": 9, \"customer_id\": 3, \"description\": null, \"received_at\": \"2026-03-17 14:21:41\", \"completed_at\": null, \"nguoi_tao_id\": 9, \"request_code\": \"CRC-202603-0002\", \"customer_name\": \"Bệnh viện Sản - Nhi Hậu Giang\", \"khach_hang_id\": 3, \"kenh_tiep_nhan\": \"HIS L2\", \"nguoi_tao_name\": \"Phan Văn Rở\", \"requester_name\": \"Hồ Sơn Tùng\", \"source_channel\": null, \"created_by_name\": \"Phan Văn Rở\", \"khach_hang_name\": \"Bệnh viện Sản - Nhi Hậu Giang\", \"project_item_id\": 143, \"updated_by_name\": \"Phan Văn Rở\", \"received_by_name\": \"Phan Văn Rở\", \"current_status_code\": \"new_intake\", \"received_by_user_id\": 9, \"tien_trinh_hien_tai\": \"new_intake\", \"current_process_label\": \"Mới tiếp nhận\", \"customer_personnel_id\": 3, \"current_status_name_vi\": \"Mới tiếp nhận\", \"reported_to_customer_at\": null, \"support_service_group_id\": 1, \"current_status_instance_id\": 2, \"legacy_customer_request_id\": null, \"support_service_group_name\": \"HIS L2\"}',NULL,NULL,NULL,'2026-03-17 14:21:41',9),(95,'1cbd5699-0079-4032-9f4e-f057772fa833','UPDATE','customer_request_cases',2,'{\"id\": 2, \"ma_yc\": \"CRC-202603-0002\", \"mo_ta\": null, \"ket_qua\": \"dang_xu_ly\", \"summary\": \"Kết nối LIS - Bệnh Viện Sản Nhi\", \"tieu_de\": \"Kết nối LIS - Bệnh Viện Sản Nhi\", \"priority\": 2, \"kenh_khac\": null, \"created_at\": \"2026-03-17 14:21:41\", \"created_by\": 9, \"do_uu_tien\": 2, \"product_id\": 3, \"project_id\": 95, \"trang_thai\": \"Mới tiếp nhận\", \"updated_at\": \"2026-03-17 14:21:41\", \"updated_by\": 9, \"customer_id\": 3, \"description\": null, \"received_at\": \"2026-03-17 14:21:41\", \"completed_at\": null, \"nguoi_tao_id\": 9, \"request_code\": \"CRC-202603-0002\", \"customer_name\": \"Bệnh viện Sản - Nhi Hậu Giang\", \"khach_hang_id\": 3, \"kenh_tiep_nhan\": \"HIS L2\", \"nguoi_tao_name\": \"Phan Văn Rở\", \"requester_name\": \"Hồ Sơn Tùng\", \"source_channel\": null, \"created_by_name\": \"Phan Văn Rở\", \"khach_hang_name\": \"Bệnh viện Sản - Nhi Hậu Giang\", \"project_item_id\": 143, \"updated_by_name\": \"Phan Văn Rở\", \"received_by_name\": \"Phan Văn Rở\", \"current_status_code\": \"new_intake\", \"received_by_user_id\": 9, \"tien_trinh_hien_tai\": \"new_intake\", \"current_process_label\": \"Mới tiếp nhận\", \"customer_personnel_id\": 3, \"current_status_name_vi\": \"Mới tiếp nhận\", \"reported_to_customer_at\": null, \"support_service_group_id\": 1, \"current_status_instance_id\": 2, \"legacy_customer_request_id\": null, \"support_service_group_name\": \"HIS L2\"}','{\"id\": 2, \"ma_yc\": \"CRC-202603-0002\", \"mo_ta\": null, \"ket_qua\": \"dang_xu_ly\", \"summary\": \"Kết nối LIS - Bệnh Viện Sản Nhi\", \"tieu_de\": \"Kết nối LIS - Bệnh Viện Sản Nhi\", \"priority\": 2, \"kenh_khac\": null, \"created_at\": \"2026-03-17 14:21:41\", \"created_by\": 9, \"do_uu_tien\": 2, \"product_id\": 3, \"project_id\": 95, \"trang_thai\": \"Mới tiếp nhận\", \"updated_at\": \"2026-03-18 03:46:26\", \"updated_by\": 9, \"customer_id\": 3, \"description\": null, \"received_at\": \"2026-03-17 14:21:41\", \"completed_at\": null, \"nguoi_tao_id\": 9, \"request_code\": \"CRC-202603-0002\", \"customer_name\": \"Bệnh viện Sản - Nhi Hậu Giang\", \"khach_hang_id\": 3, \"kenh_tiep_nhan\": \"HIS L2\", \"nguoi_tao_name\": \"Phan Văn Rở\", \"requester_name\": \"Hồ Sơn Tùng\", \"source_channel\": null, \"created_by_name\": \"Phan Văn Rở\", \"khach_hang_name\": \"Bệnh viện Sản - Nhi Hậu Giang\", \"project_item_id\": 143, \"updated_by_name\": \"Phan Văn Rở\", \"received_by_name\": \"Phan Văn Rở\", \"current_status_code\": \"new_intake\", \"received_by_user_id\": 9, \"tien_trinh_hien_tai\": \"new_intake\", \"current_process_label\": \"Mới tiếp nhận\", \"customer_personnel_id\": 3, \"current_status_name_vi\": \"Mới tiếp nhận\", \"reported_to_customer_at\": null, \"support_service_group_id\": 1, \"current_status_instance_id\": 2, \"legacy_customer_request_id\": null, \"support_service_group_name\": \"HIS L2\"}',NULL,NULL,NULL,'2026-03-18 03:46:26',9),(96,'dc9241a9-3b23-416f-a4c0-a9ae982bbfc2','INSERT','feedback_requests',1,NULL,'{\"id\": 1, \"uuid\": \"38fa9cf6-8364-40da-882a-cbc05d0fba73\", \"title\": \"Hệ thống lỗi\", \"status\": \"OPEN\", \"priority\": \"UNRATED\", \"created_at\": \"2026-03-18 06:51:32\", \"created_by\": 9, \"updated_at\": \"2026-03-18 06:51:32\", \"updated_by\": 9, \"description\": \"Cần điều chỉnh\"}','http://127.0.0.1:8000/api/v5/feedback-requests','127.0.0.1','Mozilla/5.0 (Macintosh; Intel Mac OS X 10_15_7) AppleWebKit/537.36 (KHTML, like Gecko) Chrome/145.0.0.0 Safari/537.36','2026-03-18 06:51:32',9),(97,'ede9856c-1ce2-4738-98d6-f16be5943dea','INSERT','feedback_requests',2,NULL,'{\"id\": 2, \"uuid\": \"b55b4008-d98c-4de0-b7d6-2098aa86a66d\", \"title\": \"Góp ý\", \"status\": \"OPEN\", \"priority\": \"UNRATED\", \"created_at\": \"2026-03-18 07:49:34\", \"created_by\": 9, \"updated_at\": \"2026-03-18 07:49:34\", \"updated_by\": 9, \"description\": \"Mô tả góp ý\"}','http://127.0.0.1:8000/api/v5/feedback-requests','127.0.0.1','Mozilla/5.0 (Macintosh; Intel Mac OS X 10_15_7) AppleWebKit/537.36 (KHTML, like Gecko) Chrome/145.0.0.0 Safari/537.36','2026-03-18 07:49:34',9),(98,'1ec93cb6-d31f-4689-b9a8-783e80a9e710','INSERT','feedback_responses',1,NULL,'{\"id\": 1, \"content\": \"Đã xử lý\", \"created_at\": \"2026-03-18 07:49:56\", \"created_by\": 9, \"updated_at\": \"2026-03-18 07:49:56\", \"feedback_id\": 2, \"is_admin_response\": true}','http://127.0.0.1:8000/api/v5/feedback-requests/2/responses','127.0.0.1','Mozilla/5.0 (Macintosh; Intel Mac OS X 10_15_7) AppleWebKit/537.36 (KHTML, like Gecko) Chrome/145.0.0.0 Safari/537.36','2026-03-18 07:49:56',9),(99,'7b8260de-915b-42a8-bf70-a29962ffc692','INSERT','feedback_responses',2,NULL,'{\"id\": 2, \"content\": \"Chưa xong\", \"created_at\": \"2026-03-18 08:40:59\", \"created_by\": 9, \"updated_at\": \"2026-03-18 08:40:59\", \"feedback_id\": 2, \"is_admin_response\": true}','http://127.0.0.1:8000/api/v5/feedback-requests/2/responses','127.0.0.1','Mozilla/5.0 (Macintosh; Intel Mac OS X 10_15_7) AppleWebKit/537.36 (KHTML, like Gecko) Chrome/145.0.0.0 Safari/537.36','2026-03-18 08:40:59',9),(100,'90cc0f23-ce33-4960-a62b-eb702d81d6df','UPDATE','feedback_requests',1,'{\"id\": 1, \"uuid\": \"38fa9cf6-8364-40da-882a-cbc05d0fba73\", \"title\": \"Hệ thống lỗi\", \"status\": \"OPEN\", \"priority\": \"UNRATED\", \"created_at\": \"2026-03-18 06:51:32\", \"created_by\": 9, \"deleted_at\": null, \"updated_at\": \"2026-03-18 06:51:32\", \"updated_by\": 9, \"description\": \"Cần điều chỉnh\", \"status_changed_at\": null, \"status_changed_by\": null}','{\"id\": 1, \"uuid\": \"38fa9cf6-8364-40da-882a-cbc05d0fba73\", \"title\": \"Hệ thống lỗi\", \"status\": \"IN_PROGRESS\", \"priority\": \"UNRATED\", \"created_at\": \"2026-03-18 06:51:32\", \"created_by\": 9, \"deleted_at\": null, \"updated_at\": \"2026-03-18 08:43:49\", \"updated_by\": 9, \"description\": \"Cần điều chỉnh\", \"status_changed_at\": \"2026-03-18 08:43:49\", \"status_changed_by\": 9}','http://127.0.0.1:8000/api/v5/feedback-requests/1','127.0.0.1','Mozilla/5.0 (Macintosh; Intel Mac OS X 10_15_7) AppleWebKit/537.36 (KHTML, like Gecko) Chrome/145.0.0.0 Safari/537.36','2026-03-18 08:43:49',9),(101,'72f5c61f-5696-40ef-9135-df4b1ebad0a7','UPDATE','feedback_requests',2,'{\"id\": 2, \"uuid\": \"b55b4008-d98c-4de0-b7d6-2098aa86a66d\", \"title\": \"Góp ý\", \"status\": \"OPEN\", \"priority\": \"UNRATED\", \"created_at\": \"2026-03-18 07:49:34\", \"created_by\": 9, \"deleted_at\": null, \"updated_at\": \"2026-03-18 07:49:34\", \"updated_by\": 9, \"description\": \"Mô tả góp ý\", \"status_changed_at\": null, \"status_changed_by\": null}','{\"id\": 2, \"uuid\": \"b55b4008-d98c-4de0-b7d6-2098aa86a66d\", \"title\": \"Góp ý\", \"status\": \"IN_PROGRESS\", \"priority\": \"UNRATED\", \"created_at\": \"2026-03-18 07:49:34\", \"created_by\": 9, \"deleted_at\": null, \"updated_at\": \"2026-03-18 08:43:57\", \"updated_by\": 9, \"description\": \"Mô tả góp ý\", \"status_changed_at\": \"2026-03-18 08:43:57\", \"status_changed_by\": 9}','http://127.0.0.1:8000/api/v5/feedback-requests/2','127.0.0.1','Mozilla/5.0 (Macintosh; Intel Mac OS X 10_15_7) AppleWebKit/537.36 (KHTML, like Gecko) Chrome/145.0.0.0 Safari/537.36','2026-03-18 08:43:57',9),(102,'1429201f-cce6-4ac2-a829-80dd3814e1d8','UPDATE','feedback_requests',2,'{\"id\": 2, \"uuid\": \"b55b4008-d98c-4de0-b7d6-2098aa86a66d\", \"title\": \"Góp ý\", \"status\": \"IN_PROGRESS\", \"priority\": \"UNRATED\", \"created_at\": \"2026-03-18 07:49:34\", \"created_by\": 9, \"deleted_at\": null, \"updated_at\": \"2026-03-18 08:43:57\", \"updated_by\": 9, \"description\": \"Mô tả góp ý\", \"status_changed_at\": \"2026-03-18 08:43:57\", \"status_changed_by\": 9}','{\"id\": 2, \"uuid\": \"b55b4008-d98c-4de0-b7d6-2098aa86a66d\", \"title\": \"Góp ý\", \"status\": \"RESOLVED\", \"priority\": \"UNRATED\", \"created_at\": \"2026-03-18 07:49:34\", \"created_by\": 9, \"deleted_at\": null, \"updated_at\": \"2026-03-18 08:44:02\", \"updated_by\": 9, \"description\": \"Mô tả góp ý\", \"status_changed_at\": \"2026-03-18 08:44:02\", \"status_changed_by\": 9}','http://127.0.0.1:8000/api/v5/feedback-requests/2','127.0.0.1','Mozilla/5.0 (Macintosh; Intel Mac OS X 10_15_7) AppleWebKit/537.36 (KHTML, like Gecko) Chrome/145.0.0.0 Safari/537.36','2026-03-18 08:44:02',9),(103,'8c38aac5-2510-4439-a5d9-246bae17ad93','UPDATE','customer_request_cases',2,'{\"id\": 2, \"ma_yc\": \"CRC-202603-0002\", \"mo_ta\": null, \"ket_qua\": \"dang_xu_ly\", \"summary\": \"Kết nối LIS - Bệnh Viện Sản Nhi\", \"tieu_de\": \"Kết nối LIS - Bệnh Viện Sản Nhi\", \"priority\": 2, \"kenh_khac\": null, \"created_at\": \"2026-03-17 14:21:41\", \"created_by\": 9, \"do_uu_tien\": 2, \"product_id\": 3, \"project_id\": 95, \"trang_thai\": \"Mới tiếp nhận\", \"updated_at\": \"2026-03-18 03:46:26\", \"updated_by\": 9, \"customer_id\": 3, \"description\": null, \"received_at\": \"2026-03-17 14:21:41\", \"completed_at\": null, \"nguoi_tao_id\": 9, \"request_code\": \"CRC-202603-0002\", \"customer_name\": \"Bệnh viện Sản - Nhi Hậu Giang\", \"khach_hang_id\": 3, \"kenh_tiep_nhan\": \"HIS L2\", \"nguoi_tao_name\": \"Phan Văn Rở\", \"requester_name\": \"Hồ Sơn Tùng\", \"source_channel\": null, \"created_by_name\": \"Phan Văn Rở\", \"khach_hang_name\": \"Bệnh viện Sản - Nhi Hậu Giang\", \"project_item_id\": 143, \"updated_by_name\": \"Phan Văn Rở\", \"received_by_name\": \"Phan Văn Rở\", \"current_status_code\": \"new_intake\", \"received_by_user_id\": 9, \"tien_trinh_hien_tai\": \"new_intake\", \"current_process_label\": \"Mới tiếp nhận\", \"customer_personnel_id\": 3, \"current_status_name_vi\": \"Mới tiếp nhận\", \"reported_to_customer_at\": null, \"support_service_group_id\": 1, \"current_status_instance_id\": 2, \"legacy_customer_request_id\": null, \"support_service_group_name\": \"HIS L2\"}','{\"id\": 2, \"ma_yc\": \"CRC-202603-0002\", \"mo_ta\": null, \"ket_qua\": \"dang_xu_ly\", \"summary\": \"Kết nối LIS - Bệnh Viện Sản Nhi\", \"tieu_de\": \"Kết nối LIS - Bệnh Viện Sản Nhi\", \"priority\": 2, \"kenh_khac\": null, \"created_at\": \"2026-03-17 14:21:41\", \"created_by\": 9, \"do_uu_tien\": 2, \"product_id\": 3, \"project_id\": 95, \"trang_thai\": \"Đợi phản hồi từ khách hàng\", \"updated_at\": \"2026-03-18 10:47:02\", \"updated_by\": 9, \"customer_id\": 3, \"description\": null, \"received_at\": \"2026-03-17 14:21:41\", \"completed_at\": null, \"nguoi_tao_id\": 9, \"request_code\": \"CRC-202603-0002\", \"customer_name\": \"Bệnh viện Sản - Nhi Hậu Giang\", \"khach_hang_id\": 3, \"kenh_tiep_nhan\": \"HIS L2\", \"nguoi_tao_name\": \"Phan Văn Rở\", \"requester_name\": \"Hồ Sơn Tùng\", \"source_channel\": null, \"created_by_name\": \"Phan Văn Rở\", \"khach_hang_name\": \"Bệnh viện Sản - Nhi Hậu Giang\", \"project_item_id\": 143, \"updated_by_name\": \"Phan Văn Rở\", \"received_by_name\": \"Phan Văn Rở\", \"current_status_code\": \"waiting_customer_feedback\", \"received_by_user_id\": 9, \"tien_trinh_hien_tai\": \"waiting_customer_feedback\", \"current_process_label\": \"Đợi phản hồi từ khách hàng\", \"customer_personnel_id\": 3, \"current_status_name_vi\": \"Đợi phản hồi từ khách hàng\", \"reported_to_customer_at\": null, \"support_service_group_id\": 1, \"current_status_instance_id\": 3, \"legacy_customer_request_id\": null, \"support_service_group_name\": \"HIS L2\"}',NULL,NULL,NULL,'2026-03-18 10:47:02',9),(104,'f9f96ab8-0fb4-4fc5-8000-b970ffec37bf','INSERT','customer_request_cases',10,NULL,'{\"id\": 10, \"ma_yc\": \"CRC-202603-0003\", \"mo_ta\": \"Không đăng nhập được\", \"ket_qua\": \"dang_xu_ly\", \"summary\": \"Lỗi phần mềm lis\", \"tieu_de\": \"Lỗi phần mềm lis\", \"priority\": 2, \"kenh_khac\": \"Kênh khác\", \"created_at\": \"2026-03-18 12:52:30\", \"created_by\": 9, \"do_uu_tien\": 2, \"product_id\": 3, \"project_id\": 95, \"trang_thai\": \"Mới tiếp nhận\", \"updated_at\": \"2026-03-18 12:52:30\", \"updated_by\": 9, \"customer_id\": 3, \"description\": \"Không đăng nhập được\", \"received_at\": \"2026-03-18 12:52:30\", \"completed_at\": null, \"nguoi_tao_id\": 9, \"request_code\": \"CRC-202603-0003\", \"customer_name\": \"Bệnh viện Sản - Nhi Hậu Giang\", \"khach_hang_id\": 3, \"kenh_tiep_nhan\": \"HIS L3\", \"nguoi_tao_name\": \"Phan Văn Rở\", \"requester_name\": \"Hồ Sơn Tùng\", \"source_channel\": \"Kênh khác\", \"created_by_name\": \"Phan Văn Rở\", \"khach_hang_name\": \"Bệnh viện Sản - Nhi Hậu Giang\", \"project_item_id\": 143, \"updated_by_name\": \"Phan Văn Rở\", \"received_by_name\": \"Phan Văn Rở\", \"current_status_code\": \"new_intake\", \"received_by_user_id\": 9, \"tien_trinh_hien_tai\": \"new_intake\", \"current_process_label\": \"Mới tiếp nhận\", \"customer_personnel_id\": 3, \"current_status_name_vi\": \"Mới tiếp nhận\", \"reported_to_customer_at\": null, \"support_service_group_id\": 2, \"current_status_instance_id\": 11, \"legacy_customer_request_id\": null, \"support_service_group_name\": \"HIS L3\"}',NULL,NULL,NULL,'2026-03-18 12:52:30',9),(105,'f40555ff-be05-4681-bcb8-f9ae843109c5','UPDATE','customer_request_cases',10,'{\"id\": 10, \"ma_yc\": \"CRC-202603-0003\", \"mo_ta\": \"Không đăng nhập được\", \"ket_qua\": \"dang_xu_ly\", \"summary\": \"Lỗi phần mềm lis\", \"tieu_de\": \"Lỗi phần mềm lis\", \"priority\": 2, \"kenh_khac\": \"Kênh khác\", \"created_at\": \"2026-03-18 12:52:30\", \"created_by\": 9, \"do_uu_tien\": 2, \"product_id\": 3, \"project_id\": 95, \"trang_thai\": \"Mới tiếp nhận\", \"updated_at\": \"2026-03-18 12:52:30\", \"updated_by\": 9, \"customer_id\": 3, \"description\": \"Không đăng nhập được\", \"received_at\": \"2026-03-18 12:52:30\", \"completed_at\": null, \"nguoi_tao_id\": 9, \"request_code\": \"CRC-202603-0003\", \"customer_name\": \"Bệnh viện Sản - Nhi Hậu Giang\", \"khach_hang_id\": 3, \"kenh_tiep_nhan\": \"HIS L3\", \"nguoi_tao_name\": \"Phan Văn Rở\", \"requester_name\": \"Hồ Sơn Tùng\", \"source_channel\": \"Kênh khác\", \"created_by_name\": \"Phan Văn Rở\", \"khach_hang_name\": \"Bệnh viện Sản - Nhi Hậu Giang\", \"project_item_id\": 143, \"updated_by_name\": \"Phan Văn Rở\", \"received_by_name\": \"Phan Văn Rở\", \"current_status_code\": \"new_intake\", \"received_by_user_id\": 9, \"tien_trinh_hien_tai\": \"new_intake\", \"current_process_label\": \"Mới tiếp nhận\", \"customer_personnel_id\": 3, \"current_status_name_vi\": \"Mới tiếp nhận\", \"reported_to_customer_at\": null, \"support_service_group_id\": 2, \"current_status_instance_id\": 11, \"legacy_customer_request_id\": null, \"support_service_group_name\": \"HIS L3\"}','{\"id\": 10, \"ma_yc\": \"CRC-202603-0003\", \"mo_ta\": \"Không đăng nhập được\", \"ket_qua\": \"dang_xu_ly\", \"summary\": \"Lỗi phần mềm lis\", \"tieu_de\": \"Lỗi phần mềm lis\", \"priority\": 2, \"kenh_khac\": \"Kênh khác\", \"created_at\": \"2026-03-18 12:52:30\", \"created_by\": 9, \"do_uu_tien\": 2, \"product_id\": 3, \"project_id\": 95, \"trang_thai\": \"Đợi phản hồi từ khách hàng\", \"updated_at\": \"2026-03-18 14:49:55\", \"updated_by\": 9, \"customer_id\": 3, \"description\": \"Không đăng nhập được\", \"received_at\": \"2026-03-18 12:52:30\", \"completed_at\": null, \"nguoi_tao_id\": 9, \"request_code\": \"CRC-202603-0003\", \"customer_name\": \"Bệnh viện Sản - Nhi Hậu Giang\", \"khach_hang_id\": 3, \"kenh_tiep_nhan\": \"HIS L3\", \"nguoi_tao_name\": \"Phan Văn Rở\", \"requester_name\": \"Hồ Sơn Tùng\", \"source_channel\": \"Kênh khác\", \"created_by_name\": \"Phan Văn Rở\", \"khach_hang_name\": \"Bệnh viện Sản - Nhi Hậu Giang\", \"project_item_id\": 143, \"updated_by_name\": \"Phan Văn Rở\", \"received_by_name\": \"Phan Văn Rở\", \"current_status_code\": \"waiting_customer_feedback\", \"received_by_user_id\": 9, \"tien_trinh_hien_tai\": \"waiting_customer_feedback\", \"current_process_label\": \"Đợi phản hồi từ khách hàng\", \"customer_personnel_id\": 3, \"current_status_name_vi\": \"Đợi phản hồi từ khách hàng\", \"reported_to_customer_at\": null, \"support_service_group_id\": 2, \"current_status_instance_id\": 12, \"legacy_customer_request_id\": null, \"support_service_group_name\": \"HIS L3\"}',NULL,NULL,NULL,'2026-03-18 14:49:55',9),(106,'45dacac6-faf6-4919-b3bb-a34124dba0c9','UPDATE','customer_request_cases',2,'{\"id\": 2, \"ma_yc\": \"CRC-202603-0002\", \"mo_ta\": null, \"ket_qua\": \"dang_xu_ly\", \"summary\": \"Kết nối LIS - Bệnh Viện Sản Nhi\", \"tieu_de\": \"Kết nối LIS - Bệnh Viện Sản Nhi\", \"priority\": 2, \"kenh_khac\": null, \"created_at\": \"2026-03-17 14:21:41\", \"created_by\": 9, \"do_uu_tien\": 2, \"product_id\": 3, \"project_id\": 95, \"trang_thai\": \"Đợi phản hồi từ khách hàng\", \"updated_at\": \"2026-03-18 10:47:02\", \"updated_by\": 9, \"customer_id\": 3, \"description\": null, \"received_at\": \"2026-03-17 14:21:41\", \"completed_at\": null, \"nguoi_tao_id\": 9, \"request_code\": \"CRC-202603-0002\", \"customer_name\": \"Bệnh viện Sản - Nhi Hậu Giang\", \"khach_hang_id\": 3, \"kenh_tiep_nhan\": \"HIS L2\", \"nguoi_tao_name\": \"Phan Văn Rở\", \"requester_name\": \"Hồ Sơn Tùng\", \"source_channel\": null, \"created_by_name\": \"Phan Văn Rở\", \"khach_hang_name\": \"Bệnh viện Sản - Nhi Hậu Giang\", \"project_item_id\": 143, \"updated_by_name\": \"Phan Văn Rở\", \"received_by_name\": \"Phan Văn Rở\", \"current_status_code\": \"waiting_customer_feedback\", \"received_by_user_id\": 9, \"tien_trinh_hien_tai\": \"waiting_customer_feedback\", \"current_process_label\": \"Đợi phản hồi từ khách hàng\", \"customer_personnel_id\": 3, \"current_status_name_vi\": \"Đợi phản hồi từ khách hàng\", \"reported_to_customer_at\": null, \"support_service_group_id\": 1, \"current_status_instance_id\": 3, \"legacy_customer_request_id\": null, \"support_service_group_name\": \"HIS L2\"}','{\"id\": 2, \"ma_yc\": \"CRC-202603-0002\", \"mo_ta\": null, \"ket_qua\": \"dang_xu_ly\", \"summary\": \"Kết nối LIS - Bệnh Viện Sản Nhi\", \"tieu_de\": \"Kết nối LIS - Bệnh Viện Sản Nhi\", \"priority\": 2, \"kenh_khac\": null, \"created_at\": \"2026-03-17 14:21:41\", \"created_by\": 9, \"do_uu_tien\": 2, \"product_id\": 3, \"project_id\": 95, \"trang_thai\": \"Chuyển trả người quản lý\", \"updated_at\": \"2026-03-18 14:51:19\", \"updated_by\": 9, \"customer_id\": 3, \"description\": null, \"received_at\": \"2026-03-17 14:21:41\", \"completed_at\": null, \"nguoi_tao_id\": 9, \"request_code\": \"CRC-202603-0002\", \"customer_name\": \"Bệnh viện Sản - Nhi Hậu Giang\", \"khach_hang_id\": 3, \"kenh_tiep_nhan\": \"HIS L2\", \"nguoi_tao_name\": \"Phan Văn Rở\", \"requester_name\": \"Hồ Sơn Tùng\", \"source_channel\": null, \"created_by_name\": \"Phan Văn Rở\", \"khach_hang_name\": \"Bệnh viện Sản - Nhi Hậu Giang\", \"project_item_id\": 143, \"updated_by_name\": \"Phan Văn Rở\", \"received_by_name\": \"Phan Văn Rở\", \"current_status_code\": \"returned_to_manager\", \"received_by_user_id\": 9, \"tien_trinh_hien_tai\": \"returned_to_manager\", \"current_process_label\": \"Chuyển trả người quản lý\", \"customer_personnel_id\": 3, \"current_status_name_vi\": \"Chuyển trả người quản lý\", \"reported_to_customer_at\": null, \"support_service_group_id\": 1, \"current_status_instance_id\": 13, \"legacy_customer_request_id\": null, \"support_service_group_name\": \"HIS L2\"}',NULL,NULL,NULL,'2026-03-18 14:51:19',9),(107,'5c263a34-fe69-4f19-90a5-84c10acdabb4','INSERT','customer_request_cases',11,NULL,'{\"id\": 11, \"ma_yc\": \"CRC-202603-0004\", \"mo_ta\": \"Mô tả chi tiết\", \"ket_qua\": \"dang_xu_ly\", \"summary\": \"LÕi kết nối\", \"tieu_de\": \"LÕi kết nối\", \"priority\": 3, \"kenh_khac\": null, \"created_at\": \"2026-03-18 14:55:28\", \"created_by\": 9, \"do_uu_tien\": 3, \"product_id\": 3, \"project_id\": 95, \"trang_thai\": \"Mới tiếp nhận\", \"updated_at\": \"2026-03-18 14:55:28\", \"updated_by\": 9, \"customer_id\": 3, \"description\": \"Mô tả chi tiết\", \"received_at\": \"2026-03-18 14:55:28\", \"completed_at\": null, \"nguoi_tao_id\": 9, \"request_code\": \"CRC-202603-0004\", \"customer_name\": \"Bệnh viện Sản - Nhi Hậu Giang\", \"khach_hang_id\": 3, \"kenh_tiep_nhan\": \"HIS L3\", \"nguoi_tao_name\": \"Phan Văn Rở\", \"requester_name\": \"Hồ Sơn Tùng\", \"source_channel\": null, \"created_by_name\": \"Phan Văn Rở\", \"khach_hang_name\": \"Bệnh viện Sản - Nhi Hậu Giang\", \"project_item_id\": 143, \"updated_by_name\": \"Phan Văn Rở\", \"received_by_name\": \"Phan Văn Rở\", \"current_status_code\": \"new_intake\", \"received_by_user_id\": 9, \"tien_trinh_hien_tai\": \"new_intake\", \"current_process_label\": \"Mới tiếp nhận\", \"customer_personnel_id\": 3, \"current_status_name_vi\": \"Mới tiếp nhận\", \"reported_to_customer_at\": null, \"support_service_group_id\": 2, \"current_status_instance_id\": 14, \"legacy_customer_request_id\": null, \"support_service_group_name\": \"HIS L3\"}',NULL,NULL,NULL,'2026-03-18 14:55:28',9),(108,'512c9580-c656-41f6-add6-fa5f0dd73b83','UPDATE','customer_request_cases',11,'{\"id\": 11, \"ma_yc\": \"CRC-202603-0004\", \"mo_ta\": \"Mô tả chi tiết\", \"ket_qua\": \"dang_xu_ly\", \"summary\": \"LÕi kết nối\", \"tieu_de\": \"LÕi kết nối\", \"priority\": 3, \"kenh_khac\": null, \"created_at\": \"2026-03-18 07:55:28\", \"created_by\": 9, \"do_uu_tien\": 3, \"product_id\": 3, \"project_id\": 95, \"trang_thai\": \"Mới tiếp nhận\", \"updated_at\": \"2026-03-18 07:55:28\", \"updated_by\": 9, \"customer_id\": 3, \"description\": \"Mô tả chi tiết\", \"received_at\": \"2026-03-18 14:55:28\", \"completed_at\": null, \"nguoi_tao_id\": 9, \"request_code\": \"CRC-202603-0004\", \"customer_name\": \"Bệnh viện Sản - Nhi Hậu Giang\", \"khach_hang_id\": 3, \"kenh_tiep_nhan\": \"HIS L3\", \"nguoi_tao_name\": \"Phan Văn Rở\", \"requester_name\": \"Hồ Sơn Tùng\", \"source_channel\": null, \"created_by_name\": \"Phan Văn Rở\", \"khach_hang_name\": \"Bệnh viện Sản - Nhi Hậu Giang\", \"project_item_id\": 143, \"updated_by_name\": \"Phan Văn Rở\", \"received_by_name\": \"Phan Văn Rở\", \"current_status_code\": \"new_intake\", \"received_by_user_id\": 9, \"tien_trinh_hien_tai\": \"new_intake\", \"current_process_label\": \"Mới tiếp nhận\", \"customer_personnel_id\": 3, \"current_status_name_vi\": \"Mới tiếp nhận\", \"reported_to_customer_at\": null, \"support_service_group_id\": 2, \"current_status_instance_id\": 14, \"legacy_customer_request_id\": null, \"support_service_group_name\": \"HIS L3\"}','{\"id\": 11, \"ma_yc\": \"CRC-202603-0004\", \"mo_ta\": \"Mô tả chi tiết\", \"ket_qua\": \"dang_xu_ly\", \"summary\": \"LÕi kết nối\", \"tieu_de\": \"LÕi kết nối\", \"priority\": 3, \"kenh_khac\": null, \"created_at\": \"2026-03-18 07:55:28\", \"created_by\": 9, \"do_uu_tien\": 3, \"product_id\": 3, \"project_id\": 95, \"trang_thai\": \"Đợi phản hồi từ khách hàng\", \"updated_at\": \"2026-03-18 15:34:06\", \"updated_by\": 9, \"customer_id\": 3, \"description\": \"Mô tả chi tiết\", \"received_at\": \"2026-03-18 14:55:28\", \"completed_at\": null, \"nguoi_tao_id\": 9, \"request_code\": \"CRC-202603-0004\", \"customer_name\": \"Bệnh viện Sản - Nhi Hậu Giang\", \"khach_hang_id\": 3, \"kenh_tiep_nhan\": \"HIS L3\", \"nguoi_tao_name\": \"Phan Văn Rở\", \"requester_name\": \"Hồ Sơn Tùng\", \"source_channel\": null, \"created_by_name\": \"Phan Văn Rở\", \"khach_hang_name\": \"Bệnh viện Sản - Nhi Hậu Giang\", \"project_item_id\": 143, \"updated_by_name\": \"Phan Văn Rở\", \"received_by_name\": \"Phan Văn Rở\", \"current_status_code\": \"waiting_customer_feedback\", \"received_by_user_id\": 9, \"tien_trinh_hien_tai\": \"waiting_customer_feedback\", \"current_process_label\": \"Đợi phản hồi từ khách hàng\", \"customer_personnel_id\": 3, \"current_status_name_vi\": \"Đợi phản hồi từ khách hàng\", \"reported_to_customer_at\": null, \"support_service_group_id\": 2, \"current_status_instance_id\": 15, \"legacy_customer_request_id\": null, \"support_service_group_name\": \"HIS L3\"}',NULL,NULL,NULL,'2026-03-18 15:34:06',9),(109,'e040479a-302c-481a-a4e3-2dc1cef8cea4','INSERT','customer_request_cases',12,NULL,'{\"id\": 12, \"ma_yc\": \"CRC-202603-0005\", \"mo_ta\": null, \"ket_qua\": \"dang_xu_ly\", \"summary\": \"SOC bị lỗi\", \"tieu_de\": \"SOC bị lỗi\", \"priority\": 2, \"kenh_khac\": null, \"created_at\": \"2026-03-18 23:05:53\", \"created_by\": 9, \"do_uu_tien\": 2, \"product_id\": 2, \"project_id\": 96, \"trang_thai\": \"new_intake\", \"updated_at\": \"2026-03-18 23:05:53\", \"updated_by\": 9, \"customer_id\": 50, \"description\": null, \"received_at\": \"2026-03-18 23:05:53\", \"completed_at\": null, \"nguoi_tao_id\": 9, \"request_code\": \"CRC-202603-0005\", \"customer_name\": \"TYT phường Bình Thạnh\", \"khach_hang_id\": 50, \"kenh_tiep_nhan\": \"HIS L3\", \"nguoi_tao_name\": \"Phan Văn Rở\", \"requester_name\": \"Đầu mối TYT phường Bình Thạnh\", \"source_channel\": null, \"created_by_name\": \"Phan Văn Rở\", \"khach_hang_name\": \"TYT phường Bình Thạnh\", \"project_item_id\": 144, \"updated_by_name\": \"Phan Văn Rở\", \"received_by_name\": \"Phan Văn Rở\", \"current_status_code\": \"new_intake\", \"received_by_user_id\": 9, \"tien_trinh_hien_tai\": \"new_intake\", \"current_process_label\": \"Mới tiếp nhận\", \"customer_personnel_id\": 50, \"current_status_name_vi\": \"Mới tiếp nhận\", \"reported_to_customer_at\": null, \"support_service_group_id\": 2, \"current_status_instance_id\": 16, \"legacy_customer_request_id\": null, \"support_service_group_name\": \"HIS L3\"}',NULL,NULL,NULL,'2026-03-18 23:05:53',9),(110,'d1084ecf-7a08-48e4-b710-2b78f68274ec','UPDATE','customer_request_cases',12,'{\"id\": 12, \"ma_yc\": \"CRC-202603-0005\", \"mo_ta\": null, \"ket_qua\": \"dang_xu_ly\", \"summary\": \"SOC bị lỗi\", \"tieu_de\": \"SOC bị lỗi\", \"priority\": 2, \"kenh_khac\": null, \"created_at\": \"2026-03-18 23:05:53\", \"created_by\": 9, \"do_uu_tien\": 2, \"product_id\": 2, \"project_id\": 96, \"trang_thai\": \"new_intake\", \"updated_at\": \"2026-03-18 23:05:53\", \"updated_by\": 9, \"customer_id\": 50, \"description\": null, \"received_at\": \"2026-03-18 23:05:53\", \"completed_at\": null, \"nguoi_tao_id\": 9, \"request_code\": \"CRC-202603-0005\", \"customer_name\": \"TYT phường Bình Thạnh\", \"khach_hang_id\": 50, \"kenh_tiep_nhan\": \"HIS L3\", \"nguoi_tao_name\": \"Phan Văn Rở\", \"requester_name\": \"Đầu mối TYT phường Bình Thạnh\", \"source_channel\": null, \"created_by_name\": \"Phan Văn Rở\", \"khach_hang_name\": \"TYT phường Bình Thạnh\", \"project_item_id\": 144, \"updated_by_name\": \"Phan Văn Rở\", \"received_by_name\": \"Phan Văn Rở\", \"current_status_code\": \"new_intake\", \"received_by_user_id\": 9, \"tien_trinh_hien_tai\": \"new_intake\", \"current_process_label\": \"Mới tiếp nhận\", \"customer_personnel_id\": 50, \"current_status_name_vi\": \"Mới tiếp nhận\", \"reported_to_customer_at\": null, \"support_service_group_id\": 2, \"current_status_instance_id\": 16, \"legacy_customer_request_id\": null, \"support_service_group_name\": \"HIS L3\"}','{\"id\": 12, \"ma_yc\": \"CRC-202603-0005\", \"mo_ta\": null, \"ket_qua\": \"dang_xu_ly\", \"summary\": \"SOC bị lỗi\", \"tieu_de\": \"SOC bị lỗi\", \"priority\": 2, \"kenh_khac\": null, \"created_at\": \"2026-03-18 23:05:53\", \"created_by\": 9, \"do_uu_tien\": 2, \"product_id\": 2, \"project_id\": 96, \"trang_thai\": \"waiting_customer_feedback\", \"updated_at\": \"2026-03-18 23:11:23\", \"updated_by\": 9, \"customer_id\": 50, \"description\": null, \"received_at\": \"2026-03-18 23:05:53\", \"completed_at\": null, \"nguoi_tao_id\": 9, \"request_code\": \"CRC-202603-0005\", \"customer_name\": \"TYT phường Bình Thạnh\", \"khach_hang_id\": 50, \"kenh_tiep_nhan\": \"HIS L3\", \"nguoi_tao_name\": \"Phan Văn Rở\", \"requester_name\": \"Đầu mối TYT phường Bình Thạnh\", \"source_channel\": null, \"created_by_name\": \"Phan Văn Rở\", \"khach_hang_name\": \"TYT phường Bình Thạnh\", \"project_item_id\": 144, \"updated_by_name\": \"Phan Văn Rở\", \"received_by_name\": \"Phan Văn Rở\", \"current_status_code\": \"waiting_customer_feedback\", \"received_by_user_id\": 9, \"tien_trinh_hien_tai\": \"waiting_customer_feedback\", \"current_process_label\": \"Đợi phản hồi từ khách hàng\", \"customer_personnel_id\": 50, \"current_status_name_vi\": \"Đợi phản hồi từ khách hàng\", \"reported_to_customer_at\": null, \"support_service_group_id\": 2, \"current_status_instance_id\": 17, \"legacy_customer_request_id\": null, \"support_service_group_name\": \"HIS L3\"}',NULL,NULL,NULL,'2026-03-18 23:11:23',9),(111,'d9026a35-a6e9-4b7f-a0c2-c1f81734d2f9','UPDATE','contracts',3,'{\"id\": 3, \"status\": \"DRAFT\", \"dept_id\": null, \"sign_date\": \"2026-03-01\", \"term_unit\": null, \"created_at\": \"2026-03-01 10:23:32\", \"created_by\": 1, \"deleted_at\": null, \"project_id\": 98, \"term_value\": null, \"updated_at\": \"2026-02-28 21:44:41\", \"updated_by\": 1, \"customer_id\": 16, \"expiry_date\": \"2027-05-31\", \"total_value\": \"0.00\", \"contract_code\": \"HĐ001\", \"contract_name\": \"Tên Hợp đồng 001\", \"effective_date\": null, \"expiry_date_manual_override\": 0}','{\"id\": 3, \"status\": \"DRAFT\", \"dept_id\": null, \"sign_date\": \"2026-03-01\", \"term_unit\": null, \"created_at\": \"2026-03-01 10:23:32\", \"created_by\": 1, \"deleted_at\": null, \"project_id\": 98, \"term_value\": null, \"updated_at\": \"2026-03-19 02:14:59\", \"updated_by\": 9, \"customer_id\": 16, \"expiry_date\": \"2026-03-30\", \"total_value\": 982019190, \"contract_code\": \"HĐ001\", \"contract_name\": \"Tên Hợp đồng 001\", \"effective_date\": \"2026-03-01\", \"expiry_date_manual_override\": 0}','http://127.0.0.1:8000/api/v5/contracts/3','127.0.0.1','Mozilla/5.0 (Macintosh; Intel Mac OS X 10_15_7) AppleWebKit/537.36 (KHTML, like Gecko) Chrome/145.0.0.0 Safari/537.36','2026-03-19 02:14:59',9),(112,'6aa611cd-976a-4775-8897-798ae6cd4a63','UPDATE','contracts',3,'{\"operation\": \"generate_contract_payments\", \"contract_id\": 3}','{\"contract_id\": 3, \"generated_rows\": 1, \"preserved_rows\": 0, \"allocation_mode\": \"ADVANCE_PERCENT\", \"generation_mode\": \"procedure\"}','http://127.0.0.1:8000/api/v5/contracts/3/generate-payments','127.0.0.1','Mozilla/5.0 (Macintosh; Intel Mac OS X 10_15_7) AppleWebKit/537.36 (KHTML, like Gecko) Chrome/145.0.0.0 Safari/537.36','2026-03-19 02:15:10',9),(113,'0e93c6cb-e251-48af-a01a-e87318f674d8','UPDATE','contracts',3,'{\"id\": 3, \"status\": \"DRAFT\", \"dept_id\": null, \"sign_date\": \"2026-03-01\", \"term_unit\": null, \"created_at\": \"2026-03-01 10:23:32\", \"created_by\": 1, \"deleted_at\": null, \"project_id\": 98, \"term_value\": null, \"updated_at\": \"2026-03-19 02:14:59\", \"updated_by\": 9, \"customer_id\": 16, \"expiry_date\": \"2026-03-30\", \"total_value\": \"982019190.00\", \"contract_code\": \"HĐ001\", \"contract_name\": \"Tên Hợp đồng 001\", \"effective_date\": \"2026-03-01\", \"expiry_date_manual_override\": 0}','{\"id\": 3, \"status\": \"DRAFT\", \"dept_id\": null, \"sign_date\": \"2026-03-01\", \"term_unit\": null, \"created_at\": \"2026-03-01 10:23:32\", \"created_by\": 1, \"deleted_at\": null, \"project_id\": 98, \"term_value\": null, \"updated_at\": \"2026-03-19 02:16:08\", \"updated_by\": 9, \"customer_id\": 16, \"expiry_date\": \"2026-03-30\", \"total_value\": 982019190, \"contract_code\": \"HĐ001\", \"contract_name\": \"Tên Hợp đồng 001\", \"effective_date\": \"2026-03-01\", \"expiry_date_manual_override\": 0}','http://127.0.0.1:8000/api/v5/contracts/3','127.0.0.1','Mozilla/5.0 (Macintosh; Intel Mac OS X 10_15_7) AppleWebKit/537.36 (KHTML, like Gecko) Chrome/145.0.0.0 Safari/537.36','2026-03-19 02:16:08',9),(114,'dcd886a1-05f0-463f-b715-c57a33eb6466','UPDATE','contracts',3,'{\"operation\": \"generate_contract_payments\", \"contract_id\": 3}','{\"contract_id\": 3, \"generated_rows\": 1, \"preserved_rows\": 0, \"allocation_mode\": \"EVEN\", \"generation_mode\": \"procedure\"}','http://127.0.0.1:8000/api/v5/contracts/3/generate-payments','127.0.0.1','Mozilla/5.0 (Macintosh; Intel Mac OS X 10_15_7) AppleWebKit/537.36 (KHTML, like Gecko) Chrome/145.0.0.0 Safari/537.36','2026-03-19 02:16:15',9),(115,'56d7fc4e-67df-47a5-b39a-fbaf29c416d0','UPDATE','contracts',3,'{\"id\": 3, \"status\": \"DRAFT\", \"dept_id\": null, \"sign_date\": \"2026-03-01\", \"term_unit\": null, \"created_at\": \"2026-03-01 10:23:32\", \"created_by\": 1, \"deleted_at\": null, \"project_id\": 98, \"term_value\": null, \"updated_at\": \"2026-03-19 02:16:08\", \"updated_by\": 9, \"customer_id\": 16, \"expiry_date\": \"2026-03-30\", \"total_value\": \"982019190.00\", \"contract_code\": \"HĐ001\", \"contract_name\": \"Tên Hợp đồng 001\", \"effective_date\": \"2026-03-01\", \"expiry_date_manual_override\": 0}','{\"id\": 3, \"status\": \"DRAFT\", \"dept_id\": null, \"sign_date\": \"2026-03-01\", \"term_unit\": null, \"created_at\": \"2026-03-01 10:23:32\", \"created_by\": 1, \"deleted_at\": null, \"project_id\": 98, \"term_value\": null, \"updated_at\": \"2026-03-19 02:16:32\", \"updated_by\": 9, \"customer_id\": 16, \"expiry_date\": \"2026-05-31\", \"total_value\": 982019190, \"contract_code\": \"HĐ001\", \"contract_name\": \"Tên Hợp đồng 001\", \"effective_date\": \"2026-03-01\", \"expiry_date_manual_override\": 0}','http://127.0.0.1:8000/api/v5/contracts/3','127.0.0.1','Mozilla/5.0 (Macintosh; Intel Mac OS X 10_15_7) AppleWebKit/537.36 (KHTML, like Gecko) Chrome/145.0.0.0 Safari/537.36','2026-03-19 02:16:32',9),(116,'53c9f8b6-b906-46d5-be1e-243b73495b60','UPDATE','contracts',3,'{\"operation\": \"generate_contract_payments\", \"contract_id\": 3}','{\"contract_id\": 3, \"generated_rows\": 1, \"preserved_rows\": 0, \"allocation_mode\": \"EVEN\", \"generation_mode\": \"procedure\"}','http://127.0.0.1:8000/api/v5/contracts/3/generate-payments','127.0.0.1','Mozilla/5.0 (Macintosh; Intel Mac OS X 10_15_7) AppleWebKit/537.36 (KHTML, like Gecko) Chrome/145.0.0.0 Safari/537.36','2026-03-19 02:16:39',9),(117,'0c908ca1-85f1-41eb-98ce-9bac46e8a948','UPDATE','contracts',3,'{\"id\": 3, \"status\": \"DRAFT\", \"dept_id\": null, \"sign_date\": \"2026-03-01\", \"term_unit\": null, \"created_at\": \"2026-03-01 10:23:32\", \"created_by\": 1, \"deleted_at\": null, \"project_id\": 98, \"term_value\": null, \"updated_at\": \"2026-03-19 02:16:32\", \"updated_by\": 9, \"customer_id\": 16, \"expiry_date\": \"2026-05-31\", \"total_value\": \"982019190.00\", \"contract_code\": \"HĐ001\", \"contract_name\": \"Tên Hợp đồng 001\", \"effective_date\": \"2026-03-01\", \"expiry_date_manual_override\": 0}','{\"id\": 3, \"status\": \"DRAFT\", \"dept_id\": null, \"sign_date\": \"2026-03-01\", \"term_unit\": null, \"created_at\": \"2026-03-01 10:23:32\", \"created_by\": 1, \"deleted_at\": null, \"project_id\": 98, \"term_value\": null, \"updated_at\": \"2026-03-19 06:49:36\", \"updated_by\": 9, \"customer_id\": 16, \"expiry_date\": \"2026-08-27\", \"total_value\": 982019190, \"contract_code\": \"HĐ001\", \"contract_name\": \"Tên Hợp đồng 001\", \"effective_date\": \"2026-03-01\", \"expiry_date_manual_override\": 0}','http://127.0.0.1:8000/api/v5/contracts/3','127.0.0.1','Mozilla/5.0 (Macintosh; Intel Mac OS X 10_15_7) AppleWebKit/537.36 (KHTML, like Gecko) Chrome/145.0.0.0 Safari/537.36','2026-03-19 06:49:36',9),(118,'fb3f41d1-fec2-4dfe-9311-6e035ab97375','UPDATE','contracts',3,'{\"id\": 3, \"status\": \"DRAFT\", \"dept_id\": null, \"sign_date\": \"2026-03-01\", \"term_unit\": null, \"created_at\": \"2026-03-01 10:23:32\", \"created_by\": 1, \"deleted_at\": null, \"project_id\": 98, \"term_value\": null, \"updated_at\": \"2026-03-19 06:49:36\", \"updated_by\": 9, \"customer_id\": 16, \"expiry_date\": \"2026-08-27\", \"total_value\": \"982019190.00\", \"contract_code\": \"HĐ001\", \"contract_name\": \"Tên Hợp đồng 001\", \"effective_date\": \"2026-03-01\", \"expiry_date_manual_override\": 0}','{\"id\": 3, \"status\": \"DRAFT\", \"dept_id\": null, \"sign_date\": \"2026-03-01\", \"term_unit\": null, \"created_at\": \"2026-03-01 10:23:32\", \"created_by\": 1, \"deleted_at\": null, \"project_id\": 98, \"term_value\": null, \"updated_at\": \"2026-03-19 06:52:43\", \"updated_by\": 9, \"customer_id\": 16, \"expiry_date\": \"2026-07-28\", \"total_value\": 982019190, \"contract_code\": \"HĐ001\", \"contract_name\": \"Tên Hợp đồng 001\", \"effective_date\": \"2026-03-01\", \"expiry_date_manual_override\": 0}','http://127.0.0.1:8000/api/v5/contracts/3','127.0.0.1','Mozilla/5.0 (Macintosh; Intel Mac OS X 10_15_7) AppleWebKit/537.36 (KHTML, like Gecko) Chrome/145.0.0.0 Safari/537.36','2026-03-19 06:52:43',9),(119,'81ee784a-a75a-45d9-9384-373baaf5fd4f','UPDATE','contracts',1,'{\"id\": 1, \"status\": \"DRAFT\", \"dept_id\": 2, \"sign_date\": \"2026-01-15\", \"term_unit\": null, \"created_at\": \"2026-02-23 08:16:35\", \"created_by\": null, \"deleted_at\": null, \"project_id\": 1, \"term_value\": null, \"updated_at\": \"2026-02-27 02:49:51\", \"updated_by\": 1, \"customer_id\": 1, \"expiry_date\": \"2026-12-31\", \"total_value\": \"150000000.00\", \"contract_code\": \"HD001\", \"contract_name\": \"Hợp đồng triển khai VNPT HIS\", \"effective_date\": \"2026-01-15\", \"expiry_date_manual_override\": 0}','{\"id\": 1, \"status\": \"DRAFT\", \"dept_id\": 2, \"sign_date\": \"2026-01-15\", \"term_unit\": \"DAY\", \"created_at\": \"2026-02-23 08:16:35\", \"created_by\": null, \"deleted_at\": null, \"project_id\": 1, \"term_value\": 365, \"updated_at\": \"2026-03-19 07:47:08\", \"updated_by\": 9, \"customer_id\": 1, \"expiry_date\": \"2027-01-14\", \"total_value\": 150000000, \"contract_code\": \"HD001\", \"contract_name\": \"Hợp đồng triển khai VNPT HIS\", \"effective_date\": \"2026-01-15\", \"expiry_date_manual_override\": 0}','http://127.0.0.1:8000/api/v5/contracts/1','127.0.0.1','Mozilla/5.0 (Macintosh; Intel Mac OS X 10_15_7) AppleWebKit/537.36 (KHTML, like Gecko) Chrome/145.0.0.0 Safari/537.36','2026-03-19 07:47:08',9),(120,'c500bc80-08db-4485-8893-f0f144a29976','UPDATE','contracts',1,'{\"id\": 1, \"status\": \"DRAFT\", \"dept_id\": 2, \"sign_date\": \"2026-01-15\", \"term_unit\": \"DAY\", \"created_at\": \"2026-02-23 08:16:35\", \"created_by\": null, \"deleted_at\": null, \"project_id\": 1, \"term_value\": \"365.00\", \"updated_at\": \"2026-03-19 07:47:08\", \"updated_by\": 9, \"customer_id\": 1, \"expiry_date\": \"2027-01-14\", \"total_value\": \"150000000.00\", \"contract_code\": \"HD001\", \"contract_name\": \"Hợp đồng triển khai VNPT HIS\", \"effective_date\": \"2026-01-15\", \"expiry_date_manual_override\": 0}','{\"id\": 1, \"status\": \"DRAFT\", \"dept_id\": 2, \"sign_date\": \"2026-01-15\", \"term_unit\": \"MONTH\", \"created_at\": \"2026-02-23 08:16:35\", \"created_by\": null, \"deleted_at\": null, \"project_id\": 1, \"term_value\": 24, \"updated_at\": \"2026-03-19 07:50:08\", \"updated_by\": 9, \"customer_id\": 1, \"expiry_date\": \"2028-01-14\", \"total_value\": 150000000, \"contract_code\": \"HD001\", \"contract_name\": \"Hợp đồng triển khai VNPT HIS\", \"effective_date\": \"2026-01-15\", \"expiry_date_manual_override\": 0}','http://127.0.0.1:8000/api/v5/contracts/1','127.0.0.1','Mozilla/5.0 (Macintosh; Intel Mac OS X 10_15_7) AppleWebKit/537.36 (KHTML, like Gecko) Chrome/145.0.0.0 Safari/537.36','2026-03-19 07:50:08',9),(121,'ca31f101-a986-4a7f-9a6d-de4cef55c1ad','UPDATE','contracts',1,'{\"id\": 1, \"status\": \"DRAFT\", \"dept_id\": 2, \"sign_date\": \"2026-01-15\", \"term_unit\": \"MONTH\", \"created_at\": \"2026-02-23 08:16:35\", \"created_by\": null, \"deleted_at\": null, \"project_id\": 1, \"term_value\": \"24.00\", \"updated_at\": \"2026-03-19 07:50:08\", \"updated_by\": 9, \"customer_id\": 1, \"expiry_date\": \"2028-01-14\", \"total_value\": \"150000000.00\", \"contract_code\": \"HD001\", \"contract_name\": \"Hợp đồng triển khai VNPT HIS\", \"effective_date\": \"2026-01-15\", \"expiry_date_manual_override\": 0}','{\"id\": 1, \"status\": \"DRAFT\", \"dept_id\": 2, \"sign_date\": \"2026-01-15\", \"term_unit\": \"MONTH\", \"created_at\": \"2026-02-23 08:16:35\", \"created_by\": null, \"deleted_at\": null, \"project_id\": 1, \"term_value\": 24, \"updated_at\": \"2026-03-19 07:50:17\", \"updated_by\": 9, \"customer_id\": 1, \"expiry_date\": \"2028-01-14\", \"total_value\": 150000000, \"contract_code\": \"HD001\", \"contract_name\": \"Hợp đồng triển khai VNPT HIS\", \"effective_date\": \"2026-01-15\", \"expiry_date_manual_override\": 0}','http://127.0.0.1:8000/api/v5/contracts/1','127.0.0.1','Mozilla/5.0 (Macintosh; Intel Mac OS X 10_15_7) AppleWebKit/537.36 (KHTML, like Gecko) Chrome/145.0.0.0 Safari/537.36','2026-03-19 07:50:17',9),(122,'390678df-3f28-41c9-810f-2234c49b0493','UPDATE','contracts',1,'{\"id\": 1, \"status\": \"DRAFT\", \"dept_id\": 2, \"sign_date\": \"2026-01-15\", \"term_unit\": \"MONTH\", \"created_at\": \"2026-02-23 08:16:35\", \"created_by\": null, \"deleted_at\": null, \"project_id\": 1, \"term_value\": \"24.00\", \"updated_at\": \"2026-03-19 07:50:17\", \"updated_by\": 9, \"customer_id\": 1, \"expiry_date\": \"2028-01-14\", \"total_value\": \"150000000.00\", \"contract_code\": \"HD001\", \"contract_name\": \"Hợp đồng triển khai VNPT HIS\", \"payment_cycle\": \"ONCE\", \"effective_date\": \"2026-01-15\", \"expiry_date_manual_override\": 0}','{\"id\": 1, \"status\": \"DRAFT\", \"dept_id\": 2, \"sign_date\": \"2026-01-15\", \"term_unit\": \"MONTH\", \"created_at\": \"2026-02-23 08:16:35\", \"created_by\": null, \"deleted_at\": null, \"project_id\": 1, \"term_value\": 24, \"updated_at\": \"2026-03-19 08:09:09\", \"updated_by\": 9, \"customer_id\": 1, \"expiry_date\": \"2028-01-14\", \"total_value\": 150000000, \"contract_code\": \"HD001\", \"contract_name\": \"Hợp đồng triển khai VNPT HIS\", \"payment_cycle\": \"QUARTERLY\", \"effective_date\": \"2026-01-15\", \"expiry_date_manual_override\": 0}','http://127.0.0.1:8000/api/v5/contracts/1','127.0.0.1','Mozilla/5.0 (Macintosh; Intel Mac OS X 10_15_7) AppleWebKit/537.36 (KHTML, like Gecko) Chrome/145.0.0.0 Safari/537.36','2026-03-19 08:09:09',9),(123,'9ecb1550-0faf-45b4-827d-188da47b75d5','UPDATE','contracts',1,'{\"operation\": \"generate_contract_payments\", \"contract_id\": 1}','{\"contract_id\": 1, \"generated_rows\": 1, \"preserved_rows\": 0, \"allocation_mode\": \"EVEN\", \"generation_mode\": \"procedure\"}','http://127.0.0.1:8000/api/v5/contracts/1/generate-payments','127.0.0.1','Mozilla/5.0 (Macintosh; Intel Mac OS X 10_15_7) AppleWebKit/537.36 (KHTML, like Gecko) Chrome/145.0.0.0 Safari/537.36','2026-03-19 08:09:25',9),(124,'b3a6019f-e2b7-4dcd-be01-059f92d851e0','UPDATE','contracts',1,'{\"operation\": \"generate_contract_payments\", \"contract_id\": 1}','{\"contract_id\": 1, \"generated_rows\": 1, \"preserved_rows\": 0, \"allocation_mode\": \"EVEN\", \"generation_mode\": \"procedure\"}','http://127.0.0.1:8000/api/v5/contracts/1/generate-payments','127.0.0.1','Mozilla/5.0 (Macintosh; Intel Mac OS X 10_15_7) AppleWebKit/537.36 (KHTML, like Gecko) Chrome/145.0.0.0 Safari/537.36','2026-03-19 08:09:34',9),(125,'9f36f62e-d103-437f-a2bc-cb8ced0ea015','UPDATE','contracts',3,'{\"operation\": \"generate_contract_payments\", \"contract_id\": 3}','{\"contract_id\": 3, \"generated_rows\": 1, \"preserved_rows\": 0, \"allocation_mode\": \"EVEN\", \"generation_mode\": \"backend\"}','http://127.0.0.1:8000/api/v5/contracts/3/generate-payments','127.0.0.1','Mozilla/5.0 (Macintosh; Intel Mac OS X 10_15_7) AppleWebKit/537.36 (KHTML, like Gecko) Chrome/145.0.0.0 Safari/537.36','2026-03-19 09:00:43',9),(126,'e6d35695-0897-4ee3-adb9-861802fdec2f','UPDATE','contracts',3,'{\"operation\": \"generate_contract_payments\", \"contract_id\": 3}','{\"contract_id\": 3, \"generated_rows\": 1, \"preserved_rows\": 0, \"allocation_mode\": \"EVEN\", \"generation_mode\": \"backend\"}','http://127.0.0.1:8000/api/v5/contracts/3/generate-payments','127.0.0.1','Mozilla/5.0 (Macintosh; Intel Mac OS X 10_15_7) AppleWebKit/537.36 (KHTML, like Gecko) Chrome/145.0.0.0 Safari/537.36','2026-03-19 09:00:54',9),(127,'9865c5fd-1ee7-4fdd-9817-0d84d239ec84','UPDATE','contracts',3,'{\"operation\": \"generate_contract_payments\", \"contract_id\": 3}','{\"contract_id\": 3, \"generated_rows\": 1, \"preserved_rows\": 0, \"allocation_mode\": \"EVEN\", \"generation_mode\": \"backend\"}','http://127.0.0.1:8000/api/v5/contracts/3/generate-payments','127.0.0.1','Mozilla/5.0 (Macintosh; Intel Mac OS X 10_15_7) AppleWebKit/537.36 (KHTML, like Gecko) Chrome/145.0.0.0 Safari/537.36','2026-03-19 09:07:49',9),(128,'f7d056eb-9053-4059-9e3f-62b69df9a1e3','UPDATE','contracts',3,'{\"id\": 3, \"status\": \"DRAFT\", \"dept_id\": null, \"sign_date\": \"2026-03-01\", \"term_unit\": null, \"created_at\": \"2026-03-01 10:23:32\", \"created_by\": 1, \"deleted_at\": null, \"project_id\": 98, \"term_value\": null, \"updated_at\": \"2026-03-19 06:52:43\", \"updated_by\": 9, \"customer_id\": 16, \"expiry_date\": \"2026-07-28\", \"total_value\": \"982019190.00\", \"contract_code\": \"HĐ001\", \"contract_name\": \"Tên Hợp đồng 001\", \"payment_cycle\": \"ONCE\", \"effective_date\": \"2026-03-01\", \"expiry_date_manual_override\": 0}','{\"id\": 3, \"status\": \"DRAFT\", \"dept_id\": null, \"sign_date\": \"2026-03-01\", \"term_unit\": \"MONTH\", \"created_at\": \"2026-03-01 10:23:32\", \"created_by\": 1, \"deleted_at\": null, \"project_id\": 98, \"term_value\": 24, \"updated_at\": \"2026-03-19 09:08:36\", \"updated_by\": 9, \"customer_id\": 16, \"expiry_date\": \"2028-02-29\", \"total_value\": 982019190, \"contract_code\": \"HĐ001\", \"contract_name\": \"Tên Hợp đồng 001\", \"payment_cycle\": \"QUARTERLY\", \"effective_date\": \"2026-03-01\", \"expiry_date_manual_override\": 0}','http://127.0.0.1:8000/api/v5/contracts/3','127.0.0.1','Mozilla/5.0 (Macintosh; Intel Mac OS X 10_15_7) AppleWebKit/537.36 (KHTML, like Gecko) Chrome/145.0.0.0 Safari/537.36','2026-03-19 09:08:36',9),(129,'1cc7353b-3d33-4ddc-8c90-450e78974301','UPDATE','contracts',1,'{\"operation\": \"generate_contract_payments\", \"contract_id\": 1}','{\"contract_id\": 1, \"generated_rows\": 8, \"preserved_rows\": 0, \"allocation_mode\": \"EVEN\", \"generation_mode\": \"backend\"}','http://127.0.0.1:8000/api/v5/contracts/1/generate-payments','127.0.0.1','Mozilla/5.0 (Macintosh; Intel Mac OS X 10_15_7) AppleWebKit/537.36 (KHTML, like Gecko) Chrome/145.0.0.0 Safari/537.36','2026-03-19 09:08:44',9),(130,'118914b9-254b-45e8-9017-bcbbd0166f42','UPDATE','payment_schedules',14,'{\"id\": 14, \"notes\": null, \"status\": \"PENDING\", \"created_at\": \"2026-03-19 09:08:44\", \"project_id\": 1, \"updated_at\": \"2026-03-19 09:08:44\", \"contract_id\": 1, \"cycle_number\": 1, \"expected_date\": \"2026-01-15\", \"milestone_name\": \"Thanh toán kỳ 1 (quý)\", \"expected_amount\": \"18750000.00\", \"actual_paid_date\": null, \"actual_paid_amount\": \"0.00\"}','{\"id\": 14, \"notes\": \"Đã thu đúng hoá đơn\", \"status\": \"PAID\", \"created_at\": \"2026-03-19 09:08:44\", \"project_id\": 1, \"updated_at\": \"2026-03-19 09:09:54\", \"contract_id\": 1, \"cycle_number\": 1, \"expected_date\": \"2026-01-15\", \"milestone_name\": \"Thanh toán kỳ 1 (quý)\", \"expected_amount\": \"18750000.00\", \"actual_paid_date\": \"2026-03-19\", \"actual_paid_amount\": \"18750000.00\"}','http://127.0.0.1:8000/api/v5/payment-schedules/14','127.0.0.1','Mozilla/5.0 (Macintosh; Intel Mac OS X 10_15_7) AppleWebKit/537.36 (KHTML, like Gecko) Chrome/145.0.0.0 Safari/537.36','2026-03-19 09:09:54',9),(131,'fe718cb5-20ca-4221-87bb-890575043ea8','UPDATE','contracts',3,'{\"operation\": \"generate_contract_payments\", \"contract_id\": 3}','{\"contract_id\": 3, \"generated_rows\": 5, \"allocation_mode\": \"MILESTONE\", \"generation_mode\": \"backend\"}','http://127.0.0.1:8000/api/v5/contracts/3/generate-payments','127.0.0.1','Mozilla/5.0 (Macintosh; Intel Mac OS X 10_15_7) AppleWebKit/537.36 (KHTML, like Gecko) Chrome/145.0.0.0 Safari/537.36','2026-03-19 12:04:35',9),(132,'a687e47e-d9b5-465d-8722-0f85289140f4','UPDATE','contracts',3,'{\"id\": 3, \"status\": \"DRAFT\", \"dept_id\": null, \"sign_date\": \"2026-03-01\", \"term_unit\": \"MONTH\", \"created_at\": \"2026-03-01 10:23:32\", \"created_by\": 1, \"deleted_at\": null, \"project_id\": 98, \"term_value\": \"24.00\", \"updated_at\": \"2026-03-19 09:08:36\", \"updated_by\": 9, \"customer_id\": 16, \"expiry_date\": \"2028-02-29\", \"total_value\": \"982019190.00\", \"contract_code\": \"HĐ001\", \"contract_name\": \"Tên Hợp đồng 001\", \"payment_cycle\": \"QUARTERLY\", \"effective_date\": \"2026-03-01\", \"expiry_date_manual_override\": 0}','{\"id\": 3, \"status\": \"DRAFT\", \"dept_id\": null, \"sign_date\": \"2026-03-01\", \"term_unit\": \"MONTH\", \"created_at\": \"2026-03-01 10:23:32\", \"created_by\": 1, \"deleted_at\": null, \"project_id\": 98, \"term_value\": 24, \"updated_at\": \"2026-03-19 12:35:19\", \"updated_by\": 9, \"customer_id\": 16, \"expiry_date\": \"2028-02-29\", \"total_value\": 150000000, \"contract_code\": \"HĐ001\", \"contract_name\": \"Tên Hợp đồng 001\", \"payment_cycle\": \"QUARTERLY\", \"effective_date\": \"2026-03-01\", \"expiry_date_manual_override\": 0}','http://127.0.0.1:8000/api/v5/contracts/3','127.0.0.1','Mozilla/5.0 (Macintosh; Intel Mac OS X 10_15_7) AppleWebKit/537.36 (KHTML, like Gecko) Chrome/145.0.0.0 Safari/537.36','2026-03-19 12:35:19',9),(133,'4cad925d-b206-409f-96e0-18b7f033d237','INSERT','customer_request_cases',13,NULL,'{\"id\": 13, \"ma_yc\": \"CRC-202603-0006\", \"mo_ta\": \"Nhập chi tiết\", \"ket_qua\": \"dang_xu_ly\", \"summary\": \"Điều chỉnh chức năng\", \"tieu_de\": \"Điều chỉnh chức năng\", \"priority\": 1, \"kenh_khac\": null, \"created_at\": \"2026-03-21 04:27:38\", \"created_by\": 9, \"do_uu_tien\": 1, \"product_id\": 3, \"project_id\": 95, \"sla_due_at\": null, \"sla_status\": null, \"trang_thai\": \"new_intake\", \"updated_at\": \"2026-03-21 04:27:38\", \"updated_by\": 9, \"customer_id\": 3, \"description\": \"Nhập chi tiết\", \"received_at\": \"2026-03-21 04:27:38\", \"completed_at\": null, \"estimated_at\": null, \"nguoi_tao_id\": 9, \"project_name\": \"Dự án Giải pháp VNPT HIS - Bệnh viện Sản - Nhi Hậu Giang\", \"request_code\": \"CRC-202603-0006\", \"customer_name\": \"Bệnh viện Sản - Nhi Hậu Giang\", \"khach_hang_id\": 3, \"over_estimate\": false, \"warning_level\": \"missing\", \"kenh_tiep_nhan\": \"HIS L2\", \"nguoi_tao_name\": \"Phan Văn Rở\", \"performer_name\": \"Phan Văn Rở\", \"requester_name\": \"Hồ Sơn Tùng\", \"source_channel\": null, \"created_by_name\": \"Phan Văn Rở\", \"dispatcher_name\": null, \"estimated_hours\": null, \"hours_usage_pct\": null, \"khach_hang_name\": \"Bệnh viện Sản - Nhi Hậu Giang\", \"project_item_id\": 143, \"updated_by_name\": \"Phan Văn Rở\", \"missing_estimate\": true, \"received_by_name\": \"Phan Văn Rở\", \"performer_user_id\": 9, \"total_hours_spent\": 0, \"dispatcher_user_id\": null, \"current_status_code\": \"new_intake\", \"received_by_user_id\": 9, \"tien_trinh_hien_tai\": \"new_intake\", \"estimated_by_user_id\": null, \"current_process_label\": \"Mới tiếp nhận\", \"customer_personnel_id\": 3, \"current_status_name_vi\": \"Mới tiếp nhận\", \"customer_personnel_name\": \"Hồ Sơn Tùng\", \"reported_to_customer_at\": null, \"support_service_group_id\": 1, \"current_status_instance_id\": 18, \"legacy_customer_request_id\": null, \"support_service_group_name\": \"HIS L2\"}',NULL,NULL,NULL,'2026-03-21 04:27:38',9),(134,'a23e98c1-4396-4551-9594-af4f7d73a139','UPDATE','customer_request_cases',13,'{\"id\": 13, \"ma_yc\": \"CRC-202603-0006\", \"mo_ta\": \"Nhập chi tiết\", \"ket_qua\": \"dang_xu_ly\", \"summary\": \"Điều chỉnh chức năng\", \"tieu_de\": \"Điều chỉnh chức năng\", \"priority\": 1, \"kenh_khac\": null, \"created_at\": \"2026-03-21 04:27:38\", \"created_by\": 9, \"do_uu_tien\": 1, \"product_id\": 3, \"project_id\": 95, \"sla_due_at\": null, \"sla_status\": null, \"trang_thai\": \"new_intake\", \"updated_at\": \"2026-03-21 04:27:38\", \"updated_by\": 9, \"customer_id\": 3, \"description\": \"Nhập chi tiết\", \"received_at\": \"2026-03-21 04:27:38\", \"completed_at\": null, \"estimated_at\": null, \"nguoi_tao_id\": 9, \"project_name\": \"Dự án Giải pháp VNPT HIS - Bệnh viện Sản - Nhi Hậu Giang\", \"request_code\": \"CRC-202603-0006\", \"customer_name\": \"Bệnh viện Sản - Nhi Hậu Giang\", \"khach_hang_id\": 3, \"over_estimate\": false, \"warning_level\": \"missing\", \"kenh_tiep_nhan\": \"HIS L2\", \"nguoi_tao_name\": \"Phan Văn Rở\", \"performer_name\": \"Phan Văn Rở\", \"requester_name\": \"Hồ Sơn Tùng\", \"source_channel\": null, \"created_by_name\": \"Phan Văn Rở\", \"dispatcher_name\": null, \"estimated_hours\": null, \"hours_usage_pct\": null, \"khach_hang_name\": \"Bệnh viện Sản - Nhi Hậu Giang\", \"project_item_id\": 143, \"updated_by_name\": \"Phan Văn Rở\", \"missing_estimate\": true, \"received_by_name\": \"Phan Văn Rở\", \"performer_user_id\": 9, \"total_hours_spent\": 0, \"dispatcher_user_id\": null, \"current_status_code\": \"new_intake\", \"received_by_user_id\": 9, \"tien_trinh_hien_tai\": \"new_intake\", \"estimated_by_user_id\": null, \"current_process_label\": \"Mới tiếp nhận\", \"customer_personnel_id\": 3, \"current_status_name_vi\": \"Mới tiếp nhận\", \"customer_personnel_name\": \"Hồ Sơn Tùng\", \"reported_to_customer_at\": null, \"support_service_group_id\": 1, \"current_status_instance_id\": 18, \"legacy_customer_request_id\": null, \"support_service_group_name\": \"HIS L2\"}','{\"id\": 13, \"ma_yc\": \"CRC-202603-0006\", \"mo_ta\": \"Nhập chi tiết\", \"ket_qua\": \"dang_xu_ly\", \"summary\": \"Điều chỉnh chức năng\", \"tieu_de\": \"Điều chỉnh chức năng\", \"priority\": 1, \"kenh_khac\": null, \"created_at\": \"2026-03-21 04:27:38\", \"created_by\": 9, \"do_uu_tien\": 1, \"product_id\": 3, \"project_id\": 95, \"sla_due_at\": null, \"sla_status\": null, \"trang_thai\": \"in_progress\", \"updated_at\": \"2026-03-21 04:27:38\", \"updated_by\": 9, \"customer_id\": 3, \"description\": \"Nhập chi tiết\", \"received_at\": \"2026-03-21 04:27:38\", \"completed_at\": null, \"estimated_at\": null, \"nguoi_tao_id\": 9, \"project_name\": \"Dự án Giải pháp VNPT HIS - Bệnh viện Sản - Nhi Hậu Giang\", \"request_code\": \"CRC-202603-0006\", \"customer_name\": \"Bệnh viện Sản - Nhi Hậu Giang\", \"khach_hang_id\": 3, \"over_estimate\": false, \"warning_level\": \"missing\", \"kenh_tiep_nhan\": \"HIS L2\", \"nguoi_tao_name\": \"Phan Văn Rở\", \"performer_name\": \"Phan Văn Rở\", \"requester_name\": \"Hồ Sơn Tùng\", \"source_channel\": null, \"created_by_name\": \"Phan Văn Rở\", \"dispatcher_name\": null, \"estimated_hours\": null, \"hours_usage_pct\": null, \"khach_hang_name\": \"Bệnh viện Sản - Nhi Hậu Giang\", \"project_item_id\": 143, \"updated_by_name\": \"Phan Văn Rở\", \"missing_estimate\": true, \"received_by_name\": \"Phan Văn Rở\", \"performer_user_id\": 9, \"total_hours_spent\": 0, \"dispatcher_user_id\": null, \"current_status_code\": \"in_progress\", \"received_by_user_id\": 9, \"tien_trinh_hien_tai\": \"in_progress\", \"estimated_by_user_id\": null, \"current_process_label\": \"Đang xử lý\", \"customer_personnel_id\": 3, \"current_status_name_vi\": \"Đang xử lý\", \"customer_personnel_name\": \"Hồ Sơn Tùng\", \"reported_to_customer_at\": null, \"support_service_group_id\": 1, \"current_status_instance_id\": 19, \"legacy_customer_request_id\": null, \"support_service_group_name\": \"HIS L2\"}',NULL,NULL,NULL,'2026-03-21 04:27:38',9),(135,'4f8f6674-d1fb-4a53-9bb2-80a205692ce5','UPDATE','customer_request_cases',11,'{\"id\": 11, \"ma_yc\": \"CRC-202603-0004\", \"mo_ta\": \"Mô tả chi tiết\", \"ket_qua\": \"dang_xu_ly\", \"summary\": \"LÕi kết nối\", \"tieu_de\": \"LÕi kết nối\", \"priority\": 3, \"kenh_khac\": null, \"created_at\": \"2026-03-18 07:55:28\", \"created_by\": 9, \"do_uu_tien\": 3, \"product_id\": 3, \"project_id\": 95, \"sla_due_at\": \"2026-03-18 00:00:00\", \"sla_status\": \"overdue\", \"trang_thai\": \"waiting_customer_feedback\", \"updated_at\": \"2026-03-18 15:34:06\", \"updated_by\": 9, \"customer_id\": 3, \"description\": \"Mô tả chi tiết\", \"received_at\": \"2026-03-18 14:55:28\", \"completed_at\": null, \"estimated_at\": null, \"nguoi_tao_id\": 9, \"project_name\": \"Dự án Giải pháp VNPT HIS - Bệnh viện Sản - Nhi Hậu Giang\", \"request_code\": \"CRC-202603-0004\", \"customer_name\": \"Bệnh viện Sản - Nhi Hậu Giang\", \"dispatched_at\": null, \"khach_hang_id\": 3, \"over_estimate\": false, \"warning_level\": \"missing\", \"dispatch_route\": null, \"kenh_tiep_nhan\": \"HIS L3\", \"nguoi_tao_name\": \"Phan Văn Rở\", \"performer_name\": null, \"requester_name\": \"Hồ Sơn Tùng\", \"source_channel\": null, \"created_by_name\": \"Phan Văn Rở\", \"dispatcher_name\": null, \"estimated_hours\": null, \"hours_usage_pct\": null, \"khach_hang_name\": \"Bệnh viện Sản - Nhi Hậu Giang\", \"project_item_id\": 143, \"updated_by_name\": \"Phan Văn Rở\", \"missing_estimate\": true, \"received_by_name\": \"Phan Văn Rở\", \"performer_user_id\": null, \"total_hours_spent\": 0, \"dispatcher_user_id\": null, \"current_status_code\": \"waiting_customer_feedback\", \"received_by_user_id\": 9, \"tien_trinh_hien_tai\": \"waiting_customer_feedback\", \"estimated_by_user_id\": null, \"current_process_label\": \"Đợi phản hồi từ khách hàng\", \"customer_personnel_id\": 3, \"performer_accepted_at\": null, \"current_status_name_vi\": \"Đợi phản hồi từ khách hàng\", \"customer_personnel_name\": \"Hồ Sơn Tùng\", \"reported_to_customer_at\": null, \"support_service_group_id\": 2, \"current_status_instance_id\": 15, \"legacy_customer_request_id\": null, \"support_service_group_name\": \"HIS L3\"}','{\"id\": 11, \"ma_yc\": \"CRC-202603-0004\", \"mo_ta\": \"Mô tả chi tiết\", \"ket_qua\": \"dang_xu_ly\", \"summary\": \"LÕi kết nối\", \"tieu_de\": \"LÕi kết nối\", \"priority\": 3, \"kenh_khac\": null, \"created_at\": \"2026-03-18 07:55:28\", \"created_by\": 9, \"do_uu_tien\": 3, \"product_id\": 3, \"project_id\": 95, \"sla_due_at\": null, \"sla_status\": null, \"trang_thai\": \"returned_to_manager\", \"updated_at\": \"2026-03-21 07:51:01\", \"updated_by\": 9, \"customer_id\": 3, \"description\": \"Mô tả chi tiết\", \"received_at\": \"2026-03-18 14:55:28\", \"completed_at\": null, \"estimated_at\": null, \"nguoi_tao_id\": 9, \"project_name\": \"Dự án Giải pháp VNPT HIS - Bệnh viện Sản - Nhi Hậu Giang\", \"request_code\": \"CRC-202603-0004\", \"customer_name\": \"Bệnh viện Sản - Nhi Hậu Giang\", \"dispatched_at\": null, \"khach_hang_id\": 3, \"over_estimate\": false, \"warning_level\": \"missing\", \"dispatch_route\": null, \"kenh_tiep_nhan\": \"HIS L3\", \"nguoi_tao_name\": \"Phan Văn Rở\", \"performer_name\": null, \"requester_name\": \"Hồ Sơn Tùng\", \"source_channel\": null, \"created_by_name\": \"Phan Văn Rở\", \"dispatcher_name\": null, \"estimated_hours\": null, \"hours_usage_pct\": null, \"khach_hang_name\": \"Bệnh viện Sản - Nhi Hậu Giang\", \"project_item_id\": 143, \"updated_by_name\": \"Phan Văn Rở\", \"missing_estimate\": true, \"received_by_name\": \"Phan Văn Rở\", \"performer_user_id\": null, \"total_hours_spent\": 0, \"dispatcher_user_id\": null, \"current_status_code\": \"returned_to_manager\", \"received_by_user_id\": 9, \"tien_trinh_hien_tai\": \"returned_to_manager\", \"estimated_by_user_id\": null, \"current_process_label\": \"Chuyển trả người quản lý\", \"customer_personnel_id\": 3, \"performer_accepted_at\": null, \"current_status_name_vi\": \"Chuyển trả người quản lý\", \"customer_personnel_name\": \"Hồ Sơn Tùng\", \"reported_to_customer_at\": null, \"support_service_group_id\": 2, \"current_status_instance_id\": 20, \"legacy_customer_request_id\": null, \"support_service_group_name\": \"HIS L3\"}',NULL,NULL,NULL,'2026-03-21 07:51:01',9),(136,'90f18578-c885-4225-9f31-a0856d69c6dc','UPDATE','payment_schedules',23,'{\"id\": 23, \"notes\": null, \"status\": \"PENDING\", \"created_at\": \"2026-03-19 12:04:35\", \"project_id\": 98, \"updated_at\": \"2026-03-19 12:04:35\", \"attachments\": [], \"contract_id\": 3, \"confirmed_at\": null, \"confirmed_by\": null, \"cycle_number\": 2, \"expected_date\": \"2026-09-01\", \"milestone_name\": \"Thanh toán đợt 1\", \"expected_amount\": \"261871784.00\", \"actual_paid_date\": null, \"actual_paid_amount\": \"0.00\"}','{\"id\": 23, \"notes\": null, \"status\": \"PAID\", \"created_at\": \"2026-03-19 12:04:35\", \"project_id\": 98, \"updated_at\": \"2026-03-22 04:50:51\", \"attachments\": [], \"contract_id\": 3, \"confirmed_at\": \"2026-03-22 04:50:51\", \"confirmed_by\": 9, \"cycle_number\": 2, \"expected_date\": \"2026-09-01\", \"milestone_name\": \"Thanh toán đợt 1\", \"expected_amount\": \"261871784.00\", \"actual_paid_date\": \"2026-03-22\", \"actual_paid_amount\": \"261871784.00\"}','http://127.0.0.1:8000/api/v5/payment-schedules/23','127.0.0.1','Mozilla/5.0 (Macintosh; Intel Mac OS X 10_15_7) AppleWebKit/537.36 (KHTML, like Gecko) Chrome/146.0.0.0 Safari/537.36','2026-03-22 04:50:51',9),(137,'71496a55-db0b-464e-96e4-edabebe1f2f4','UPDATE','payment_schedules',22,'{\"id\": 22, \"notes\": null, \"status\": \"PENDING\", \"created_at\": \"2026-03-19 12:04:35\", \"project_id\": 98, \"updated_at\": \"2026-03-19 12:04:35\", \"attachments\": [], \"contract_id\": 3, \"confirmed_at\": null, \"confirmed_by\": null, \"cycle_number\": 1, \"expected_date\": \"2026-03-01\", \"milestone_name\": \"Tạm ứng\", \"expected_amount\": \"147302878.50\", \"actual_paid_date\": null, \"actual_paid_amount\": \"0.00\"}','{\"id\": 22, \"notes\": null, \"status\": \"PAID\", \"created_at\": \"2026-03-19 12:04:35\", \"project_id\": 98, \"updated_at\": \"2026-03-22 05:00:36\", \"attachments\": [], \"contract_id\": 3, \"confirmed_at\": \"2026-03-22 05:00:36\", \"confirmed_by\": 9, \"cycle_number\": 1, \"expected_date\": \"2026-03-01\", \"milestone_name\": \"Tạm ứng\", \"expected_amount\": \"147302878.50\", \"actual_paid_date\": \"2026-03-22\", \"actual_paid_amount\": \"147302878.50\"}','http://127.0.0.1:8000/api/v5/payment-schedules/22','127.0.0.1','Mozilla/5.0 (Macintosh; Intel Mac OS X 10_15_7) AppleWebKit/537.36 (KHTML, like Gecko) Chrome/146.0.0.0 Safari/537.36','2026-03-22 05:00:36',9),(138,'6e89aab6-db7f-4ac0-86d2-c96866b4cb3a','UPDATE','payment_schedules',24,'{\"id\": 24, \"notes\": null, \"status\": \"PENDING\", \"created_at\": \"2026-03-19 12:04:35\", \"project_id\": 98, \"updated_at\": \"2026-03-19 12:04:35\", \"attachments\": [], \"contract_id\": 3, \"confirmed_at\": null, \"confirmed_by\": null, \"cycle_number\": 3, \"expected_date\": \"2027-03-01\", \"milestone_name\": \"Thanh toán đợt 2\", \"expected_amount\": \"261871784.00\", \"actual_paid_date\": null, \"actual_paid_amount\": \"0.00\"}','{\"id\": 24, \"notes\": null, \"status\": \"PAID\", \"created_at\": \"2026-03-19 12:04:35\", \"project_id\": 98, \"updated_at\": \"2026-03-22 05:00:38\", \"attachments\": [], \"contract_id\": 3, \"confirmed_at\": \"2026-03-22 05:00:38\", \"confirmed_by\": 9, \"cycle_number\": 3, \"expected_date\": \"2027-03-01\", \"milestone_name\": \"Thanh toán đợt 2\", \"expected_amount\": \"261871784.00\", \"actual_paid_date\": \"2026-03-22\", \"actual_paid_amount\": \"261871784.00\"}','http://127.0.0.1:8000/api/v5/payment-schedules/24','127.0.0.1','Mozilla/5.0 (Macintosh; Intel Mac OS X 10_15_7) AppleWebKit/537.36 (KHTML, like Gecko) Chrome/146.0.0.0 Safari/537.36','2026-03-22 05:00:38',9),(139,'bc87f3da-634e-4e6b-a1bc-fd61a1ab88bd','UPDATE','payment_schedules',25,'{\"id\": 25, \"notes\": null, \"status\": \"PENDING\", \"created_at\": \"2026-03-19 12:04:35\", \"project_id\": 98, \"updated_at\": \"2026-03-19 12:04:35\", \"attachments\": [], \"contract_id\": 3, \"confirmed_at\": null, \"confirmed_by\": null, \"cycle_number\": 4, \"expected_date\": \"2027-09-01\", \"milestone_name\": \"Thanh toán đợt 3\", \"expected_amount\": \"261871784.00\", \"actual_paid_date\": null, \"actual_paid_amount\": \"0.00\"}','{\"id\": 25, \"notes\": null, \"status\": \"PAID\", \"created_at\": \"2026-03-19 12:04:35\", \"project_id\": 98, \"updated_at\": \"2026-03-22 05:00:41\", \"attachments\": [], \"contract_id\": 3, \"confirmed_at\": \"2026-03-22 05:00:41\", \"confirmed_by\": 9, \"cycle_number\": 4, \"expected_date\": \"2027-09-01\", \"milestone_name\": \"Thanh toán đợt 3\", \"expected_amount\": \"261871784.00\", \"actual_paid_date\": \"2026-03-22\", \"actual_paid_amount\": \"261871784.00\"}','http://127.0.0.1:8000/api/v5/payment-schedules/25','127.0.0.1','Mozilla/5.0 (Macintosh; Intel Mac OS X 10_15_7) AppleWebKit/537.36 (KHTML, like Gecko) Chrome/146.0.0.0 Safari/537.36','2026-03-22 05:00:41',9),(140,'9c8a7511-6eb0-47b4-8118-69dc4985f814','UPDATE','payment_schedules',26,'{\"id\": 26, \"notes\": null, \"status\": \"PENDING\", \"created_at\": \"2026-03-19 12:04:35\", \"project_id\": 98, \"updated_at\": \"2026-03-19 12:04:35\", \"attachments\": [], \"contract_id\": 3, \"confirmed_at\": null, \"confirmed_by\": null, \"cycle_number\": 5, \"expected_date\": \"2028-02-29\", \"milestone_name\": \"Quyết toán\", \"expected_amount\": \"49100959.50\", \"actual_paid_date\": null, \"actual_paid_amount\": \"0.00\"}','{\"id\": 26, \"notes\": null, \"status\": \"PAID\", \"created_at\": \"2026-03-19 12:04:35\", \"project_id\": 98, \"updated_at\": \"2026-03-22 05:00:53\", \"attachments\": [], \"contract_id\": 3, \"confirmed_at\": \"2026-03-22 05:00:53\", \"confirmed_by\": 9, \"cycle_number\": 5, \"expected_date\": \"2028-02-29\", \"milestone_name\": \"Quyết toán\", \"expected_amount\": \"49100959.50\", \"actual_paid_date\": \"2026-03-22\", \"actual_paid_amount\": \"49100959.50\"}','http://127.0.0.1:8000/api/v5/payment-schedules/26','127.0.0.1','Mozilla/5.0 (Macintosh; Intel Mac OS X 10_15_7) AppleWebKit/537.36 (KHTML, like Gecko) Chrome/146.0.0.0 Safari/537.36','2026-03-22 05:00:53',9),(141,'7498256e-8333-4e6d-999c-b25f29b4da69','INSERT','customer_request_cases',14,NULL,'{\"id\": 14, \"ma_yc\": \"CRC-202603-0007\", \"mo_ta\": \"His Lỗi mấy ngày qua\", \"ket_qua\": \"dang_xu_ly\", \"summary\": \"Yêu cầu hỗ trợ\", \"tieu_de\": \"Yêu cầu hỗ trợ\", \"priority\": 2, \"kenh_khac\": null, \"created_at\": \"2026-03-22 09:41:31\", \"created_by\": 9, \"do_uu_tien\": 2, \"product_id\": null, \"project_id\": null, \"sla_due_at\": null, \"sla_status\": null, \"trang_thai\": \"new_intake\", \"updated_at\": \"2026-03-22 09:41:31\", \"updated_by\": 9, \"customer_id\": 3, \"description\": \"His Lỗi mấy ngày qua\", \"received_at\": \"2026-03-22 09:41:31\", \"completed_at\": null, \"estimated_at\": null, \"nguoi_tao_id\": 9, \"project_name\": null, \"request_code\": \"CRC-202603-0007\", \"customer_name\": \"Bệnh viện Sản - Nhi Hậu Giang\", \"dispatched_at\": null, \"khach_hang_id\": 3, \"over_estimate\": false, \"warning_level\": \"missing\", \"dispatch_route\": null, \"kenh_tiep_nhan\": \"HIS L2\", \"nguoi_tao_name\": \"Phan Văn Rở\", \"performer_name\": \"Lý Thị Ngọc Mai\", \"requester_name\": \"Hồ Sơn Tùng\", \"source_channel\": null, \"created_by_name\": \"Phan Văn Rở\", \"dispatcher_name\": null, \"estimated_hours\": null, \"hours_usage_pct\": null, \"khach_hang_name\": \"Bệnh viện Sản - Nhi Hậu Giang\", \"project_item_id\": 142, \"updated_by_name\": \"Phan Văn Rở\", \"missing_estimate\": true, \"received_by_name\": \"Phan Văn Rở\", \"performer_user_id\": 52, \"total_hours_spent\": 0, \"dispatcher_user_id\": null, \"current_status_code\": \"new_intake\", \"received_by_user_id\": 9, \"tien_trinh_hien_tai\": \"new_intake\", \"estimated_by_user_id\": null, \"current_process_label\": \"Mới tiếp nhận\", \"customer_personnel_id\": 3, \"performer_accepted_at\": null, \"current_status_name_vi\": \"Mới tiếp nhận\", \"customer_personnel_name\": \"Hồ Sơn Tùng\", \"reported_to_customer_at\": null, \"support_service_group_id\": 1, \"current_status_instance_id\": 21, \"legacy_customer_request_id\": null, \"support_service_group_name\": \"HIS L2\"}',NULL,NULL,NULL,'2026-03-22 09:41:31',9),(142,'81764453-a95e-4766-a4c6-ec7758275869','INSERT','customer_request_cases',15,NULL,'{\"id\": 15, \"ma_yc\": \"CRC-202603-0008\", \"mo_ta\": null, \"ket_qua\": \"dang_xu_ly\", \"summary\": \"Hỗ trợ  LIS\", \"tieu_de\": \"Hỗ trợ  LIS\", \"priority\": 1, \"kenh_khac\": null, \"created_at\": \"2026-03-22 13:54:14\", \"created_by\": 9, \"do_uu_tien\": 1, \"product_id\": null, \"project_id\": null, \"sla_due_at\": null, \"sla_status\": null, \"trang_thai\": \"new_intake\", \"updated_at\": \"2026-03-22 13:54:14\", \"updated_by\": 9, \"customer_id\": 3, \"description\": null, \"received_at\": \"2026-03-22 13:54:14\", \"completed_at\": null, \"estimated_at\": null, \"nguoi_tao_id\": 9, \"project_name\": null, \"request_code\": \"CRC-202603-0008\", \"customer_name\": \"Bệnh viện Sản - Nhi Hậu Giang\", \"dispatched_at\": null, \"khach_hang_id\": 3, \"over_estimate\": false, \"warning_level\": \"missing\", \"dispatch_route\": null, \"kenh_tiep_nhan\": \"HIS L3\", \"nguoi_tao_name\": \"Phan Văn Rở\", \"performer_name\": \"Lý Thị Ngọc Mai\", \"requester_name\": \"Hồ Sơn Tùng\", \"source_channel\": null, \"created_by_name\": \"Phan Văn Rở\", \"dispatcher_name\": null, \"estimated_hours\": null, \"hours_usage_pct\": null, \"khach_hang_name\": \"Bệnh viện Sản - Nhi Hậu Giang\", \"project_item_id\": 143, \"updated_by_name\": \"Phan Văn Rở\", \"missing_estimate\": true, \"received_by_name\": \"Phan Văn Rở\", \"performer_user_id\": 52, \"total_hours_spent\": 0, \"dispatcher_user_id\": null, \"current_status_code\": \"new_intake\", \"received_by_user_id\": 9, \"tien_trinh_hien_tai\": \"new_intake\", \"estimated_by_user_id\": null, \"current_process_label\": \"Mới tiếp nhận\", \"customer_personnel_id\": 3, \"performer_accepted_at\": null, \"current_status_name_vi\": \"Mới tiếp nhận\", \"customer_personnel_name\": \"Hồ Sơn Tùng\", \"reported_to_customer_at\": null, \"support_service_group_id\": 2, \"current_status_instance_id\": 22, \"legacy_customer_request_id\": null, \"support_service_group_name\": \"HIS L3\"}',NULL,NULL,NULL,'2026-03-22 13:54:14',9),(143,'9f165593-9379-4d7b-91e1-e7f96c3a170a','UPDATE','customer_request_cases',15,'{\"id\": 15, \"ma_yc\": \"CRC-202603-0008\", \"mo_ta\": null, \"ket_qua\": \"dang_xu_ly\", \"summary\": \"Hỗ trợ  LIS\", \"tieu_de\": \"Hỗ trợ  LIS\", \"priority\": 1, \"kenh_khac\": null, \"created_at\": \"2026-03-22 13:54:14\", \"created_by\": 9, \"do_uu_tien\": 1, \"product_id\": null, \"project_id\": null, \"sla_due_at\": null, \"sla_status\": null, \"trang_thai\": \"new_intake\", \"updated_at\": \"2026-03-22 13:54:14\", \"updated_by\": 9, \"customer_id\": 3, \"description\": null, \"received_at\": \"2026-03-22 13:54:14\", \"completed_at\": null, \"estimated_at\": null, \"nguoi_tao_id\": 9, \"project_name\": null, \"request_code\": \"CRC-202603-0008\", \"customer_name\": \"Bệnh viện Sản - Nhi Hậu Giang\", \"dispatched_at\": null, \"khach_hang_id\": 3, \"over_estimate\": false, \"warning_level\": \"missing\", \"dispatch_route\": null, \"kenh_tiep_nhan\": \"HIS L3\", \"nguoi_tao_name\": \"Phan Văn Rở\", \"performer_name\": \"Lý Thị Ngọc Mai\", \"requester_name\": \"Hồ Sơn Tùng\", \"source_channel\": null, \"created_by_name\": \"Phan Văn Rở\", \"dispatcher_name\": null, \"estimated_hours\": null, \"hours_usage_pct\": null, \"khach_hang_name\": \"Bệnh viện Sản - Nhi Hậu Giang\", \"project_item_id\": 143, \"updated_by_name\": \"Phan Văn Rở\", \"missing_estimate\": true, \"received_by_name\": \"Phan Văn Rở\", \"performer_user_id\": 52, \"total_hours_spent\": 0, \"dispatcher_user_id\": null, \"current_status_code\": \"new_intake\", \"received_by_user_id\": 9, \"tien_trinh_hien_tai\": \"new_intake\", \"estimated_by_user_id\": null, \"current_process_label\": \"Mới tiếp nhận\", \"customer_personnel_id\": 3, \"performer_accepted_at\": null, \"current_status_name_vi\": \"Mới tiếp nhận\", \"customer_personnel_name\": \"Hồ Sơn Tùng\", \"reported_to_customer_at\": null, \"support_service_group_id\": 2, \"current_status_instance_id\": 22, \"legacy_customer_request_id\": null, \"support_service_group_name\": \"HIS L3\"}','{\"id\": 15, \"ma_yc\": \"CRC-202603-0008\", \"mo_ta\": null, \"ket_qua\": \"dang_xu_ly\", \"summary\": \"Hỗ trợ  LIS\", \"tieu_de\": \"Hỗ trợ  LIS\", \"priority\": 1, \"kenh_khac\": null, \"created_at\": \"2026-03-22 13:54:14\", \"created_by\": 9, \"do_uu_tien\": 1, \"product_id\": null, \"project_id\": null, \"sla_due_at\": null, \"sla_status\": null, \"trang_thai\": \"pending_dispatch\", \"updated_at\": \"2026-03-22 14:22:27\", \"updated_by\": 9, \"customer_id\": 3, \"description\": null, \"received_at\": \"2026-03-22 13:54:14\", \"completed_at\": null, \"estimated_at\": null, \"nguoi_tao_id\": 9, \"project_name\": null, \"request_code\": \"CRC-202603-0008\", \"customer_name\": \"Bệnh viện Sản - Nhi Hậu Giang\", \"dispatched_at\": null, \"khach_hang_id\": 3, \"over_estimate\": false, \"warning_level\": \"missing\", \"dispatch_route\": null, \"kenh_tiep_nhan\": \"HIS L3\", \"nguoi_tao_name\": \"Phan Văn Rở\", \"performer_name\": \"Lý Thị Ngọc Mai\", \"requester_name\": \"Hồ Sơn Tùng\", \"source_channel\": null, \"created_by_name\": \"Phan Văn Rở\", \"dispatcher_name\": null, \"estimated_hours\": null, \"hours_usage_pct\": null, \"khach_hang_name\": \"Bệnh viện Sản - Nhi Hậu Giang\", \"project_item_id\": 143, \"updated_by_name\": \"Phan Văn Rở\", \"missing_estimate\": true, \"received_by_name\": \"Phan Văn Rở\", \"performer_user_id\": 52, \"total_hours_spent\": 0, \"dispatcher_user_id\": null, \"current_status_code\": \"pending_dispatch\", \"received_by_user_id\": 9, \"tien_trinh_hien_tai\": \"pending_dispatch\", \"estimated_by_user_id\": null, \"current_process_label\": \"Chờ PM điều phối\", \"customer_personnel_id\": 3, \"performer_accepted_at\": null, \"current_status_name_vi\": \"Chờ PM điều phối\", \"customer_personnel_name\": \"Hồ Sơn Tùng\", \"reported_to_customer_at\": null, \"support_service_group_id\": 2, \"current_status_instance_id\": 23, \"legacy_customer_request_id\": null, \"support_service_group_name\": \"HIS L3\"}',NULL,NULL,NULL,'2026-03-22 14:22:27',9),(144,'401ded1a-53f9-4728-aa05-524b61aff11f','UPDATE','contracts',3,'{\"operation\": \"generate_contract_payments\", \"contract_id\": 3}','{\"contract_id\": 3, \"generated_rows\": 5, \"allocation_mode\": \"MILESTONE\", \"generation_mode\": \"backend\"}','http://127.0.0.1:8000/api/v5/contracts/3/generate-payments','127.0.0.1','Mozilla/5.0 (Macintosh; Intel Mac OS X 10_15_7) AppleWebKit/537.36 (KHTML, like Gecko) Chrome/146.0.0.0 Safari/537.36','2026-03-22 14:55:00',9),(145,'63d13ca8-c985-4d90-8b80-568d73a1ad4c','UPDATE','contracts',3,'{\"operation\": \"generate_contract_payments\", \"contract_id\": 3}','{\"contract_id\": 3, \"generated_rows\": 8, \"allocation_mode\": \"EVEN\", \"generation_mode\": \"backend\"}','http://127.0.0.1:8000/api/v5/contracts/3/generate-payments','127.0.0.1','Mozilla/5.0 (Macintosh; Intel Mac OS X 10_15_7) AppleWebKit/537.36 (KHTML, like Gecko) Chrome/146.0.0.0 Safari/537.36','2026-03-22 14:55:31',9),(146,'bbb5ec2e-2590-403a-8873-08b0f7871d87','UPDATE','contracts',3,'{\"operation\": \"generate_contract_payments\", \"contract_id\": 3}','{\"contract_id\": 3, \"generated_rows\": 5, \"allocation_mode\": \"MILESTONE\", \"generation_mode\": \"backend\"}','http://127.0.0.1:8000/api/v5/contracts/3/generate-payments','127.0.0.1','Mozilla/5.0 (Macintosh; Intel Mac OS X 10_15_7) AppleWebKit/537.36 (KHTML, like Gecko) Chrome/146.0.0.0 Safari/537.36','2026-03-22 14:56:35',9),(147,'edc9d6b1-42ea-4434-ba8b-38d87731d80a','UPDATE','payment_schedules',41,'{\"id\": 41, \"notes\": null, \"status\": \"PENDING\", \"created_at\": \"2026-03-22 14:56:35\", \"project_id\": 98, \"updated_at\": \"2026-03-22 14:56:35\", \"attachments\": [], \"contract_id\": 3, \"confirmed_at\": null, \"confirmed_by\": null, \"cycle_number\": 2, \"expected_date\": \"2026-09-01\", \"milestone_name\": \"Thanh toán đợt 1\", \"expected_amount\": \"40000000.00\", \"actual_paid_date\": null, \"actual_paid_amount\": \"0.00\"}','{\"id\": 41, \"notes\": null, \"status\": \"PAID\", \"created_at\": \"2026-03-22 14:56:35\", \"project_id\": 98, \"updated_at\": \"2026-03-22 14:56:42\", \"attachments\": [], \"contract_id\": 3, \"confirmed_at\": \"2026-03-22 14:56:42\", \"confirmed_by\": 9, \"cycle_number\": 2, \"expected_date\": \"2026-09-01\", \"milestone_name\": \"Thanh toán đợt 1\", \"expected_amount\": \"40000000.00\", \"actual_paid_date\": \"2026-03-22\", \"actual_paid_amount\": \"40000000.00\"}','http://127.0.0.1:8000/api/v5/payment-schedules/41','127.0.0.1','Mozilla/5.0 (Macintosh; Intel Mac OS X 10_15_7) AppleWebKit/537.36 (KHTML, like Gecko) Chrome/146.0.0.0 Safari/537.36','2026-03-22 14:56:42',9),(148,'e480d360-908d-45a0-b664-9bf87568b1a2','UPDATE','customer_request_cases',14,'{\"id\": 14, \"ma_yc\": \"CRC-202603-0007\", \"mo_ta\": \"His Lỗi mấy ngày qua\", \"ket_qua\": \"dang_xu_ly\", \"summary\": \"Yêu cầu hỗ trợ\", \"tieu_de\": \"Yêu cầu hỗ trợ\", \"priority\": 2, \"kenh_khac\": null, \"created_at\": \"2026-03-22 09:41:31\", \"created_by\": 9, \"do_uu_tien\": 2, \"product_id\": null, \"project_id\": null, \"sla_due_at\": null, \"sla_status\": null, \"trang_thai\": \"new_intake\", \"updated_at\": \"2026-03-22 09:41:31\", \"updated_by\": 9, \"customer_id\": 3, \"description\": \"His Lỗi mấy ngày qua\", \"received_at\": \"2026-03-22 09:41:31\", \"completed_at\": null, \"estimated_at\": null, \"nguoi_tao_id\": 9, \"project_name\": null, \"request_code\": \"CRC-202603-0007\", \"customer_name\": \"Bệnh viện Sản - Nhi Hậu Giang\", \"dispatched_at\": null, \"khach_hang_id\": 3, \"over_estimate\": false, \"warning_level\": \"missing\", \"dispatch_route\": null, \"kenh_tiep_nhan\": \"HIS L2\", \"nguoi_tao_name\": \"Phan Văn Rở\", \"performer_name\": \"Lý Thị Ngọc Mai\", \"requester_name\": \"Hồ Sơn Tùng\", \"source_channel\": null, \"created_by_name\": \"Phan Văn Rở\", \"dispatcher_name\": null, \"estimated_hours\": null, \"hours_usage_pct\": null, \"khach_hang_name\": \"Bệnh viện Sản - Nhi Hậu Giang\", \"project_item_id\": 142, \"updated_by_name\": \"Phan Văn Rở\", \"missing_estimate\": true, \"received_by_name\": \"Phan Văn Rở\", \"performer_user_id\": 52, \"total_hours_spent\": 0, \"dispatcher_user_id\": null, \"current_status_code\": \"new_intake\", \"received_by_user_id\": 9, \"tien_trinh_hien_tai\": \"new_intake\", \"estimated_by_user_id\": null, \"current_process_label\": \"Mới tiếp nhận\", \"customer_personnel_id\": 3, \"performer_accepted_at\": null, \"current_status_name_vi\": \"Mới tiếp nhận\", \"customer_personnel_name\": \"Hồ Sơn Tùng\", \"reported_to_customer_at\": null, \"support_service_group_id\": 1, \"current_status_instance_id\": 21, \"legacy_customer_request_id\": null, \"support_service_group_name\": \"HIS L2\"}','{\"id\": 14, \"ma_yc\": \"CRC-202603-0007\", \"mo_ta\": \"His Lỗi mấy ngày qua\", \"ket_qua\": \"dang_xu_ly\", \"summary\": \"Yêu cầu hỗ trợ\", \"tieu_de\": \"Yêu cầu hỗ trợ\", \"priority\": 2, \"kenh_khac\": null, \"created_at\": \"2026-03-22 09:41:31\", \"created_by\": 9, \"do_uu_tien\": 2, \"product_id\": null, \"project_id\": null, \"sla_due_at\": null, \"sla_status\": null, \"trang_thai\": \"waiting_customer_feedback\", \"updated_at\": \"2026-03-22 23:41:04\", \"updated_by\": 9, \"customer_id\": 3, \"description\": \"His Lỗi mấy ngày qua\", \"received_at\": \"2026-03-22 09:41:31\", \"completed_at\": null, \"estimated_at\": null, \"nguoi_tao_id\": 9, \"project_name\": null, \"request_code\": \"CRC-202603-0007\", \"customer_name\": \"Bệnh viện Sản - Nhi Hậu Giang\", \"dispatched_at\": null, \"khach_hang_id\": 3, \"over_estimate\": false, \"warning_level\": \"missing\", \"dispatch_route\": null, \"kenh_tiep_nhan\": \"HIS L2\", \"nguoi_tao_name\": \"Phan Văn Rở\", \"performer_name\": \"Lý Thị Ngọc Mai\", \"requester_name\": \"Hồ Sơn Tùng\", \"source_channel\": null, \"created_by_name\": \"Phan Văn Rở\", \"dispatcher_name\": null, \"estimated_hours\": null, \"hours_usage_pct\": null, \"khach_hang_name\": \"Bệnh viện Sản - Nhi Hậu Giang\", \"project_item_id\": 142, \"updated_by_name\": \"Phan Văn Rở\", \"missing_estimate\": true, \"received_by_name\": \"Phan Văn Rở\", \"performer_user_id\": 52, \"total_hours_spent\": 0, \"dispatcher_user_id\": null, \"current_status_code\": \"waiting_customer_feedback\", \"received_by_user_id\": 9, \"tien_trinh_hien_tai\": \"waiting_customer_feedback\", \"estimated_by_user_id\": null, \"current_process_label\": \"Đợi phản hồi từ khách hàng\", \"customer_personnel_id\": 3, \"performer_accepted_at\": null, \"current_status_name_vi\": \"Đợi phản hồi từ khách hàng\", \"customer_personnel_name\": \"Hồ Sơn Tùng\", \"reported_to_customer_at\": null, \"support_service_group_id\": 1, \"current_status_instance_id\": 24, \"legacy_customer_request_id\": null, \"support_service_group_name\": \"HIS L2\"}',NULL,NULL,NULL,'2026-03-22 23:41:04',9),(149,'14eb926c-d5a6-4355-b5c0-41681de2ec3c','UPDATE','contracts',2,'{\"operation\": \"generate_contract_payments\", \"contract_id\": 2}','{\"contract_id\": 2, \"generated_rows\": 1, \"allocation_mode\": \"EVEN\", \"generation_mode\": \"backend\"}','http://127.0.0.1:8000/api/v5/contracts/2/generate-payments','127.0.0.1','Mozilla/5.0 (Macintosh; Intel Mac OS X 10_15_7) AppleWebKit/537.36 (KHTML, like Gecko) Chrome/146.0.0.0 Safari/537.36','2026-03-23 00:12:25',9),(150,'33404eeb-ca7e-4a0f-84da-e4540566d7cd','UPDATE','payment_schedules',40,'{\"id\": 40, \"notes\": null, \"status\": \"PENDING\", \"created_at\": \"2026-03-22 14:56:35\", \"project_id\": 98, \"updated_at\": \"2026-03-22 14:56:35\", \"attachments\": [], \"contract_id\": 3, \"confirmed_at\": null, \"confirmed_by\": null, \"cycle_number\": 1, \"expected_date\": \"2026-03-01\", \"milestone_name\": \"Tạm ứng\", \"expected_amount\": \"22500000.00\", \"actual_paid_date\": null, \"actual_paid_amount\": \"0.00\"}','{\"id\": 40, \"notes\": null, \"status\": \"PAID\", \"created_at\": \"2026-03-22 14:56:35\", \"project_id\": 98, \"updated_at\": \"2026-03-23 00:22:39\", \"attachments\": [], \"contract_id\": 3, \"confirmed_at\": \"2026-03-23 00:22:39\", \"confirmed_by\": 9, \"cycle_number\": 1, \"expected_date\": \"2026-03-01\", \"milestone_name\": \"Tạm ứng\", \"expected_amount\": \"22500000.00\", \"actual_paid_date\": \"2026-03-23\", \"actual_paid_amount\": \"22500000.00\"}','http://127.0.0.1:8000/api/v5/payment-schedules/40','127.0.0.1','Mozilla/5.0 (Macintosh; Intel Mac OS X 10_15_7) AppleWebKit/537.36 (KHTML, like Gecko) Chrome/146.0.0.0 Safari/537.36','2026-03-23 00:22:40',9),(151,'a19e6d20-39d7-45af-a561-f1a864079afc','INSERT','customer_request_cases',16,NULL,'{\"id\": 16, \"ma_yc\": \"CRC-202603-0009\", \"mo_ta\": null, \"ket_qua\": \"dang_xu_ly\", \"summary\": \"Kết nối máy xét nghiệm\", \"tieu_de\": \"Kết nối máy xét nghiệm\", \"priority\": 2, \"kenh_khac\": null, \"created_at\": \"2026-03-23 04:04:44\", \"created_by\": 9, \"do_uu_tien\": 2, \"product_id\": null, \"project_id\": null, \"sla_due_at\": null, \"sla_status\": null, \"trang_thai\": \"new_intake\", \"updated_at\": \"2026-03-23 04:04:44\", \"updated_by\": 9, \"customer_id\": 3, \"description\": null, \"received_at\": \"2026-03-23 04:04:44\", \"completed_at\": null, \"estimated_at\": null, \"nguoi_tao_id\": 9, \"project_name\": null, \"request_code\": \"CRC-202603-0009\", \"customer_name\": \"Bệnh viện Sản - Nhi Hậu Giang\", \"dispatched_at\": null, \"khach_hang_id\": 3, \"over_estimate\": false, \"warning_level\": \"missing\", \"dispatch_route\": null, \"kenh_tiep_nhan\": \"HIS L34\", \"nguoi_tao_name\": \"Phan Văn Rở\", \"performer_name\": \"Lý Thị Ngọc Mai\", \"requester_name\": \"Hồ Sơn Tùng\", \"source_channel\": null, \"created_by_name\": \"Phan Văn Rở\", \"dispatcher_name\": null, \"estimated_hours\": null, \"hours_usage_pct\": null, \"khach_hang_name\": \"Bệnh viện Sản - Nhi Hậu Giang\", \"project_item_id\": 143, \"updated_by_name\": \"Phan Văn Rở\", \"missing_estimate\": true, \"received_by_name\": \"Phan Văn Rở\", \"performer_user_id\": 52, \"total_hours_spent\": 0, \"dispatcher_user_id\": null, \"current_status_code\": \"new_intake\", \"received_by_user_id\": 9, \"tien_trinh_hien_tai\": \"new_intake\", \"estimated_by_user_id\": null, \"current_process_label\": \"Mới tiếp nhận\", \"customer_personnel_id\": 3, \"performer_accepted_at\": null, \"current_status_name_vi\": \"Mới tiếp nhận\", \"customer_personnel_name\": \"Hồ Sơn Tùng\", \"reported_to_customer_at\": null, \"support_service_group_id\": 13, \"current_status_instance_id\": 25, \"legacy_customer_request_id\": null, \"support_service_group_name\": \"HIS L34\"}',NULL,NULL,NULL,'2026-03-23 04:04:44',9),(152,'506b9c90-924d-4d26-9b83-25c40102e07c','UPDATE','customer_request_cases',16,'{\"id\": 16, \"ma_yc\": \"CRC-202603-0009\", \"mo_ta\": null, \"ket_qua\": \"dang_xu_ly\", \"summary\": \"Kết nối máy xét nghiệm\", \"tieu_de\": \"Kết nối máy xét nghiệm\", \"priority\": 2, \"kenh_khac\": null, \"created_at\": \"2026-03-23 04:04:44\", \"created_by\": 9, \"do_uu_tien\": 2, \"product_id\": null, \"project_id\": null, \"sla_due_at\": null, \"sla_status\": null, \"trang_thai\": \"new_intake\", \"updated_at\": \"2026-03-23 04:04:44\", \"updated_by\": 9, \"customer_id\": 3, \"description\": null, \"received_at\": \"2026-03-23 04:04:44\", \"completed_at\": null, \"estimated_at\": null, \"nguoi_tao_id\": 9, \"project_name\": null, \"request_code\": \"CRC-202603-0009\", \"customer_name\": \"Bệnh viện Sản - Nhi Hậu Giang\", \"dispatched_at\": null, \"khach_hang_id\": 3, \"over_estimate\": false, \"warning_level\": \"missing\", \"dispatch_route\": null, \"kenh_tiep_nhan\": \"HIS L34\", \"nguoi_tao_name\": \"Phan Văn Rở\", \"performer_name\": \"Lý Thị Ngọc Mai\", \"requester_name\": \"Hồ Sơn Tùng\", \"source_channel\": null, \"created_by_name\": \"Phan Văn Rở\", \"dispatcher_name\": null, \"estimated_hours\": null, \"hours_usage_pct\": null, \"khach_hang_name\": \"Bệnh viện Sản - Nhi Hậu Giang\", \"project_item_id\": 143, \"updated_by_name\": \"Phan Văn Rở\", \"missing_estimate\": true, \"received_by_name\": \"Phan Văn Rở\", \"performer_user_id\": 52, \"total_hours_spent\": 0, \"dispatcher_user_id\": null, \"current_status_code\": \"new_intake\", \"received_by_user_id\": 9, \"tien_trinh_hien_tai\": \"new_intake\", \"estimated_by_user_id\": null, \"current_process_label\": \"Mới tiếp nhận\", \"customer_personnel_id\": 3, \"performer_accepted_at\": null, \"current_status_name_vi\": \"Mới tiếp nhận\", \"customer_personnel_name\": \"Hồ Sơn Tùng\", \"reported_to_customer_at\": null, \"support_service_group_id\": 13, \"current_status_instance_id\": 25, \"legacy_customer_request_id\": null, \"support_service_group_name\": \"HIS L34\"}','{\"id\": 16, \"ma_yc\": \"CRC-202603-0009\", \"mo_ta\": null, \"ket_qua\": \"dang_xu_ly\", \"summary\": \"Kết nối máy xét nghiệm\", \"tieu_de\": \"Kết nối máy xét nghiệm\", \"priority\": 2, \"kenh_khac\": null, \"created_at\": \"2026-03-23 04:04:44\", \"created_by\": 9, \"do_uu_tien\": 2, \"product_id\": null, \"project_id\": null, \"sla_due_at\": null, \"sla_status\": null, \"trang_thai\": \"waiting_customer_feedback\", \"updated_at\": \"2026-03-23 04:06:44\", \"updated_by\": 9, \"customer_id\": 3, \"description\": null, \"received_at\": \"2026-03-23 04:04:44\", \"completed_at\": null, \"estimated_at\": null, \"nguoi_tao_id\": 9, \"project_name\": null, \"request_code\": \"CRC-202603-0009\", \"customer_name\": \"Bệnh viện Sản - Nhi Hậu Giang\", \"dispatched_at\": null, \"khach_hang_id\": 3, \"over_estimate\": false, \"warning_level\": \"missing\", \"dispatch_route\": null, \"kenh_tiep_nhan\": \"HIS L34\", \"nguoi_tao_name\": \"Phan Văn Rở\", \"performer_name\": \"Lý Thị Ngọc Mai\", \"requester_name\": \"Hồ Sơn Tùng\", \"source_channel\": null, \"created_by_name\": \"Phan Văn Rở\", \"dispatcher_name\": null, \"estimated_hours\": null, \"hours_usage_pct\": null, \"khach_hang_name\": \"Bệnh viện Sản - Nhi Hậu Giang\", \"project_item_id\": 143, \"updated_by_name\": \"Phan Văn Rở\", \"missing_estimate\": true, \"received_by_name\": \"Phan Văn Rở\", \"performer_user_id\": 52, \"total_hours_spent\": 0, \"dispatcher_user_id\": null, \"current_status_code\": \"waiting_customer_feedback\", \"received_by_user_id\": 9, \"tien_trinh_hien_tai\": \"waiting_customer_feedback\", \"estimated_by_user_id\": null, \"current_process_label\": \"Đợi phản hồi từ khách hàng\", \"customer_personnel_id\": 3, \"performer_accepted_at\": null, \"current_status_name_vi\": \"Đợi phản hồi từ khách hàng\", \"customer_personnel_name\": \"Hồ Sơn Tùng\", \"reported_to_customer_at\": null, \"support_service_group_id\": 13, \"current_status_instance_id\": 26, \"legacy_customer_request_id\": null, \"support_service_group_name\": \"HIS L34\"}',NULL,NULL,NULL,'2026-03-23 04:06:44',9),(153,'9592799e-d066-414b-a89c-dfcaa631e485','UPDATE','customer_request_cases',16,'{\"id\": 16, \"ma_yc\": \"CRC-202603-0009\", \"mo_ta\": null, \"ket_qua\": \"dang_xu_ly\", \"summary\": \"Kết nối máy xét nghiệm\", \"tieu_de\": \"Kết nối máy xét nghiệm\", \"priority\": 2, \"kenh_khac\": null, \"created_at\": \"2026-03-23 04:04:44\", \"created_by\": 9, \"do_uu_tien\": 2, \"product_id\": null, \"project_id\": null, \"sla_due_at\": null, \"sla_status\": null, \"trang_thai\": \"waiting_customer_feedback\", \"updated_at\": \"2026-03-23 04:06:44\", \"updated_by\": 9, \"customer_id\": 3, \"description\": null, \"received_at\": \"2026-03-23 04:04:44\", \"completed_at\": null, \"estimated_at\": null, \"nguoi_tao_id\": 9, \"project_name\": null, \"request_code\": \"CRC-202603-0009\", \"customer_name\": \"Bệnh viện Sản - Nhi Hậu Giang\", \"dispatched_at\": null, \"khach_hang_id\": 3, \"over_estimate\": false, \"warning_level\": \"missing\", \"dispatch_route\": null, \"kenh_tiep_nhan\": \"HIS L34\", \"nguoi_tao_name\": \"Phan Văn Rở\", \"performer_name\": \"Lý Thị Ngọc Mai\", \"requester_name\": \"Hồ Sơn Tùng\", \"source_channel\": null, \"created_by_name\": \"Phan Văn Rở\", \"dispatcher_name\": null, \"estimated_hours\": null, \"hours_usage_pct\": null, \"khach_hang_name\": \"Bệnh viện Sản - Nhi Hậu Giang\", \"project_item_id\": 143, \"updated_by_name\": \"Phan Văn Rở\", \"missing_estimate\": true, \"received_by_name\": \"Phan Văn Rở\", \"performer_user_id\": 52, \"total_hours_spent\": 0, \"dispatcher_user_id\": null, \"current_status_code\": \"waiting_customer_feedback\", \"received_by_user_id\": 9, \"tien_trinh_hien_tai\": \"waiting_customer_feedback\", \"estimated_by_user_id\": null, \"current_process_label\": \"Đợi phản hồi từ khách hàng\", \"customer_personnel_id\": 3, \"performer_accepted_at\": null, \"current_status_name_vi\": \"Đợi phản hồi từ khách hàng\", \"customer_personnel_name\": \"Hồ Sơn Tùng\", \"reported_to_customer_at\": null, \"support_service_group_id\": 13, \"current_status_instance_id\": 26, \"legacy_customer_request_id\": null, \"support_service_group_name\": \"HIS L34\"}','{\"id\": 16, \"ma_yc\": \"CRC-202603-0009\", \"mo_ta\": null, \"ket_qua\": \"dang_xu_ly\", \"summary\": \"Kết nối máy xét nghiệm\", \"tieu_de\": \"Kết nối máy xét nghiệm\", \"priority\": 2, \"kenh_khac\": null, \"created_at\": \"2026-03-23 04:04:44\", \"created_by\": 9, \"do_uu_tien\": 2, \"product_id\": null, \"project_id\": null, \"sla_due_at\": \"2026-03-23 11:07:00\", \"sla_status\": \"at_risk\", \"trang_thai\": \"in_progress\", \"updated_at\": \"2026-03-23 04:07:36\", \"updated_by\": 9, \"customer_id\": 3, \"description\": null, \"received_at\": \"2026-03-23 04:04:44\", \"completed_at\": null, \"estimated_at\": null, \"nguoi_tao_id\": 9, \"project_name\": null, \"request_code\": \"CRC-202603-0009\", \"customer_name\": \"Bệnh viện Sản - Nhi Hậu Giang\", \"dispatched_at\": null, \"khach_hang_id\": 3, \"over_estimate\": false, \"warning_level\": \"missing\", \"dispatch_route\": null, \"kenh_tiep_nhan\": \"HIS L34\", \"nguoi_tao_name\": \"Phan Văn Rở\", \"performer_name\": \"Lý Thị Ngọc Mai\", \"requester_name\": \"Hồ Sơn Tùng\", \"source_channel\": null, \"created_by_name\": \"Phan Văn Rở\", \"dispatcher_name\": null, \"estimated_hours\": null, \"hours_usage_pct\": null, \"khach_hang_name\": \"Bệnh viện Sản - Nhi Hậu Giang\", \"project_item_id\": 143, \"updated_by_name\": \"Phan Văn Rở\", \"missing_estimate\": true, \"received_by_name\": \"Phan Văn Rở\", \"performer_user_id\": 52, \"total_hours_spent\": 0, \"dispatcher_user_id\": null, \"current_status_code\": \"in_progress\", \"received_by_user_id\": 9, \"tien_trinh_hien_tai\": \"in_progress\", \"estimated_by_user_id\": null, \"current_process_label\": \"Đang xử lý\", \"customer_personnel_id\": 3, \"performer_accepted_at\": null, \"current_status_name_vi\": \"Đang xử lý\", \"customer_personnel_name\": \"Hồ Sơn Tùng\", \"reported_to_customer_at\": null, \"support_service_group_id\": 13, \"current_status_instance_id\": 27, \"legacy_customer_request_id\": null, \"support_service_group_name\": \"HIS L34\"}',NULL,NULL,NULL,'2026-03-23 04:07:36',9),(154,'22791cd1-7cf5-4a39-aba2-a9895ec162f8','INSERT','customer_request_cases',17,NULL,'{\"id\": 17, \"ma_yc\": \"CRC-202603-0010\", \"mo_ta\": null, \"ket_qua\": \"dang_xu_ly\", \"summary\": \"Kết nối lIS bệnh viện Sản Nhi\", \"tieu_de\": \"Kết nối lIS bệnh viện Sản Nhi\", \"priority\": 2, \"kenh_khac\": null, \"created_at\": \"2026-03-23 04:09:32\", \"created_by\": 9, \"do_uu_tien\": 2, \"product_id\": null, \"project_id\": null, \"sla_due_at\": null, \"sla_status\": null, \"trang_thai\": \"new_intake\", \"updated_at\": \"2026-03-23 04:09:32\", \"updated_by\": 9, \"customer_id\": 3, \"description\": null, \"received_at\": \"2026-03-23 04:09:32\", \"completed_at\": null, \"estimated_at\": null, \"nguoi_tao_id\": 9, \"project_name\": null, \"request_code\": \"CRC-202603-0010\", \"customer_name\": \"Bệnh viện Sản - Nhi Hậu Giang\", \"dispatched_at\": null, \"khach_hang_id\": 3, \"over_estimate\": false, \"warning_level\": \"missing\", \"dispatch_route\": null, \"kenh_tiep_nhan\": \"HIS L3\", \"nguoi_tao_name\": \"Phan Văn Rở\", \"performer_name\": \"Phan Văn Rở\", \"requester_name\": \"Hồ Sơn Tùng\", \"source_channel\": null, \"created_by_name\": \"Phan Văn Rở\", \"dispatcher_name\": null, \"estimated_hours\": null, \"hours_usage_pct\": null, \"khach_hang_name\": \"Bệnh viện Sản - Nhi Hậu Giang\", \"project_item_id\": 143, \"updated_by_name\": \"Phan Văn Rở\", \"missing_estimate\": true, \"received_by_name\": \"Phan Văn Rở\", \"performer_user_id\": 9, \"total_hours_spent\": 0, \"dispatcher_user_id\": null, \"current_status_code\": \"new_intake\", \"received_by_user_id\": 9, \"tien_trinh_hien_tai\": \"new_intake\", \"estimated_by_user_id\": null, \"current_process_label\": \"Mới tiếp nhận\", \"customer_personnel_id\": 3, \"performer_accepted_at\": null, \"current_status_name_vi\": \"Mới tiếp nhận\", \"customer_personnel_name\": \"Hồ Sơn Tùng\", \"reported_to_customer_at\": null, \"support_service_group_id\": 2, \"current_status_instance_id\": 28, \"legacy_customer_request_id\": null, \"support_service_group_name\": \"HIS L3\"}',NULL,NULL,NULL,'2026-03-23 04:09:32',9),(155,'373eb59d-f5c6-471f-b375-553fdab8dc8d','UPDATE','customer_request_cases',17,'{\"id\": 17, \"ma_yc\": \"CRC-202603-0010\", \"mo_ta\": null, \"ket_qua\": \"dang_xu_ly\", \"summary\": \"Kết nối lIS bệnh viện Sản Nhi\", \"tieu_de\": \"Kết nối lIS bệnh viện Sản Nhi\", \"priority\": 2, \"kenh_khac\": null, \"created_at\": \"2026-03-23 04:09:32\", \"created_by\": 9, \"do_uu_tien\": 2, \"product_id\": null, \"project_id\": null, \"sla_due_at\": null, \"sla_status\": null, \"trang_thai\": \"new_intake\", \"updated_at\": \"2026-03-23 04:09:32\", \"updated_by\": 9, \"customer_id\": 3, \"description\": null, \"received_at\": \"2026-03-23 04:09:32\", \"completed_at\": null, \"estimated_at\": null, \"nguoi_tao_id\": 9, \"project_name\": null, \"request_code\": \"CRC-202603-0010\", \"customer_name\": \"Bệnh viện Sản - Nhi Hậu Giang\", \"dispatched_at\": null, \"khach_hang_id\": 3, \"over_estimate\": false, \"warning_level\": \"missing\", \"dispatch_route\": null, \"kenh_tiep_nhan\": \"HIS L3\", \"nguoi_tao_name\": \"Phan Văn Rở\", \"performer_name\": \"Phan Văn Rở\", \"requester_name\": \"Hồ Sơn Tùng\", \"source_channel\": null, \"created_by_name\": \"Phan Văn Rở\", \"dispatcher_name\": null, \"estimated_hours\": null, \"hours_usage_pct\": null, \"khach_hang_name\": \"Bệnh viện Sản - Nhi Hậu Giang\", \"project_item_id\": 143, \"updated_by_name\": \"Phan Văn Rở\", \"missing_estimate\": true, \"received_by_name\": \"Phan Văn Rở\", \"performer_user_id\": 9, \"total_hours_spent\": 0, \"dispatcher_user_id\": null, \"current_status_code\": \"new_intake\", \"received_by_user_id\": 9, \"tien_trinh_hien_tai\": \"new_intake\", \"estimated_by_user_id\": null, \"current_process_label\": \"Mới tiếp nhận\", \"customer_personnel_id\": 3, \"performer_accepted_at\": null, \"current_status_name_vi\": \"Mới tiếp nhận\", \"customer_personnel_name\": \"Hồ Sơn Tùng\", \"reported_to_customer_at\": null, \"support_service_group_id\": 2, \"current_status_instance_id\": 28, \"legacy_customer_request_id\": null, \"support_service_group_name\": \"HIS L3\"}','{\"id\": 17, \"ma_yc\": \"CRC-202603-0010\", \"mo_ta\": null, \"ket_qua\": \"dang_xu_ly\", \"summary\": \"Kết nối lIS bệnh viện Sản Nhi\", \"tieu_de\": \"Kết nối lIS bệnh viện Sản Nhi\", \"priority\": 2, \"kenh_khac\": null, \"created_at\": \"2026-03-23 04:09:32\", \"created_by\": 9, \"do_uu_tien\": 2, \"product_id\": null, \"project_id\": null, \"sla_due_at\": null, \"sla_status\": null, \"trang_thai\": \"waiting_customer_feedback\", \"updated_at\": \"2026-03-23 04:10:32\", \"updated_by\": 9, \"customer_id\": 3, \"description\": null, \"received_at\": \"2026-03-23 04:09:32\", \"completed_at\": null, \"estimated_at\": null, \"nguoi_tao_id\": 9, \"project_name\": null, \"request_code\": \"CRC-202603-0010\", \"customer_name\": \"Bệnh viện Sản - Nhi Hậu Giang\", \"dispatched_at\": null, \"khach_hang_id\": 3, \"over_estimate\": false, \"warning_level\": \"missing\", \"dispatch_route\": null, \"kenh_tiep_nhan\": \"HIS L3\", \"nguoi_tao_name\": \"Phan Văn Rở\", \"performer_name\": \"Phan Văn Rở\", \"requester_name\": \"Hồ Sơn Tùng\", \"source_channel\": null, \"created_by_name\": \"Phan Văn Rở\", \"dispatcher_name\": null, \"estimated_hours\": null, \"hours_usage_pct\": null, \"khach_hang_name\": \"Bệnh viện Sản - Nhi Hậu Giang\", \"project_item_id\": 143, \"updated_by_name\": \"Phan Văn Rở\", \"missing_estimate\": true, \"received_by_name\": \"Phan Văn Rở\", \"performer_user_id\": 9, \"total_hours_spent\": 0, \"dispatcher_user_id\": null, \"current_status_code\": \"waiting_customer_feedback\", \"received_by_user_id\": 9, \"tien_trinh_hien_tai\": \"waiting_customer_feedback\", \"estimated_by_user_id\": null, \"current_process_label\": \"Đợi phản hồi từ khách hàng\", \"customer_personnel_id\": 3, \"performer_accepted_at\": null, \"current_status_name_vi\": \"Đợi phản hồi từ khách hàng\", \"customer_personnel_name\": \"Hồ Sơn Tùng\", \"reported_to_customer_at\": null, \"support_service_group_id\": 2, \"current_status_instance_id\": 29, \"legacy_customer_request_id\": null, \"support_service_group_name\": \"HIS L3\"}',NULL,NULL,NULL,'2026-03-23 04:10:32',9),(156,'7a7b2f9a-0d58-4dcc-94b0-1f023e69d8df','UPDATE','customer_request_cases',17,'{\"id\": 17, \"ma_yc\": \"CRC-202603-0010\", \"mo_ta\": null, \"ket_qua\": \"dang_xu_ly\", \"summary\": \"Kết nối lIS bệnh viện Sản Nhi\", \"tieu_de\": \"Kết nối lIS bệnh viện Sản Nhi\", \"priority\": 2, \"kenh_khac\": null, \"created_at\": \"2026-03-23 04:09:32\", \"created_by\": 9, \"do_uu_tien\": 2, \"product_id\": null, \"project_id\": null, \"sla_due_at\": null, \"sla_status\": null, \"trang_thai\": \"waiting_customer_feedback\", \"updated_at\": \"2026-03-23 04:10:32\", \"updated_by\": 9, \"customer_id\": 3, \"description\": null, \"received_at\": \"2026-03-23 04:09:32\", \"completed_at\": null, \"estimated_at\": null, \"nguoi_tao_id\": 9, \"project_name\": null, \"request_code\": \"CRC-202603-0010\", \"customer_name\": \"Bệnh viện Sản - Nhi Hậu Giang\", \"dispatched_at\": null, \"khach_hang_id\": 3, \"over_estimate\": false, \"warning_level\": \"missing\", \"dispatch_route\": null, \"kenh_tiep_nhan\": \"HIS L3\", \"nguoi_tao_name\": \"Phan Văn Rở\", \"performer_name\": \"Phan Văn Rở\", \"requester_name\": \"Hồ Sơn Tùng\", \"source_channel\": null, \"created_by_name\": \"Phan Văn Rở\", \"dispatcher_name\": null, \"estimated_hours\": null, \"hours_usage_pct\": null, \"khach_hang_name\": \"Bệnh viện Sản - Nhi Hậu Giang\", \"project_item_id\": 143, \"updated_by_name\": \"Phan Văn Rở\", \"missing_estimate\": true, \"received_by_name\": \"Phan Văn Rở\", \"performer_user_id\": 9, \"total_hours_spent\": 0, \"dispatcher_user_id\": null, \"current_status_code\": \"waiting_customer_feedback\", \"received_by_user_id\": 9, \"tien_trinh_hien_tai\": \"waiting_customer_feedback\", \"estimated_by_user_id\": null, \"current_process_label\": \"Đợi phản hồi từ khách hàng\", \"customer_personnel_id\": 3, \"performer_accepted_at\": null, \"current_status_name_vi\": \"Đợi phản hồi từ khách hàng\", \"customer_personnel_name\": \"Hồ Sơn Tùng\", \"reported_to_customer_at\": null, \"support_service_group_id\": 2, \"current_status_instance_id\": 29, \"legacy_customer_request_id\": null, \"support_service_group_name\": \"HIS L3\"}','{\"id\": 17, \"ma_yc\": \"CRC-202603-0010\", \"mo_ta\": null, \"ket_qua\": \"khong_tiep_nhan\", \"summary\": \"Kết nối lIS bệnh viện Sản Nhi\", \"tieu_de\": \"Kết nối lIS bệnh viện Sản Nhi\", \"priority\": 2, \"kenh_khac\": null, \"created_at\": \"2026-03-23 04:09:32\", \"created_by\": 9, \"do_uu_tien\": 2, \"product_id\": null, \"project_id\": null, \"sla_due_at\": null, \"sla_status\": \"closed\", \"trang_thai\": \"not_executed\", \"updated_at\": \"2026-03-23 04:17:09\", \"updated_by\": 9, \"customer_id\": 3, \"description\": null, \"received_at\": \"2026-03-23 04:09:32\", \"completed_at\": null, \"estimated_at\": null, \"nguoi_tao_id\": 9, \"project_name\": null, \"request_code\": \"CRC-202603-0010\", \"customer_name\": \"Bệnh viện Sản - Nhi Hậu Giang\", \"dispatched_at\": null, \"khach_hang_id\": 3, \"over_estimate\": false, \"warning_level\": \"missing\", \"dispatch_route\": null, \"kenh_tiep_nhan\": \"HIS L3\", \"nguoi_tao_name\": \"Phan Văn Rở\", \"performer_name\": \"Phan Văn Rở\", \"requester_name\": \"Hồ Sơn Tùng\", \"source_channel\": null, \"created_by_name\": \"Phan Văn Rở\", \"dispatcher_name\": null, \"estimated_hours\": null, \"hours_usage_pct\": null, \"khach_hang_name\": \"Bệnh viện Sản - Nhi Hậu Giang\", \"project_item_id\": 143, \"updated_by_name\": \"Phan Văn Rở\", \"missing_estimate\": true, \"received_by_name\": \"Phan Văn Rở\", \"performer_user_id\": 9, \"total_hours_spent\": 0, \"dispatcher_user_id\": null, \"current_status_code\": \"not_executed\", \"received_by_user_id\": 9, \"tien_trinh_hien_tai\": \"not_executed\", \"estimated_by_user_id\": null, \"current_process_label\": \"Không thực hiện\", \"customer_personnel_id\": 3, \"performer_accepted_at\": null, \"current_status_name_vi\": \"Không thực hiện\", \"customer_personnel_name\": \"Hồ Sơn Tùng\", \"reported_to_customer_at\": null, \"support_service_group_id\": 2, \"current_status_instance_id\": 30, \"legacy_customer_request_id\": null, \"support_service_group_name\": \"HIS L3\"}',NULL,NULL,NULL,'2026-03-23 04:17:09',9),(157,'43f7e52d-0c10-4d2c-bba5-e8a71d4e3fa9','INSERT','customer_request_cases',18,NULL,'{\"id\": 18, \"ma_yc\": \"CRC-202603-0011\", \"mo_ta\": null, \"ket_qua\": \"dang_xu_ly\", \"summary\": \"nội dung yêu cầu\", \"tieu_de\": \"nội dung yêu cầu\", \"priority\": 2, \"kenh_khac\": null, \"created_at\": \"2026-03-23 10:15:28\", \"created_by\": 9, \"do_uu_tien\": 2, \"product_id\": null, \"project_id\": null, \"sla_due_at\": null, \"sla_status\": null, \"trang_thai\": \"new_intake\", \"updated_at\": \"2026-03-23 10:15:28\", \"updated_by\": 9, \"customer_id\": 3, \"description\": null, \"received_at\": \"2026-03-23 10:15:28\", \"completed_at\": null, \"estimated_at\": null, \"nguoi_tao_id\": 9, \"project_name\": null, \"request_code\": \"CRC-202603-0011\", \"customer_name\": \"Bệnh viện Sản - Nhi Hậu Giang\", \"dispatched_at\": null, \"khach_hang_id\": 3, \"over_estimate\": false, \"warning_level\": \"missing\", \"dispatch_route\": null, \"kenh_tiep_nhan\": \"HIS L3\", \"nguoi_tao_name\": \"Phan Văn Rở\", \"performer_name\": \"Phan Văn Rở\", \"requester_name\": \"Hồ Sơn Tùng\", \"source_channel\": null, \"created_by_name\": \"Phan Văn Rở\", \"dispatcher_name\": null, \"estimated_hours\": null, \"hours_usage_pct\": null, \"khach_hang_name\": \"Bệnh viện Sản - Nhi Hậu Giang\", \"project_item_id\": 143, \"updated_by_name\": \"Phan Văn Rở\", \"missing_estimate\": true, \"received_by_name\": \"Phan Văn Rở\", \"performer_user_id\": 9, \"total_hours_spent\": 0, \"dispatcher_user_id\": null, \"current_status_code\": \"new_intake\", \"received_by_user_id\": 9, \"tien_trinh_hien_tai\": \"new_intake\", \"estimated_by_user_id\": null, \"current_process_label\": \"Mới tiếp nhận\", \"customer_personnel_id\": 3, \"performer_accepted_at\": null, \"current_status_name_vi\": \"Mới tiếp nhận\", \"customer_personnel_name\": \"Hồ Sơn Tùng\", \"reported_to_customer_at\": null, \"support_service_group_id\": 2, \"current_status_instance_id\": 31, \"legacy_customer_request_id\": null, \"support_service_group_name\": \"HIS L3\"}',NULL,NULL,NULL,'2026-03-23 10:15:28',9),(158,'bc59861e-201e-4641-a7f9-376d56826efa','INSERT','opportunities',3,NULL,'{\"id\": 3, \"stage\": \"LEAD\", \"dept_id\": 4, \"opp_name\": \"Triển khai bệnh án điện tử tại TTYT KV Long Mỹ\", \"owner_id\": 1, \"created_at\": \"2026-03-23 12:00:13\", \"created_by\": 9, \"updated_at\": \"2026-03-23 12:00:13\", \"updated_by\": 9, \"customer_id\": 7, \"expected_value\": 1500000000}','http://127.0.0.1:8000/api/v5/opportunities','127.0.0.1','Mozilla/5.0 (Macintosh; Intel Mac OS X 10_15_7) AppleWebKit/537.36 (KHTML, like Gecko) Chrome/146.0.0.0 Safari/537.36','2026-03-23 12:00:13',9),(159,'07d119fd-c912-4ac1-b78f-f0ee1f9d18e3','INSERT','contracts',4,NULL,'{\"id\": 4, \"status\": \"DRAFT\", \"dept_id\": null, \"sign_date\": \"2026-03-23\", \"term_unit\": \"MONTH\", \"created_at\": \"2026-03-23 12:10:35\", \"created_by\": 9, \"deleted_at\": null, \"project_id\": 91, \"term_value\": \"12.00\", \"updated_at\": \"2026-03-23 12:10:35\", \"updated_by\": 9, \"customer_id\": 7, \"expiry_date\": \"2027-03-22\", \"total_value\": \"150000000.00\", \"contract_code\": \"HD-VNPT-LONGMY\", \"contract_name\": \"Triển khai bệnh án điện tử\", \"payment_cycle\": \"ONCE\", \"effective_date\": \"2026-03-23\", \"expiry_date_manual_override\": 0}','http://127.0.0.1:8000/api/v5/contracts','127.0.0.1','Mozilla/5.0 (Macintosh; Intel Mac OS X 10_15_7) AppleWebKit/537.36 (KHTML, like Gecko) Chrome/146.0.0.0 Safari/537.36','2026-03-23 12:10:35',9),(160,'331a6e2b-20fd-4056-8efd-e439c499f759','UPDATE','contracts',4,'{\"id\": 4, \"status\": \"DRAFT\", \"dept_id\": null, \"sign_date\": \"2026-03-23\", \"term_unit\": \"MONTH\", \"created_at\": \"2026-03-23 12:10:35\", \"created_by\": 9, \"deleted_at\": null, \"project_id\": 91, \"term_value\": \"12.00\", \"updated_at\": \"2026-03-23 12:10:35\", \"updated_by\": 9, \"customer_id\": 7, \"expiry_date\": \"2027-03-22\", \"total_value\": \"150000000.00\", \"contract_code\": \"HD-VNPT-LONGMY\", \"contract_name\": \"Triển khai bệnh án điện tử\", \"payment_cycle\": \"ONCE\", \"effective_date\": \"2026-03-23\", \"expiry_date_manual_override\": 0}','{\"id\": 4, \"status\": \"SIGNED\", \"dept_id\": null, \"sign_date\": \"2026-03-23\", \"term_unit\": \"MONTH\", \"created_at\": \"2026-03-23 12:10:35\", \"created_by\": 9, \"deleted_at\": null, \"project_id\": 91, \"term_value\": \"12.00\", \"updated_at\": \"2026-03-23 12:10:55\", \"updated_by\": 9, \"customer_id\": 7, \"expiry_date\": \"2027-03-22\", \"total_value\": \"150000000.00\", \"contract_code\": \"HD-VNPT-LONGMY\", \"contract_name\": \"Triển khai bệnh án điện tử\", \"payment_cycle\": \"ONCE\", \"effective_date\": \"2026-03-23\", \"expiry_date_manual_override\": 0}','http://127.0.0.1:8000/api/v5/contracts/4','127.0.0.1','Mozilla/5.0 (Macintosh; Intel Mac OS X 10_15_7) AppleWebKit/537.36 (KHTML, like Gecko) Chrome/146.0.0.0 Safari/537.36','2026-03-23 12:10:55',9),(161,'571185d7-d44f-469e-a0da-2d85d3305745','UPDATE','contracts',4,'{\"operation\": \"generate_contract_payments\", \"contract_id\": 4}','{\"contract_id\": 4, \"generated_rows\": 3, \"allocation_mode\": \"MILESTONE\", \"generation_mode\": \"backend\"}','http://127.0.0.1:8000/api/v5/contracts/4/generate-payments','127.0.0.1','Mozilla/5.0 (Macintosh; Intel Mac OS X 10_15_7) AppleWebKit/537.36 (KHTML, like Gecko) Chrome/146.0.0.0 Safari/537.36','2026-03-23 12:10:55',9),(162,'bb866343-2189-417c-9bf3-85108583bbd7','UPDATE','contracts',4,'{\"operation\": \"generate_contract_payments\", \"contract_id\": 4}','{\"contract_id\": 4, \"generated_rows\": 1, \"allocation_mode\": \"EVEN\", \"generation_mode\": \"backend\"}','http://127.0.0.1:8000/api/v5/contracts/4/generate-payments','127.0.0.1','Mozilla/5.0 (Macintosh; Intel Mac OS X 10_15_7) AppleWebKit/537.36 (KHTML, like Gecko) Chrome/146.0.0.0 Safari/537.36','2026-03-23 12:11:46',9),(163,'551be4bb-7e95-4885-80f6-33075b90a0d3','UPDATE','contracts',4,'{\"operation\": \"generate_contract_payments\", \"contract_id\": 4}','{\"contract_id\": 4, \"generated_rows\": 1, \"allocation_mode\": \"EVEN\", \"generation_mode\": \"backend\"}','http://127.0.0.1:8000/api/v5/contracts/4/generate-payments','127.0.0.1','Mozilla/5.0 (Macintosh; Intel Mac OS X 10_15_7) AppleWebKit/537.36 (KHTML, like Gecko) Chrome/146.0.0.0 Safari/537.36','2026-03-23 13:00:42',9),(164,'644f09c3-2504-4dcd-a289-689c6fabda2b','UPDATE','contracts',4,'{\"id\": 4, \"status\": \"SIGNED\", \"dept_id\": null, \"sign_date\": \"2026-03-23\", \"term_unit\": \"MONTH\", \"created_at\": \"2026-03-23 12:10:35\", \"created_by\": 9, \"deleted_at\": null, \"project_id\": 91, \"term_value\": \"12.00\", \"updated_at\": \"2026-03-23 13:00:42\", \"updated_by\": 9, \"customer_id\": 7, \"expiry_date\": \"2027-03-22\", \"total_value\": \"4457450000.00\", \"contract_code\": \"HD-VNPT-LONGMY\", \"contract_name\": \"Triển khai bệnh án điện tử\", \"payment_cycle\": \"ONCE\", \"effective_date\": \"2026-03-23\", \"expiry_date_manual_override\": 0}','{\"id\": 4, \"status\": \"SIGNED\", \"dept_id\": null, \"sign_date\": \"2026-03-23\", \"term_unit\": \"MONTH\", \"created_at\": \"2026-03-23 12:10:35\", \"created_by\": 9, \"deleted_at\": null, \"project_id\": 91, \"term_value\": \"12.00\", \"updated_at\": \"2026-03-23 13:00:55\", \"updated_by\": 9, \"customer_id\": 7, \"expiry_date\": \"2027-03-22\", \"total_value\": \"4457450000.00\", \"contract_code\": \"HD-VNPT-LONGMY\", \"contract_name\": \"Triển khai bệnh án điện tử\", \"payment_cycle\": \"QUARTERLY\", \"effective_date\": \"2026-03-23\", \"expiry_date_manual_override\": 0}','http://127.0.0.1:8000/api/v5/contracts/4','127.0.0.1','Mozilla/5.0 (Macintosh; Intel Mac OS X 10_15_7) AppleWebKit/537.36 (KHTML, like Gecko) Chrome/146.0.0.0 Safari/537.36','2026-03-23 13:00:55',9),(165,'76169a91-40df-47e5-a763-96ca796ecaa9','UPDATE','contracts',4,'{\"operation\": \"generate_contract_payments\", \"contract_id\": 4}','{\"contract_id\": 4, \"generated_rows\": 4, \"allocation_mode\": \"EVEN\", \"generation_mode\": \"backend\"}','http://127.0.0.1:8000/api/v5/contracts/4/generate-payments','127.0.0.1','Mozilla/5.0 (Macintosh; Intel Mac OS X 10_15_7) AppleWebKit/537.36 (KHTML, like Gecko) Chrome/146.0.0.0 Safari/537.36','2026-03-23 13:01:09',9),(166,'f761a165-fed0-41ab-8990-22d9dd2615e0','UPDATE','payment_schedules',51,'{\"id\": 51, \"notes\": null, \"status\": \"PENDING\", \"created_at\": \"2026-03-23 13:01:09\", \"project_id\": 91, \"updated_at\": \"2026-03-23 13:01:09\", \"attachments\": [], \"contract_id\": 4, \"confirmed_at\": null, \"confirmed_by\": null, \"cycle_number\": 1, \"expected_date\": \"2026-03-23\", \"milestone_name\": \"Thanh toán kỳ 1 (quý)\", \"expected_amount\": \"1114362500.00\", \"actual_paid_date\": null, \"actual_paid_amount\": \"0.00\"}','{\"id\": 51, \"notes\": null, \"status\": \"PAID\", \"created_at\": \"2026-03-23 13:01:09\", \"project_id\": 91, \"updated_at\": \"2026-03-23 13:01:26\", \"attachments\": [], \"contract_id\": 4, \"confirmed_at\": \"2026-03-23 13:01:26\", \"confirmed_by\": 9, \"cycle_number\": 1, \"expected_date\": \"2026-03-23\", \"milestone_name\": \"Thanh toán kỳ 1 (quý)\", \"expected_amount\": \"1114362500.00\", \"actual_paid_date\": \"2026-03-23\", \"actual_paid_amount\": \"1114362500.00\"}','http://127.0.0.1:8000/api/v5/payment-schedules/51','127.0.0.1','Mozilla/5.0 (Macintosh; Intel Mac OS X 10_15_7) AppleWebKit/537.36 (KHTML, like Gecko) Chrome/146.0.0.0 Safari/537.36','2026-03-23 13:01:26',9),(167,'db134dda-9731-4223-a8af-59e3f34b2fd8','UPDATE','customer_request_cases',15,'{\"id\": 15, \"ma_yc\": \"CRC-202603-0008\", \"mo_ta\": null, \"ket_qua\": \"dang_xu_ly\", \"summary\": \"Hỗ trợ  LIS\", \"tieu_de\": \"Hỗ trợ  LIS\", \"priority\": 1, \"kenh_khac\": null, \"created_at\": \"2026-03-22 13:54:14\", \"created_by\": 9, \"do_uu_tien\": 1, \"product_id\": null, \"project_id\": null, \"sla_due_at\": null, \"sla_status\": null, \"trang_thai\": \"new_intake\", \"updated_at\": \"2026-03-23 13:12:20\", \"updated_by\": 9, \"customer_id\": 3, \"description\": null, \"received_at\": \"2026-03-22 13:54:14\", \"completed_at\": null, \"estimated_at\": null, \"nguoi_tao_id\": 9, \"project_name\": null, \"request_code\": \"CRC-202603-0008\", \"customer_name\": \"Bệnh viện Sản - Nhi Hậu Giang\", \"dispatched_at\": null, \"khach_hang_id\": 3, \"over_estimate\": false, \"warning_level\": \"missing\", \"dispatch_route\": null, \"kenh_tiep_nhan\": \"HIS L3\", \"nguoi_tao_name\": \"Phan Văn Rở\", \"performer_name\": \"Lý Thị Ngọc Mai\", \"requester_name\": \"Hồ Sơn Tùng\", \"source_channel\": null, \"created_by_name\": \"Phan Văn Rở\", \"dispatcher_name\": null, \"estimated_hours\": null, \"hours_usage_pct\": null, \"khach_hang_name\": \"Bệnh viện Sản - Nhi Hậu Giang\", \"project_item_id\": 143, \"updated_by_name\": \"Phan Văn Rở\", \"missing_estimate\": true, \"received_by_name\": \"Phan Văn Rở\", \"performer_user_id\": 52, \"total_hours_spent\": 0, \"dispatcher_user_id\": null, \"current_status_code\": \"new_intake\", \"received_by_user_id\": 9, \"tien_trinh_hien_tai\": \"new_intake\", \"estimated_by_user_id\": null, \"current_process_label\": \"Mới tiếp nhận\", \"customer_personnel_id\": 3, \"performer_accepted_at\": null, \"current_status_name_vi\": \"Mới tiếp nhận\", \"customer_personnel_name\": \"Hồ Sơn Tùng\", \"reported_to_customer_at\": null, \"support_service_group_id\": 2, \"current_status_instance_id\": 23, \"legacy_customer_request_id\": null, \"support_service_group_name\": \"HIS L3\"}','{\"id\": 15, \"ma_yc\": \"CRC-202603-0008\", \"mo_ta\": null, \"ket_qua\": \"dang_xu_ly\", \"summary\": \"Hỗ trợ  LIS\", \"tieu_de\": \"Hỗ trợ  LIS\", \"priority\": 1, \"kenh_khac\": null, \"created_at\": \"2026-03-22 13:54:14\", \"created_by\": 9, \"do_uu_tien\": 1, \"product_id\": null, \"project_id\": null, \"sla_due_at\": \"2026-03-23 21:41:00\", \"sla_status\": \"at_risk\", \"trang_thai\": \"in_progress\", \"updated_at\": \"2026-03-23 14:42:46\", \"updated_by\": 9, \"customer_id\": 3, \"description\": null, \"received_at\": \"2026-03-22 13:54:14\", \"completed_at\": null, \"estimated_at\": null, \"nguoi_tao_id\": 9, \"project_name\": null, \"request_code\": \"CRC-202603-0008\", \"customer_name\": \"Bệnh viện Sản - Nhi Hậu Giang\", \"dispatched_at\": null, \"khach_hang_id\": 3, \"over_estimate\": false, \"warning_level\": \"missing\", \"dispatch_route\": null, \"kenh_tiep_nhan\": \"HIS L3\", \"nguoi_tao_name\": \"Phan Văn Rở\", \"performer_name\": \"Lý Thị Ngọc Mai\", \"requester_name\": \"Hồ Sơn Tùng\", \"source_channel\": null, \"created_by_name\": \"Phan Văn Rở\", \"dispatcher_name\": null, \"estimated_hours\": null, \"hours_usage_pct\": null, \"khach_hang_name\": \"Bệnh viện Sản - Nhi Hậu Giang\", \"project_item_id\": 143, \"updated_by_name\": \"Phan Văn Rở\", \"missing_estimate\": true, \"received_by_name\": \"Phan Văn Rở\", \"performer_user_id\": 52, \"total_hours_spent\": 0, \"dispatcher_user_id\": null, \"current_status_code\": \"in_progress\", \"received_by_user_id\": 9, \"tien_trinh_hien_tai\": \"in_progress\", \"estimated_by_user_id\": null, \"current_process_label\": \"Đang xử lý\", \"customer_personnel_id\": 3, \"performer_accepted_at\": null, \"current_status_name_vi\": \"Đang xử lý\", \"customer_personnel_name\": \"Hồ Sơn Tùng\", \"reported_to_customer_at\": null, \"support_service_group_id\": 2, \"current_status_instance_id\": 32, \"legacy_customer_request_id\": null, \"support_service_group_name\": \"HIS L3\"}',NULL,NULL,NULL,'2026-03-23 14:42:46',9),(168,'6ab2d36c-eef3-4b77-a68f-c85714ec444d','UPDATE','projects',84,'{\"id\": 84, \"status\": \"CHUAN_BI\", \"created_at\": \"2026-02-25 08:21:11\", \"created_by\": null, \"deleted_at\": null, \"start_date\": \"2026-02-25\", \"updated_at\": \"2026-03-18 02:02:31\", \"updated_by\": null, \"customer_id\": 14, \"project_code\": \"DA014\", \"project_name\": \"Dự án Giải pháp VNPT HIS - Bệnh viện đa khoa khu vực Ngã Bảy\", \"opportunity_id\": null, \"investment_mode\": \"DAU_TU\", \"expected_end_date\": \"2026-11-25\"}','{\"id\": 84, \"status\": \"TRIAL\", \"created_at\": \"2026-02-25 08:21:11\", \"created_by\": null, \"deleted_at\": null, \"start_date\": \"2026-02-25\", \"updated_at\": \"2026-03-23 23:19:24\", \"updated_by\": 9, \"customer_id\": 14, \"project_code\": \"DA014\", \"project_name\": \"Dự án Giải pháp VNPT HIS - Bệnh viện đa khoa khu vực Ngã Bảy\", \"opportunity_id\": null, \"investment_mode\": \"DAU_TU\", \"expected_end_date\": \"2026-11-25\"}','http://127.0.0.1:8000/api/v5/projects/84','127.0.0.1','Mozilla/5.0 (Macintosh; Intel Mac OS X 10_15_7) AppleWebKit/537.36 (KHTML, like Gecko) Chrome/146.0.0.0 Safari/537.36','2026-03-23 23:19:24',9),(169,'c1b3bcdf-24da-4aab-be75-1a66892dc65a','UPDATE','projects',87,'{\"id\": 87, \"status\": \"CHUAN_BI\", \"created_at\": \"2026-02-25 08:21:11\", \"created_by\": null, \"deleted_at\": null, \"start_date\": \"2026-02-25\", \"updated_at\": \"2026-03-18 02:02:31\", \"updated_by\": null, \"customer_id\": 11, \"project_code\": \"DA011\", \"project_name\": \"Dự án Giải pháp VNPT HIS - Trung tâm Y tế Thành phố Ngã Bảy\", \"opportunity_id\": null, \"investment_mode\": \"DAU_TU\", \"expected_end_date\": \"2026-11-25\"}','{\"id\": 87, \"status\": \"TRIAL\", \"created_at\": \"2026-02-25 08:21:11\", \"created_by\": null, \"deleted_at\": null, \"start_date\": \"2026-02-25\", \"updated_at\": \"2026-03-23 23:19:42\", \"updated_by\": 9, \"customer_id\": 11, \"project_code\": \"DA011\", \"project_name\": \"Dự án Giải pháp VNPT HIS - Trung tâm Y tế Thành phố Ngã Bảy\", \"opportunity_id\": null, \"investment_mode\": \"DAU_TU\", \"expected_end_date\": \"2026-11-25\"}','http://127.0.0.1:8000/api/v5/projects/87','127.0.0.1','Mozilla/5.0 (Macintosh; Intel Mac OS X 10_15_7) AppleWebKit/537.36 (KHTML, like Gecko) Chrome/146.0.0.0 Safari/537.36','2026-03-23 23:19:42',9),(170,'ccb9c8e5-0623-4bfe-b9f3-44217b07ab04','UPDATE','projects',87,'{\"id\": 87, \"status\": \"TRIAL\", \"created_at\": \"2026-02-25 08:21:11\", \"created_by\": null, \"deleted_at\": null, \"start_date\": \"2026-02-25\", \"updated_at\": \"2026-03-23 23:19:42\", \"updated_by\": 9, \"customer_id\": 11, \"project_code\": \"DA011\", \"project_name\": \"Dự án Giải pháp VNPT HIS - Trung tâm Y tế Thành phố Ngã Bảy\", \"opportunity_id\": null, \"investment_mode\": \"DAU_TU\", \"expected_end_date\": \"2026-11-25\"}','{\"id\": 87, \"status\": \"TRIAL\", \"created_at\": \"2026-02-25 08:21:11\", \"created_by\": null, \"deleted_at\": null, \"start_date\": \"2026-02-25\", \"updated_at\": \"2026-03-23 23:19:42\", \"updated_by\": 9, \"customer_id\": 11, \"project_code\": \"DA011\", \"project_name\": \"Dự án Giải pháp VNPT HIS - Trung tâm Y tế Thành phố Ngã Bảy\", \"opportunity_id\": null, \"investment_mode\": \"DAU_TU\", \"expected_end_date\": \"2026-11-25\"}','http://127.0.0.1:8000/api/v5/projects/87','127.0.0.1','Mozilla/5.0 (Macintosh; Intel Mac OS X 10_15_7) AppleWebKit/537.36 (KHTML, like Gecko) Chrome/146.0.0.0 Safari/537.36','2026-03-23 23:20:24',9),(171,'3401234f-3e6d-4a5d-8d02-9564d5f93b7b','INSERT','customer_request_cases',19,NULL,'{\"id\": 19, \"ma_yc\": \"CRC-202603-0012\", \"mo_ta\": null, \"ket_qua\": \"dang_xu_ly\", \"summary\": \"L23\", \"tieu_de\": \"L23\", \"priority\": 2, \"kenh_khac\": null, \"created_at\": \"2026-03-23 23:48:07\", \"created_by\": 9, \"do_uu_tien\": 2, \"product_id\": null, \"project_id\": null, \"sla_due_at\": null, \"sla_status\": null, \"trang_thai\": \"new_intake\", \"updated_at\": \"2026-03-23 23:48:07\", \"updated_by\": 9, \"customer_id\": 3, \"description\": null, \"received_at\": \"2026-03-23 23:48:07\", \"completed_at\": null, \"estimated_at\": null, \"nguoi_tao_id\": 9, \"project_name\": null, \"request_code\": \"CRC-202603-0012\", \"customer_name\": \"Bệnh viện Sản - Nhi Hậu Giang\", \"dispatched_at\": null, \"khach_hang_id\": 3, \"over_estimate\": false, \"warning_level\": \"missing\", \"dispatch_route\": \"self_handle\", \"kenh_tiep_nhan\": \"HIS L3\", \"nguoi_tao_name\": \"Phan Văn Rở\", \"performer_name\": \"Phan Văn Rở\", \"requester_name\": \"Hồ Sơn Tùng\", \"source_channel\": null, \"created_by_name\": \"Phan Văn Rở\", \"dispatcher_name\": null, \"estimated_hours\": null, \"hours_usage_pct\": null, \"khach_hang_name\": \"Bệnh viện Sản - Nhi Hậu Giang\", \"project_item_id\": 143, \"updated_by_name\": \"Phan Văn Rở\", \"missing_estimate\": true, \"received_by_name\": \"Phan Văn Rở\", \"performer_user_id\": 9, \"total_hours_spent\": 0, \"dispatcher_user_id\": null, \"current_status_code\": \"new_intake\", \"received_by_user_id\": 9, \"tien_trinh_hien_tai\": \"new_intake\", \"estimated_by_user_id\": null, \"current_process_label\": \"Mới tiếp nhận\", \"customer_personnel_id\": 3, \"performer_accepted_at\": null, \"current_status_name_vi\": \"Mới tiếp nhận\", \"customer_personnel_name\": \"Hồ Sơn Tùng\", \"reported_to_customer_at\": null, \"support_service_group_id\": 2, \"current_status_instance_id\": 33, \"legacy_customer_request_id\": null, \"support_service_group_name\": \"HIS L3\"}',NULL,NULL,NULL,'2026-03-23 23:48:07',9),(172,'5e941378-6dcc-4036-adfa-3c9de01e787e','UPDATE','customer_request_cases',19,'{\"id\": 19, \"ma_yc\": \"CRC-202603-0012\", \"mo_ta\": null, \"ket_qua\": \"dang_xu_ly\", \"summary\": \"L23\", \"tieu_de\": \"L23\", \"priority\": 2, \"kenh_khac\": null, \"created_at\": \"2026-03-23 23:48:07\", \"created_by\": 9, \"do_uu_tien\": 2, \"product_id\": null, \"project_id\": null, \"sla_due_at\": null, \"sla_status\": null, \"trang_thai\": \"new_intake\", \"updated_at\": \"2026-03-23 23:48:07\", \"updated_by\": 9, \"customer_id\": 3, \"description\": null, \"received_at\": \"2026-03-23 23:48:07\", \"completed_at\": null, \"estimated_at\": null, \"nguoi_tao_id\": 9, \"project_name\": null, \"request_code\": \"CRC-202603-0012\", \"customer_name\": \"Bệnh viện Sản - Nhi Hậu Giang\", \"dispatched_at\": null, \"khach_hang_id\": 3, \"over_estimate\": false, \"warning_level\": \"missing\", \"dispatch_route\": \"self_handle\", \"kenh_tiep_nhan\": \"HIS L3\", \"nguoi_tao_name\": \"Phan Văn Rở\", \"performer_name\": \"Phan Văn Rở\", \"requester_name\": \"Hồ Sơn Tùng\", \"source_channel\": null, \"created_by_name\": \"Phan Văn Rở\", \"dispatcher_name\": null, \"estimated_hours\": null, \"hours_usage_pct\": null, \"khach_hang_name\": \"Bệnh viện Sản - Nhi Hậu Giang\", \"project_item_id\": 143, \"updated_by_name\": \"Phan Văn Rở\", \"missing_estimate\": true, \"received_by_name\": \"Phan Văn Rở\", \"performer_user_id\": 9, \"total_hours_spent\": 0, \"dispatcher_user_id\": null, \"current_status_code\": \"new_intake\", \"received_by_user_id\": 9, \"tien_trinh_hien_tai\": \"new_intake\", \"estimated_by_user_id\": null, \"current_process_label\": \"Mới tiếp nhận\", \"customer_personnel_id\": 3, \"performer_accepted_at\": null, \"current_status_name_vi\": \"Mới tiếp nhận\", \"customer_personnel_name\": \"Hồ Sơn Tùng\", \"reported_to_customer_at\": null, \"support_service_group_id\": 2, \"current_status_instance_id\": 33, \"legacy_customer_request_id\": null, \"support_service_group_name\": \"HIS L3\"}','{\"id\": 19, \"ma_yc\": \"CRC-202603-0012\", \"mo_ta\": null, \"ket_qua\": \"dang_xu_ly\", \"summary\": \"L23\", \"tieu_de\": \"L23\", \"priority\": 2, \"kenh_khac\": null, \"created_at\": \"2026-03-23 23:48:07\", \"created_by\": 9, \"do_uu_tien\": 2, \"product_id\": null, \"project_id\": null, \"sla_due_at\": null, \"sla_status\": null, \"trang_thai\": \"returned_to_manager\", \"updated_at\": \"2026-03-24 03:12:47\", \"updated_by\": 9, \"customer_id\": 3, \"description\": null, \"received_at\": \"2026-03-23 23:48:07\", \"completed_at\": null, \"estimated_at\": null, \"nguoi_tao_id\": 9, \"project_name\": null, \"request_code\": \"CRC-202603-0012\", \"customer_name\": \"Bệnh viện Sản - Nhi Hậu Giang\", \"dispatched_at\": null, \"khach_hang_id\": 3, \"over_estimate\": false, \"warning_level\": \"missing\", \"dispatch_route\": \"self_handle\", \"kenh_tiep_nhan\": \"HIS L3\", \"nguoi_tao_name\": \"Phan Văn Rở\", \"performer_name\": \"Phan Văn Rở\", \"requester_name\": \"Hồ Sơn Tùng\", \"source_channel\": null, \"created_by_name\": \"Phan Văn Rở\", \"dispatcher_name\": null, \"estimated_hours\": null, \"hours_usage_pct\": null, \"khach_hang_name\": \"Bệnh viện Sản - Nhi Hậu Giang\", \"project_item_id\": 143, \"updated_by_name\": \"Phan Văn Rở\", \"missing_estimate\": true, \"received_by_name\": \"Phan Văn Rở\", \"performer_user_id\": 9, \"total_hours_spent\": 0, \"dispatcher_user_id\": null, \"current_status_code\": \"returned_to_manager\", \"received_by_user_id\": 9, \"tien_trinh_hien_tai\": \"returned_to_manager\", \"estimated_by_user_id\": null, \"current_process_label\": \"Chuyển trả người quản lý\", \"customer_personnel_id\": 3, \"performer_accepted_at\": null, \"current_status_name_vi\": \"Chuyển trả người quản lý\", \"customer_personnel_name\": \"Hồ Sơn Tùng\", \"reported_to_customer_at\": null, \"support_service_group_id\": 2, \"current_status_instance_id\": 34, \"legacy_customer_request_id\": null, \"support_service_group_name\": \"HIS L3\"}',NULL,NULL,NULL,'2026-03-24 03:12:47',9),(173,'b0597390-9c94-4c7a-a284-59822241564b','UPDATE','payment_schedules',52,'{\"id\": 52, \"notes\": null, \"status\": \"PENDING\", \"created_at\": \"2026-03-23 13:01:09\", \"project_id\": 91, \"updated_at\": \"2026-03-23 13:01:09\", \"attachments\": [], \"contract_id\": 4, \"confirmed_at\": null, \"confirmed_by\": null, \"cycle_number\": 2, \"expected_date\": \"2026-06-23\", \"milestone_name\": \"Thanh toán kỳ 2 (quý)\", \"expected_amount\": \"1114362500.00\", \"actual_paid_date\": null, \"actual_paid_amount\": \"0.00\"}','{\"id\": 52, \"notes\": null, \"status\": \"PAID\", \"created_at\": \"2026-03-23 13:01:09\", \"project_id\": 91, \"updated_at\": \"2026-03-24 03:41:34\", \"attachments\": [], \"contract_id\": 4, \"confirmed_at\": \"2026-03-24 03:41:34\", \"confirmed_by\": 9, \"cycle_number\": 2, \"expected_date\": \"2026-06-23\", \"milestone_name\": \"Thanh toán kỳ 2 (quý)\", \"expected_amount\": \"1114362500.00\", \"actual_paid_date\": \"2026-03-24\", \"actual_paid_amount\": \"1114362500.00\"}','http://127.0.0.1:8000/api/v5/payment-schedules/52','127.0.0.1','Mozilla/5.0 (Macintosh; Intel Mac OS X 10_15_7) AppleWebKit/537.36 (KHTML, like Gecko) Chrome/146.0.0.0 Safari/537.36','2026-03-24 03:41:34',9),(174,'69908056-4148-4796-9ec7-f571b45368ad','INSERT','customer_request_cases',20,NULL,'{\"id\": 20, \"ma_yc\": \"CRC-202603-0013\", \"mo_ta\": null, \"ket_qua\": \"dang_xu_ly\", \"summary\": \"LIS kết nối\", \"tieu_de\": \"LIS kết nối\", \"priority\": 2, \"kenh_khac\": null, \"created_at\": \"2026-03-24 04:03:36\", \"created_by\": 9, \"do_uu_tien\": 2, \"product_id\": null, \"project_id\": null, \"sla_due_at\": null, \"sla_status\": null, \"trang_thai\": \"new_intake\", \"updated_at\": \"2026-03-24 04:03:36\", \"updated_by\": 9, \"customer_id\": 3, \"description\": null, \"received_at\": \"2026-03-24 04:03:36\", \"completed_at\": null, \"estimated_at\": null, \"nguoi_tao_id\": 9, \"project_name\": null, \"request_code\": \"CRC-202603-0013\", \"customer_name\": \"Bệnh viện Sản - Nhi Hậu Giang\", \"dispatched_at\": null, \"khach_hang_id\": 3, \"over_estimate\": false, \"warning_level\": \"missing\", \"dispatch_route\": \"self_handle\", \"kenh_tiep_nhan\": \"HIS L3\", \"nguoi_tao_name\": \"Phan Văn Rở\", \"performer_name\": \"Phan Văn Rở\", \"requester_name\": \"Hồ Sơn Tùng\", \"source_channel\": null, \"created_by_name\": \"Phan Văn Rở\", \"dispatcher_name\": null, \"estimated_hours\": null, \"hours_usage_pct\": null, \"khach_hang_name\": \"Bệnh viện Sản - Nhi Hậu Giang\", \"project_item_id\": 143, \"updated_by_name\": \"Phan Văn Rở\", \"missing_estimate\": true, \"received_by_name\": \"Phan Văn Rở\", \"performer_user_id\": 9, \"total_hours_spent\": 0, \"dispatcher_user_id\": null, \"current_status_code\": \"new_intake\", \"received_by_user_id\": 9, \"tien_trinh_hien_tai\": \"new_intake\", \"estimated_by_user_id\": null, \"current_process_label\": \"Mới tiếp nhận\", \"customer_personnel_id\": 3, \"performer_accepted_at\": null, \"current_status_name_vi\": \"Mới tiếp nhận\", \"customer_personnel_name\": \"Hồ Sơn Tùng\", \"reported_to_customer_at\": null, \"support_service_group_id\": 2, \"current_status_instance_id\": 35, \"legacy_customer_request_id\": null, \"support_service_group_name\": \"HIS L3\"}',NULL,NULL,NULL,'2026-03-24 04:03:36',9),(175,'1bd1d1cc-a240-4ccd-9962-7a052a67b96a','UPDATE','customer_request_cases',20,'{\"id\": 20, \"ma_yc\": \"CRC-202603-0013\", \"mo_ta\": null, \"ket_qua\": \"dang_xu_ly\", \"summary\": \"LIS kết nối\", \"tieu_de\": \"LIS kết nối\", \"priority\": 2, \"kenh_khac\": null, \"created_at\": \"2026-03-24 04:03:36\", \"created_by\": 9, \"do_uu_tien\": 2, \"product_id\": null, \"project_id\": null, \"sla_due_at\": null, \"sla_status\": null, \"trang_thai\": \"new_intake\", \"updated_at\": \"2026-03-24 04:03:36\", \"updated_by\": 9, \"customer_id\": 3, \"description\": null, \"received_at\": \"2026-03-24 04:03:36\", \"completed_at\": null, \"estimated_at\": null, \"nguoi_tao_id\": 9, \"project_name\": null, \"request_code\": \"CRC-202603-0013\", \"customer_name\": \"Bệnh viện Sản - Nhi Hậu Giang\", \"dispatched_at\": null, \"khach_hang_id\": 3, \"over_estimate\": false, \"warning_level\": \"missing\", \"dispatch_route\": \"self_handle\", \"kenh_tiep_nhan\": \"HIS L3\", \"nguoi_tao_name\": \"Phan Văn Rở\", \"performer_name\": \"Phan Văn Rở\", \"requester_name\": \"Hồ Sơn Tùng\", \"source_channel\": null, \"created_by_name\": \"Phan Văn Rở\", \"dispatcher_name\": null, \"estimated_hours\": null, \"hours_usage_pct\": null, \"khach_hang_name\": \"Bệnh viện Sản - Nhi Hậu Giang\", \"project_item_id\": 143, \"updated_by_name\": \"Phan Văn Rở\", \"missing_estimate\": true, \"received_by_name\": \"Phan Văn Rở\", \"performer_user_id\": 9, \"total_hours_spent\": 0, \"dispatcher_user_id\": null, \"current_status_code\": \"new_intake\", \"received_by_user_id\": 9, \"tien_trinh_hien_tai\": \"new_intake\", \"estimated_by_user_id\": null, \"current_process_label\": \"Mới tiếp nhận\", \"customer_personnel_id\": 3, \"performer_accepted_at\": null, \"current_status_name_vi\": \"Mới tiếp nhận\", \"customer_personnel_name\": \"Hồ Sơn Tùng\", \"reported_to_customer_at\": null, \"support_service_group_id\": 2, \"current_status_instance_id\": 35, \"legacy_customer_request_id\": null, \"support_service_group_name\": \"HIS L3\"}','{\"id\": 20, \"ma_yc\": \"CRC-202603-0013\", \"mo_ta\": null, \"ket_qua\": \"dang_xu_ly\", \"summary\": \"LIS kết nối\", \"tieu_de\": \"LIS kết nối\", \"priority\": 2, \"kenh_khac\": null, \"created_at\": \"2026-03-24 04:03:36\", \"created_by\": 9, \"do_uu_tien\": 2, \"product_id\": null, \"project_id\": null, \"sla_due_at\": \"2026-03-24 11:04:00\", \"sla_status\": \"at_risk\", \"trang_thai\": \"in_progress\", \"updated_at\": \"2026-03-24 04:04:44\", \"updated_by\": 9, \"customer_id\": 3, \"description\": null, \"received_at\": \"2026-03-24 04:03:36\", \"completed_at\": null, \"estimated_at\": null, \"nguoi_tao_id\": 9, \"project_name\": null, \"request_code\": \"CRC-202603-0013\", \"customer_name\": \"Bệnh viện Sản - Nhi Hậu Giang\", \"dispatched_at\": null, \"khach_hang_id\": 3, \"over_estimate\": false, \"warning_level\": \"missing\", \"dispatch_route\": \"self_handle\", \"kenh_tiep_nhan\": \"HIS L3\", \"nguoi_tao_name\": \"Phan Văn Rở\", \"performer_name\": \"Phan Văn Rở\", \"requester_name\": \"Hồ Sơn Tùng\", \"source_channel\": null, \"created_by_name\": \"Phan Văn Rở\", \"dispatcher_name\": null, \"estimated_hours\": null, \"hours_usage_pct\": null, \"khach_hang_name\": \"Bệnh viện Sản - Nhi Hậu Giang\", \"project_item_id\": 143, \"updated_by_name\": \"Phan Văn Rở\", \"missing_estimate\": true, \"received_by_name\": \"Phan Văn Rở\", \"performer_user_id\": 9, \"total_hours_spent\": 0, \"dispatcher_user_id\": null, \"current_status_code\": \"in_progress\", \"received_by_user_id\": 9, \"tien_trinh_hien_tai\": \"in_progress\", \"estimated_by_user_id\": null, \"current_process_label\": \"Đang xử lý\", \"customer_personnel_id\": 3, \"performer_accepted_at\": null, \"current_status_name_vi\": \"Đang xử lý\", \"customer_personnel_name\": \"Hồ Sơn Tùng\", \"reported_to_customer_at\": null, \"support_service_group_id\": 2, \"current_status_instance_id\": 36, \"legacy_customer_request_id\": null, \"support_service_group_name\": \"HIS L3\"}',NULL,NULL,NULL,'2026-03-24 04:04:44',9),(176,'ccf47a62-c071-4bb1-b485-dc99f7cd9b49','DELETE','vendors',5,'{\"id\": 5, \"is_active\": 1, \"created_at\": \"2026-03-24 08:55:44\", \"created_by\": null, \"deleted_at\": null, \"updated_at\": \"2026-03-24 08:55:44\", \"updated_by\": null, \"vendor_code\": \"KHDN_PM\", \"vendor_name\": \"Khách hàng doanh nghiệp\"}',NULL,'http://127.0.0.1:8000/api/v5/vendors/5','127.0.0.1','Mozilla/5.0 (Macintosh; Intel Mac OS X 10_15_7) AppleWebKit/537.36 (KHTML, like Gecko) Chrome/146.0.0.0 Safari/537.36','2026-03-24 08:57:30',9),(177,'438e181d-1cdd-4637-98af-a6213d9343c6','INSERT','customer_request_cases',21,NULL,'{\"id\": 21, \"ma_yc\": \"CRC-202603-0014\", \"mo_ta\": null, \"ket_qua\": \"dang_xu_ly\", \"summary\": \"Kết nối LIS24\", \"tieu_de\": \"Kết nối LIS24\", \"priority\": 2, \"kenh_khac\": null, \"created_at\": \"2026-03-24 10:08:00\", \"created_by\": 9, \"do_uu_tien\": 2, \"product_id\": null, \"project_id\": null, \"sla_due_at\": null, \"sla_status\": null, \"trang_thai\": \"new_intake\", \"updated_at\": \"2026-03-24 10:08:00\", \"updated_by\": 9, \"customer_id\": 14, \"description\": null, \"received_at\": \"2026-03-24 10:08:00\", \"completed_at\": null, \"estimated_at\": null, \"nguoi_tao_id\": 9, \"project_name\": null, \"request_code\": \"CRC-202603-0014\", \"customer_name\": \"Bệnh viện đa khoa khu vực Ngã Bảy\", \"dispatched_at\": null, \"khach_hang_id\": 14, \"over_estimate\": false, \"warning_level\": \"missing\", \"dispatch_route\": \"self_handle\", \"kenh_tiep_nhan\": \"HIS L3\", \"nguoi_tao_name\": \"Phan Văn Rở\", \"performer_name\": \"Phan Văn Rở\", \"requester_name\": \"Đầu mối Bệnh viện đa khoa khu vực Ngã Bảy\", \"source_channel\": null, \"created_by_name\": \"Phan Văn Rở\", \"dispatcher_name\": null, \"estimated_hours\": null, \"hours_usage_pct\": null, \"khach_hang_name\": \"Bệnh viện đa khoa khu vực Ngã Bảy\", \"project_item_id\": 145, \"updated_by_name\": \"Phan Văn Rở\", \"missing_estimate\": true, \"received_by_name\": \"Phan Văn Rở\", \"performer_user_id\": 9, \"total_hours_spent\": 0, \"dispatcher_user_id\": null, \"current_status_code\": \"new_intake\", \"received_by_user_id\": 9, \"tien_trinh_hien_tai\": \"new_intake\", \"estimated_by_user_id\": null, \"current_process_label\": \"Mới tiếp nhận\", \"customer_personnel_id\": 14, \"performer_accepted_at\": null, \"current_status_name_vi\": \"Mới tiếp nhận\", \"customer_personnel_name\": \"Đầu mối Bệnh viện đa khoa khu vực Ngã Bảy\", \"reported_to_customer_at\": null, \"support_service_group_id\": 2, \"current_status_instance_id\": 37, \"legacy_customer_request_id\": null, \"support_service_group_name\": \"HIS L3\"}',NULL,NULL,NULL,'2026-03-24 10:08:00',9),(178,'1e532af6-39d4-4390-a918-399b42c768e4','INSERT','customer_request_cases',22,NULL,'{\"id\": 22, \"ma_yc\": \"CRC-202603-0015\", \"mo_ta\": null, \"ket_qua\": \"dang_xu_ly\", \"summary\": \"Yêu cầu giao cho PM\", \"tieu_de\": \"Yêu cầu giao cho PM\", \"priority\": 2, \"kenh_khac\": null, \"created_at\": \"2026-03-24 10:08:46\", \"created_by\": 9, \"do_uu_tien\": 2, \"product_id\": null, \"project_id\": null, \"sla_due_at\": null, \"sla_status\": null, \"trang_thai\": \"new_intake\", \"updated_at\": \"2026-03-24 10:08:46\", \"updated_by\": 9, \"customer_id\": 3, \"description\": null, \"received_at\": \"2026-03-24 10:08:46\", \"completed_at\": null, \"estimated_at\": null, \"nguoi_tao_id\": 9, \"project_name\": null, \"request_code\": \"CRC-202603-0015\", \"customer_name\": \"Bệnh viện Sản - Nhi Hậu Giang\", \"dispatched_at\": null, \"khach_hang_id\": 3, \"over_estimate\": false, \"warning_level\": \"missing\", \"dispatch_route\": \"assign_pm\", \"kenh_tiep_nhan\": \"HIS L3\", \"nguoi_tao_name\": \"Phan Văn Rở\", \"performer_name\": null, \"requester_name\": \"Hồ Sơn Tùng\", \"source_channel\": null, \"created_by_name\": \"Phan Văn Rở\", \"dispatcher_name\": \"Phan Văn Rở\", \"estimated_hours\": null, \"hours_usage_pct\": null, \"khach_hang_name\": \"Bệnh viện Sản - Nhi Hậu Giang\", \"project_item_id\": 143, \"updated_by_name\": \"Phan Văn Rở\", \"missing_estimate\": true, \"received_by_name\": \"Phan Văn Rở\", \"performer_user_id\": null, \"total_hours_spent\": 0, \"dispatcher_user_id\": 9, \"current_status_code\": \"new_intake\", \"received_by_user_id\": 9, \"tien_trinh_hien_tai\": \"new_intake\", \"estimated_by_user_id\": null, \"current_process_label\": \"Mới tiếp nhận\", \"customer_personnel_id\": 3, \"performer_accepted_at\": null, \"current_status_name_vi\": \"Mới tiếp nhận\", \"customer_personnel_name\": \"Hồ Sơn Tùng\", \"reported_to_customer_at\": null, \"support_service_group_id\": 2, \"current_status_instance_id\": 38, \"legacy_customer_request_id\": null, \"support_service_group_name\": \"HIS L3\"}',NULL,NULL,NULL,'2026-03-24 10:08:46',9),(179,'b330b9d7-d8b9-4d76-a667-71d15bc6a5e9','INSERT','revenue_targets',1,NULL,'{\"id\": 1, \"notes\": null, \"dept_id\": 0, \"created_at\": \"2026-03-24T13:17:01.000000Z\", \"created_by\": 9, \"period_end\": \"2026-01-31\", \"period_key\": \"2026-01\", \"updated_at\": \"2026-03-24T13:17:01.000000Z\", \"period_type\": \"MONTHLY\", \"target_type\": \"TOTAL\", \"period_start\": \"2026-01-01\", \"target_amount\": 13}','http://127.0.0.1:8000/api/v5/revenue/targets','127.0.0.1','Mozilla/5.0 (Macintosh; Intel Mac OS X 10_15_7) AppleWebKit/537.36 (KHTML, like Gecko) Chrome/146.0.0.0 Safari/537.36','2026-03-24 13:17:01',9);
/*!40000 ALTER TABLE `audit_logs` ENABLE KEYS */;
UNLOCK TABLES;

--
-- Table structure for table `auth_login_attempts`
--

DROP TABLE IF EXISTS `auth_login_attempts`;
/*!40101 SET @saved_cs_client     = @@character_set_client */;
/*!50503 SET character_set_client = utf8mb4 */;
CREATE TABLE `auth_login_attempts` (
  `id` bigint unsigned NOT NULL AUTO_INCREMENT,
  `username` varchar(100) NOT NULL,
  `internal_user_id` bigint unsigned DEFAULT NULL,
  `status` enum('SUCCESS','FAILED') NOT NULL,
  `reason` varchar(255) DEFAULT NULL,
  `ip_address` varchar(45) DEFAULT NULL,
  `user_agent` varchar(255) DEFAULT NULL,
  `created_at` timestamp NULL DEFAULT NULL,
  `updated_at` timestamp NULL DEFAULT NULL,
  PRIMARY KEY (`id`),
  KEY `idx_auth_login_username_created` (`username`,`created_at`),
  KEY `idx_auth_login_ip_created` (`ip_address`,`created_at`),
  KEY `idx_auth_login_user_created` (`internal_user_id`,`created_at`)
) ENGINE=InnoDB AUTO_INCREMENT=263 DEFAULT CHARSET=utf8mb4 COLLATE=utf8mb4_0900_ai_ci;
/*!40101 SET character_set_client = @saved_cs_client */;

--
-- Dumping data for table `auth_login_attempts`
--

LOCK TABLES `auth_login_attempts` WRITE;
/*!40000 ALTER TABLE `auth_login_attempts` DISABLE KEYS */;
INSERT INTO `auth_login_attempts` VALUES (1,'admin.demo',4,'SUCCESS',NULL,'127.0.0.1','curl/8.7.1','2026-02-25 19:38:08','2026-02-25 19:38:08'),(2,'admin.demo',4,'SUCCESS',NULL,'127.0.0.1','curl/8.7.1','2026-02-25 19:40:21','2026-02-25 19:40:21'),(3,'admin.demo',4,'SUCCESS',NULL,'127.0.0.1','curl/8.7.1','2026-02-25 19:44:56','2026-02-25 19:44:56'),(4,'admin',1,'SUCCESS',NULL,'127.0.0.1','Mozilla/5.0 (Macintosh; Intel Mac OS X 10_15_7) AppleWebKit/537.36 (KHTML, like Gecko) Chrome/145.0.0.0 Safari/537.36','2026-02-25 20:22:23','2026-02-25 20:22:23'),(5,'admin',1,'SUCCESS',NULL,'127.0.0.1','Mozilla/5.0 (Macintosh; Intel Mac OS X 10_15_7) AppleWebKit/537.36 (KHTML, like Gecko) Chrome/145.0.0.0 Safari/537.36','2026-02-25 23:06:55','2026-02-25 23:06:55'),(6,'admin',1,'SUCCESS',NULL,'127.0.0.1','curl/8.7.1','2026-02-26 00:18:18','2026-02-26 00:18:18'),(7,'admin',1,'SUCCESS',NULL,'127.0.0.1','Mozilla/5.0 (Macintosh; Intel Mac OS X 10_15_7) AppleWebKit/537.36 (KHTML, like Gecko) Chrome/145.0.0.0 Safari/537.36','2026-02-26 04:50:28','2026-02-26 04:50:28'),(8,'admin',1,'SUCCESS',NULL,'127.0.0.1','curl/8.7.1','2026-02-26 05:37:44','2026-02-26 05:37:44'),(9,'admin',1,'SUCCESS',NULL,'127.0.0.1','curl/8.7.1','2026-02-26 06:15:35','2026-02-26 06:15:35'),(10,'admin',1,'SUCCESS',NULL,'127.0.0.1','Mozilla/5.0 (Macintosh; Intel Mac OS X 10_15_7) AppleWebKit/537.36 (KHTML, like Gecko) Chrome/145.0.0.0 Safari/537.36','2026-02-26 06:30:12','2026-02-26 06:30:12'),(11,'admin',1,'SUCCESS',NULL,'127.0.0.1','curl/8.7.1','2026-02-26 07:11:26','2026-02-26 07:11:26'),(12,'admin',1,'SUCCESS',NULL,'127.0.0.1','curl/8.7.1','2026-02-26 07:11:27','2026-02-26 07:11:27'),(13,'admin',1,'SUCCESS',NULL,'127.0.0.1','curl/8.7.1','2026-02-26 07:11:28','2026-02-26 07:11:28'),(14,'admin',1,'SUCCESS',NULL,'127.0.0.1','curl/8.7.1','2026-02-26 07:11:47','2026-02-26 07:11:47'),(15,'admin',1,'SUCCESS',NULL,'127.0.0.1','curl/8.7.1','2026-02-26 07:12:11','2026-02-26 07:12:11'),(16,'admin',1,'SUCCESS',NULL,'127.0.0.1','curl/8.7.1','2026-02-26 07:17:39','2026-02-26 07:17:39'),(17,'admin',1,'SUCCESS',NULL,'127.0.0.1','curl/8.7.1','2026-02-26 07:34:57','2026-02-26 07:34:57'),(18,'admin',1,'FAILED','INVALID_CREDENTIALS','127.0.0.1','curl/8.7.1','2026-02-26 15:46:50','2026-02-26 15:46:50'),(19,'admin',1,'SUCCESS',NULL,'127.0.0.1','curl/8.7.1','2026-02-26 15:47:22','2026-02-26 15:47:22'),(20,'admin',1,'SUCCESS',NULL,'127.0.0.1','curl/8.7.1','2026-02-26 15:52:01','2026-02-26 15:52:01'),(21,'admin',1,'SUCCESS',NULL,'127.0.0.1','curl/8.7.1','2026-02-26 15:54:28','2026-02-26 15:54:28'),(22,'admin',1,'SUCCESS',NULL,'127.0.0.1','Mozilla/5.0 (Macintosh; Intel Mac OS X 10_15_7) AppleWebKit/537.36 (KHTML, like Gecko) Chrome/145.0.0.0 Safari/537.36','2026-02-26 15:57:25','2026-02-26 15:57:25'),(23,'admin',1,'FAILED','INVALID_CREDENTIALS','127.0.0.1','Mozilla/5.0 (Macintosh; Intel Mac OS X 10_15_7) AppleWebKit/537.36 (KHTML, like Gecko) Chrome/145.0.0.0 Safari/537.36','2026-02-26 20:23:23','2026-02-26 20:23:23'),(24,'admin',1,'FAILED','INVALID_CREDENTIALS','127.0.0.1','Mozilla/5.0 (Macintosh; Intel Mac OS X 10_15_7) AppleWebKit/537.36 (KHTML, like Gecko) Chrome/145.0.0.0 Safari/537.36','2026-02-26 20:23:26','2026-02-26 20:23:26'),(25,'admin',1,'FAILED','INVALID_CREDENTIALS','127.0.0.1','Mozilla/5.0 (Macintosh; Intel Mac OS X 10_15_7) AppleWebKit/537.36 (KHTML, like Gecko) Chrome/145.0.0.0 Safari/537.36','2026-02-26 20:23:32','2026-02-26 20:23:32'),(26,'admin',1,'SUCCESS',NULL,'127.0.0.1','Mozilla/5.0 (Macintosh; Intel Mac OS X 10_15_7) AppleWebKit/537.36 (KHTML, like Gecko) Chrome/145.0.0.0 Safari/537.36','2026-02-26 20:26:18','2026-02-26 20:26:18'),(27,'admin',1,'FAILED','INVALID_CREDENTIALS','127.0.0.1','Mozilla/5.0 (Macintosh; Intel Mac OS X 10_15_7) AppleWebKit/537.36 (KHTML, like Gecko) Chrome/145.0.0.0 Safari/537.36','2026-02-26 23:50:50','2026-02-26 23:50:50'),(28,'admin',1,'FAILED','INVALID_CREDENTIALS','127.0.0.1','Mozilla/5.0 (Macintosh; Intel Mac OS X 10_15_7) AppleWebKit/537.36 (KHTML, like Gecko) Chrome/145.0.0.0 Safari/537.36','2026-02-26 23:50:55','2026-02-26 23:50:55'),(29,'admin',1,'FAILED','INVALID_CREDENTIALS','127.0.0.1','Mozilla/5.0 (Macintosh; Intel Mac OS X 10_15_7) AppleWebKit/537.36 (KHTML, like Gecko) Chrome/145.0.0.0 Safari/537.36','2026-02-26 23:51:07','2026-02-26 23:51:07'),(30,'admin',1,'FAILED','INVALID_CREDENTIALS','127.0.0.1','Mozilla/5.0 (Macintosh; Intel Mac OS X 10_15_7) AppleWebKit/537.36 (KHTML, like Gecko) Chrome/145.0.0.0 Safari/537.36','2026-02-26 23:51:14','2026-02-26 23:51:14'),(31,'admin',1,'SUCCESS',NULL,'127.0.0.1','Mozilla/5.0 (Macintosh; Intel Mac OS X 10_15_7) AppleWebKit/537.36 (KHTML, like Gecko) Chrome/145.0.0.0 Safari/537.36','2026-02-26 23:51:20','2026-02-26 23:51:20'),(32,'admin',1,'SUCCESS',NULL,'127.0.0.1','Mozilla/5.0 (Macintosh; Intel Mac OS X 10_15_7) AppleWebKit/537.36 (KHTML, like Gecko) Chrome/145.0.0.0 Safari/537.36','2026-02-27 03:29:08','2026-02-27 03:29:08'),(33,'admin',1,'FAILED','INVALID_CREDENTIALS','127.0.0.1','Mozilla/5.0 (Macintosh; Intel Mac OS X 10_15_7) AppleWebKit/537.36 (KHTML, like Gecko) Chrome/145.0.0.0 Safari/537.36','2026-02-27 03:54:46','2026-02-27 03:54:46'),(34,'admin',1,'SUCCESS',NULL,'127.0.0.1','Mozilla/5.0 (Macintosh; Intel Mac OS X 10_15_7) AppleWebKit/537.36 (KHTML, like Gecko) Chrome/145.0.0.0 Safari/537.36','2026-02-27 03:54:54','2026-02-27 03:54:54'),(35,'admin.demo',4,'SUCCESS',NULL,'127.0.0.1','curl/8.7.1','2026-02-27 06:47:49','2026-02-27 06:47:49'),(36,'admin.demo',4,'SUCCESS',NULL,'127.0.0.1','curl/8.7.1','2026-02-27 06:49:30','2026-02-27 06:49:30'),(37,'admin.demo',4,'SUCCESS',NULL,'127.0.0.1','curl/8.7.1','2026-02-27 06:51:05','2026-02-27 06:51:05'),(38,'admin.demo',4,'SUCCESS',NULL,'127.0.0.1','curl/8.7.1','2026-02-27 06:56:32','2026-02-27 06:56:32'),(39,'admin.demo',4,'SUCCESS',NULL,'127.0.0.1','curl/8.7.1','2026-02-27 06:57:35','2026-02-27 06:57:35'),(40,'admin.demo',4,'SUCCESS',NULL,'127.0.0.1','curl/8.7.1','2026-02-27 07:10:07','2026-02-27 07:10:07'),(41,'admin',1,'FAILED','INVALID_CREDENTIALS','127.0.0.1','Mozilla/5.0 (Macintosh; Intel Mac OS X 10_15_7) AppleWebKit/537.36 (KHTML, like Gecko) Chrome/145.0.0.0 Safari/537.36','2026-02-27 19:06:25','2026-02-27 19:06:25'),(42,'admin',1,'SUCCESS',NULL,'127.0.0.1','Mozilla/5.0 (Macintosh; Intel Mac OS X 10_15_7) AppleWebKit/537.36 (KHTML, like Gecko) Chrome/145.0.0.0 Safari/537.36','2026-02-27 19:06:32','2026-02-27 19:06:32'),(43,'admin',1,'FAILED','INVALID_CREDENTIALS','127.0.0.1','Mozilla/5.0 (Macintosh; Intel Mac OS X 10_15_7) AppleWebKit/537.36 (KHTML, like Gecko) Chrome/145.0.0.0 Safari/537.36','2026-02-28 19:35:53','2026-02-28 19:35:53'),(44,'admin',1,'SUCCESS',NULL,'127.0.0.1','Mozilla/5.0 (Macintosh; Intel Mac OS X 10_15_7) AppleWebKit/537.36 (KHTML, like Gecko) Chrome/145.0.0.0 Safari/537.36','2026-02-28 19:35:59','2026-02-28 19:35:59'),(45,'admin',1,'FAILED','INVALID_CREDENTIALS','127.0.0.1','Mozilla/5.0 (Macintosh; Intel Mac OS X 10_15_7) AppleWebKit/537.36 (KHTML, like Gecko) Chrome/145.0.0.0 Safari/537.36','2026-03-01 04:20:18','2026-03-01 04:20:18'),(46,'admin',1,'SUCCESS',NULL,'127.0.0.1','Mozilla/5.0 (Macintosh; Intel Mac OS X 10_15_7) AppleWebKit/537.36 (KHTML, like Gecko) Chrome/145.0.0.0 Safari/537.36','2026-03-01 04:20:24','2026-03-01 04:20:24'),(47,'truongnn.cto',50,'SUCCESS',NULL,'127.0.0.1','Mozilla/5.0 (Macintosh; Intel Mac OS X 10_15_7) AppleWebKit/537.36 (KHTML, like Gecko) Chrome/145.0.0.0 Safari/537.36','2026-03-01 07:52:09','2026-03-01 07:52:09'),(48,'admin',1,'FAILED','INVALID_CREDENTIALS','127.0.0.1','Mozilla/5.0 (Macintosh; Intel Mac OS X 10_15_7) AppleWebKit/537.36 (KHTML, like Gecko) Chrome/145.0.0.0 Safari/537.36','2026-03-01 07:52:24','2026-03-01 07:52:24'),(49,'admin',1,'SUCCESS',NULL,'127.0.0.1','Mozilla/5.0 (Macintosh; Intel Mac OS X 10_15_7) AppleWebKit/537.36 (KHTML, like Gecko) Chrome/145.0.0.0 Safari/537.36','2026-03-01 07:52:29','2026-03-01 07:52:29'),(50,'traopt.hgi',10,'SUCCESS',NULL,'127.0.0.1','Mozilla/5.0 (Macintosh; Intel Mac OS X 10_15_7) AppleWebKit/537.36 (KHTML, like Gecko) Chrome/145.0.0.0 Safari/537.36','2026-03-01 07:55:17','2026-03-01 07:55:17'),(51,'ropv.hgi',9,'SUCCESS',NULL,'127.0.0.1','Mozilla/5.0 (Macintosh; Intel Mac OS X 10_15_7) AppleWebKit/537.36 (KHTML, like Gecko) Chrome/145.0.0.0 Safari/537.36','2026-03-01 15:50:12','2026-03-01 15:50:12'),(52,'ropv.hgi',9,'SUCCESS',NULL,'127.0.0.1','Mozilla/5.0 (Macintosh; Intel Mac OS X 10_15_7) AppleWebKit/537.36 (KHTML, like Gecko) Chrome/145.0.0.0 Safari/537.36','2026-03-01 22:16:29','2026-03-01 22:16:29'),(53,'admin',1,'FAILED','INVALID_CREDENTIALS','127.0.0.1','Mozilla/5.0 (Macintosh; Intel Mac OS X 10_15_7) AppleWebKit/537.36 (KHTML, like Gecko) Chrome/145.0.0.0 Safari/537.36','2026-03-02 05:07:30','2026-03-02 05:07:30'),(54,'admin',1,'SUCCESS',NULL,'127.0.0.1','Mozilla/5.0 (Macintosh; Intel Mac OS X 10_15_7) AppleWebKit/537.36 (KHTML, like Gecko) Chrome/145.0.0.0 Safari/537.36','2026-03-02 05:07:35','2026-03-02 05:07:35'),(55,'admin',1,'FAILED','INVALID_CREDENTIALS','127.0.0.1','Mozilla/5.0 (Macintosh; Intel Mac OS X 10_15_7) AppleWebKit/537.36 (KHTML, like Gecko) Chrome/145.0.0.0 Safari/537.36','2026-03-03 01:59:21','2026-03-03 01:59:21'),(56,'admin',1,'SUCCESS',NULL,'127.0.0.1','Mozilla/5.0 (Macintosh; Intel Mac OS X 10_15_7) AppleWebKit/537.36 (KHTML, like Gecko) Chrome/145.0.0.0 Safari/537.36','2026-03-03 01:59:27','2026-03-03 01:59:27'),(57,'admin',1,'SUCCESS',NULL,'127.0.0.1','Mozilla/5.0 (Macintosh; Intel Mac OS X 10_15_7) AppleWebKit/537.36 (KHTML, like Gecko) Chrome/145.0.0.0 Safari/537.36','2026-03-03 15:48:40','2026-03-03 15:48:40'),(58,'admin',1,'FAILED','INVALID_CREDENTIALS','127.0.0.1','Mozilla/5.0 (Macintosh; Intel Mac OS X 10_15_7) AppleWebKit/537.36 (KHTML, like Gecko) Chrome/145.0.0.0 Safari/537.36','2026-03-04 05:17:49','2026-03-04 05:17:49'),(59,'admin',1,'FAILED','INVALID_CREDENTIALS','127.0.0.1','Mozilla/5.0 (Macintosh; Intel Mac OS X 10_15_7) AppleWebKit/537.36 (KHTML, like Gecko) Chrome/145.0.0.0 Safari/537.36','2026-03-04 05:17:56','2026-03-04 05:17:56'),(60,'ropv.hgi',9,'SUCCESS',NULL,'127.0.0.1','Mozilla/5.0 (Macintosh; Intel Mac OS X 10_15_7) AppleWebKit/537.36 (KHTML, like Gecko) Chrome/145.0.0.0 Safari/537.36','2026-03-04 05:18:13','2026-03-04 05:18:13'),(61,'admin.demo',NULL,'FAILED','INVALID_CREDENTIALS','127.0.0.1','curl/8.7.1','2026-03-06 04:35:28','2026-03-06 04:35:28'),(62,'admin.demo',NULL,'FAILED','INVALID_CREDENTIALS','127.0.0.1','curl/8.7.1','2026-03-06 04:35:44','2026-03-06 04:35:44'),(63,'admin.demo',NULL,'FAILED','INVALID_CREDENTIALS','127.0.0.1','curl/8.7.1','2026-03-06 04:38:01','2026-03-06 04:38:01'),(64,'admin',1,'FAILED','INVALID_CREDENTIALS','127.0.0.1','Mozilla/5.0 (Macintosh; Intel Mac OS X 10_15_7) AppleWebKit/537.36 (KHTML, like Gecko) Chrome/145.0.0.0 Safari/537.36','2026-03-06 04:38:28','2026-03-06 04:38:28'),(65,'admin',1,'FAILED','INVALID_CREDENTIALS','127.0.0.1','Mozilla/5.0 (Macintosh; Intel Mac OS X 10_15_7) AppleWebKit/537.36 (KHTML, like Gecko) Chrome/145.0.0.0 Safari/537.36','2026-03-06 04:38:29','2026-03-06 04:38:29'),(66,'ropv.hgi',9,'SUCCESS',NULL,'127.0.0.1','Mozilla/5.0 (Macintosh; Intel Mac OS X 10_15_7) AppleWebKit/537.36 (KHTML, like Gecko) Chrome/145.0.0.0 Safari/537.36','2026-03-06 04:38:38','2026-03-06 04:38:38'),(67,'ropv.hgi',9,'SUCCESS',NULL,'127.0.0.1','Mozilla/5.0 (Macintosh; Intel Mac OS X 10_15_7) AppleWebKit/537.36 (KHTML, like Gecko) Chrome/145.0.0.0 Safari/537.36','2026-03-06 06:50:29','2026-03-06 06:50:29'),(68,'ropv.hgi',9,'SUCCESS',NULL,'127.0.0.1','Mozilla/5.0 (Macintosh; Intel Mac OS X 10_15_7) AppleWebKit/537.36 (KHTML, like Gecko) Chrome/145.0.0.0 Safari/537.36','2026-03-06 06:57:01','2026-03-06 06:57:01'),(69,'ropv.hgi',9,'SUCCESS',NULL,'127.0.0.1','Mozilla/5.0 (Macintosh; Intel Mac OS X 10_15_7) AppleWebKit/537.36 (KHTML, like Gecko) Chrome/145.0.0.0 Safari/537.36','2026-03-06 16:16:22','2026-03-06 16:16:22'),(70,'x',NULL,'FAILED','INVALID_CREDENTIALS','127.0.0.1','curl/8.7.1','2026-03-07 01:03:25','2026-03-07 01:03:25'),(71,'x',NULL,'FAILED','INVALID_CREDENTIALS','127.0.0.1','curl/8.7.1','2026-03-07 01:04:24','2026-03-07 01:04:24'),(72,'ropv.hgi',9,'SUCCESS',NULL,'127.0.0.1','Mozilla/5.0 (Macintosh; Intel Mac OS X 10_15_7) AppleWebKit/537.36 (KHTML, like Gecko) Chrome/145.0.0.0 Safari/537.36','2026-03-08 03:19:08','2026-03-08 03:19:08'),(73,'ropv.hgi',9,'SUCCESS',NULL,'127.0.0.1','Mozilla/5.0 (Macintosh; Intel Mac OS X 10_15_7) AppleWebKit/537.36 (KHTML, like Gecko) Chrome/145.0.0.0 Safari/537.36','2026-03-08 06:21:49','2026-03-08 06:21:49'),(74,'ropv.hgi',9,'SUCCESS',NULL,'127.0.0.1','Mozilla/5.0 (Macintosh; Intel Mac OS X 10_15_7) AppleWebKit/537.36 (KHTML, like Gecko) Chrome/145.0.0.0 Safari/537.36','2026-03-08 07:56:34','2026-03-08 07:56:34'),(75,'x',NULL,'FAILED','INVALID_CREDENTIALS','127.0.0.1','curl/8.7.1','2026-03-08 18:14:21','2026-03-08 18:14:21'),(76,'x',NULL,'FAILED','INVALID_CREDENTIALS','127.0.0.1','curl/8.7.1','2026-03-08 18:15:58','2026-03-08 18:15:58'),(77,'ropv.hgi',9,'SUCCESS',NULL,'127.0.0.1','Mozilla/5.0 (Macintosh; Intel Mac OS X 10_15_7) AppleWebKit/537.36 (KHTML, like Gecko) Chrome/145.0.0.0 Safari/537.36','2026-03-08 18:17:44','2026-03-08 18:17:44'),(78,'ropv.hgi',9,'SUCCESS',NULL,'127.0.0.1','Mozilla/5.0 (Macintosh; Intel Mac OS X 10_15_7) AppleWebKit/537.36 (KHTML, like Gecko) Chrome/145.0.0.0 Safari/537.36','2026-03-08 21:39:19','2026-03-08 21:39:19'),(79,'ropv.hgi',9,'SUCCESS',NULL,'127.0.0.1','Mozilla/5.0 (Macintosh; Intel Mac OS X 10_15_7) AppleWebKit/537.36 (KHTML, like Gecko) Chrome/145.0.0.0 Safari/537.36','2026-03-09 04:52:56','2026-03-09 04:52:56'),(80,'ropv.hgi',9,'SUCCESS',NULL,'127.0.0.1','Mozilla/5.0 (Macintosh; Intel Mac OS X 10_15_7) AppleWebKit/537.36 (KHTML, like Gecko) Chrome/145.0.0.0 Safari/537.36','2026-03-09 04:55:09','2026-03-09 04:55:09'),(81,'ropv.hgi',9,'FAILED','INVALID_CREDENTIALS','127.0.0.1','curl/8.7.1','2026-03-10 17:25:52','2026-03-10 17:25:52'),(82,'ropv.hgi',9,'SUCCESS',NULL,'127.0.0.1','curl/8.7.1','2026-03-10 17:27:18','2026-03-10 17:27:18'),(83,'ropv.hgi',9,'FAILED','INVALID_CREDENTIALS','127.0.0.1','Mozilla/5.0 (Macintosh; Intel Mac OS X 10_15_7) AppleWebKit/537.36 (KHTML, like Gecko) Chrome/145.0.0.0 Safari/537.36','2026-03-10 17:36:04','2026-03-10 17:36:04'),(84,'ropv.hgi',9,'FAILED','INVALID_CREDENTIALS','127.0.0.1','Mozilla/5.0 (Macintosh; Intel Mac OS X 10_15_7) AppleWebKit/537.36 (KHTML, like Gecko) Chrome/145.0.0.0 Safari/537.36','2026-03-10 17:36:10','2026-03-10 17:36:10'),(85,'ropv.hgi',9,'SUCCESS',NULL,'127.0.0.1','curl/8.7.1','2026-03-10 17:36:11','2026-03-10 17:36:11'),(86,'ropv.hgi',9,'SUCCESS',NULL,'127.0.0.1','curl/8.7.1','2026-03-10 17:37:44','2026-03-10 17:37:44'),(87,'admin',1,'FAILED','INVALID_CREDENTIALS','127.0.0.1','Mozilla/5.0 (Macintosh; Intel Mac OS X 10_15_7) AppleWebKit/537.36 (KHTML, like Gecko) Chrome/145.0.0.0 Safari/537.36','2026-03-10 19:14:09','2026-03-10 19:14:09'),(88,'admin',1,'FAILED','INVALID_CREDENTIALS','127.0.0.1','Mozilla/5.0 (Macintosh; Intel Mac OS X 10_15_7) AppleWebKit/537.36 (KHTML, like Gecko) Chrome/145.0.0.0 Safari/537.36','2026-03-10 19:14:15','2026-03-10 19:14:15'),(89,'ropv.hgi',9,'FAILED','INVALID_CREDENTIALS','127.0.0.1','Mozilla/5.0 (Macintosh; Intel Mac OS X 10_15_7) AppleWebKit/537.36 (KHTML, like Gecko) Chrome/145.0.0.0 Safari/537.36','2026-03-10 19:14:44','2026-03-10 19:14:44'),(90,'ropv.hgi',9,'FAILED','INVALID_CREDENTIALS','127.0.0.1','Mozilla/5.0 (Macintosh; Intel Mac OS X 10_15_7) AppleWebKit/537.36 (KHTML, like Gecko) Chrome/145.0.0.0 Safari/537.36','2026-03-10 19:14:51','2026-03-10 19:14:51'),(91,'ropv.hgi',9,'SUCCESS',NULL,'127.0.0.1','Mozilla/5.0 (Macintosh; Intel Mac OS X 10_15_7) AppleWebKit/537.36 (KHTML, like Gecko) Chrome/145.0.0.0 Safari/537.36','2026-03-10 19:15:02','2026-03-10 19:15:02'),(92,'admin',1,'FAILED','INVALID_CREDENTIALS','127.0.0.1','Mozilla/5.0 (Macintosh; Intel Mac OS X 10_15_7) AppleWebKit/537.36 (KHTML, like Gecko) Chrome/145.0.0.0 Safari/537.36','2026-03-10 19:54:18','2026-03-10 19:54:18'),(93,'ropv.hgi',9,'SUCCESS',NULL,'127.0.0.1','Mozilla/5.0 (Macintosh; Intel Mac OS X 10_15_7) AppleWebKit/537.36 (KHTML, like Gecko) HeadlessChrome/145.0.0.0 Safari/537.36','2026-03-10 20:26:32','2026-03-10 20:26:32'),(94,'ropv.hgi',9,'FAILED','INVALID_CREDENTIALS','127.0.0.1','Mozilla/5.0 (Macintosh; Intel Mac OS X 10_15_7) AppleWebKit/537.36 (KHTML, like Gecko) Chrome/145.0.0.0 Safari/537.36','2026-03-10 23:46:44','2026-03-10 23:46:44'),(95,'admin',1,'FAILED','INVALID_CREDENTIALS','127.0.0.1','Mozilla/5.0 (Macintosh; Intel Mac OS X 10_15_7) AppleWebKit/537.36 (KHTML, like Gecko) Chrome/145.0.0.0 Safari/537.36','2026-03-10 23:46:53','2026-03-10 23:46:53'),(96,'admin',1,'FAILED','INVALID_CREDENTIALS','127.0.0.1','Mozilla/5.0 (Macintosh; Intel Mac OS X 10_15_7) AppleWebKit/537.36 (KHTML, like Gecko) Chrome/145.0.0.0 Safari/537.36','2026-03-10 23:47:12','2026-03-10 23:47:12'),(97,'ropv.hgi',9,'SUCCESS',NULL,'127.0.0.1','Mozilla/5.0 (Macintosh; Intel Mac OS X 10_15_7) AppleWebKit/537.36 (KHTML, like Gecko) Chrome/145.0.0.0 Safari/537.36','2026-03-10 23:47:19','2026-03-10 23:47:19'),(98,'admin',1,'FAILED','INVALID_CREDENTIALS','127.0.0.1','Mozilla/5.0 (Macintosh; Intel Mac OS X 10_15_7) AppleWebKit/537.36 (KHTML, like Gecko) Chrome/145.0.0.0 Safari/537.36','2026-03-11 00:42:49','2026-03-11 00:42:49'),(99,'admin',1,'FAILED','INVALID_CREDENTIALS','127.0.0.1','Mozilla/5.0 (Macintosh; Intel Mac OS X 10_15_7) AppleWebKit/537.36 (KHTML, like Gecko) Chrome/145.0.0.0 Safari/537.36','2026-03-11 00:42:54','2026-03-11 00:42:54'),(100,'admin',1,'FAILED','INVALID_CREDENTIALS','127.0.0.1','Mozilla/5.0 (Macintosh; Intel Mac OS X 10_15_7) AppleWebKit/537.36 (KHTML, like Gecko) Chrome/145.0.0.0 Safari/537.36','2026-03-11 00:43:00','2026-03-11 00:43:00'),(101,'ropv.hgi',9,'FAILED','INVALID_CREDENTIALS','127.0.0.1','Mozilla/5.0 (Macintosh; Intel Mac OS X 10_15_7) AppleWebKit/537.36 (KHTML, like Gecko) Chrome/145.0.0.0 Safari/537.36','2026-03-11 01:19:44','2026-03-11 01:19:44'),(102,'ropv.hgi',9,'FAILED','INVALID_CREDENTIALS','127.0.0.1','Mozilla/5.0 (Macintosh; Intel Mac OS X 10_15_7) AppleWebKit/537.36 (KHTML, like Gecko) Chrome/145.0.0.0 Safari/537.36','2026-03-11 01:19:53','2026-03-11 01:19:53'),(103,'ropv.hgi',9,'FAILED','INVALID_CREDENTIALS','127.0.0.1','Mozilla/5.0 (Macintosh; Intel Mac OS X 10_15_7) AppleWebKit/537.36 (KHTML, like Gecko) Chrome/145.0.0.0 Safari/537.36','2026-03-11 01:22:12','2026-03-11 01:22:12'),(104,'ropv.hgi',9,'FAILED','INVALID_CREDENTIALS','127.0.0.1','Mozilla/5.0 (Macintosh; Intel Mac OS X 10_15_7) AppleWebKit/537.36 (KHTML, like Gecko) Chrome/145.0.0.0 Safari/537.36','2026-03-11 01:22:18','2026-03-11 01:22:18'),(105,'ropv.hgi',9,'FAILED','INVALID_CREDENTIALS','127.0.0.1','Mozilla/5.0 (Macintosh; Intel Mac OS X 10_15_7) AppleWebKit/537.36 (KHTML, like Gecko) Chrome/145.0.0.0 Safari/537.36','2026-03-11 01:22:30','2026-03-11 01:22:30'),(106,'ropv.hgi',9,'SUCCESS',NULL,'127.0.0.1','Mozilla/5.0 (Macintosh; Intel Mac OS X 10_15_7) AppleWebKit/537.36 (KHTML, like Gecko) Chrome/145.0.0.0 Safari/537.36','2026-03-11 01:23:35','2026-03-11 01:23:35'),(107,'probe',NULL,'FAILED','INVALID_CREDENTIALS','127.0.0.1','curl/8.7.1','2026-03-12 05:48:00','2026-03-12 05:48:00'),(108,'probe',NULL,'FAILED','INVALID_CREDENTIALS','127.0.0.1','curl/8.7.1','2026-03-12 06:27:38','2026-03-12 06:27:38'),(109,'ropv.hgi',9,'FAILED','INVALID_CREDENTIALS','127.0.0.1','Mozilla/5.0 (Macintosh; Intel Mac OS X 10_15_7) AppleWebKit/537.36 (KHTML, like Gecko) Chrome/145.0.0.0 Safari/537.36','2026-03-12 06:27:48','2026-03-12 06:27:48'),(110,'probe',NULL,'FAILED','INVALID_CREDENTIALS','127.0.0.1','curl/8.7.1','2026-03-12 06:52:02','2026-03-12 06:52:02'),(111,'ropv.hgi',9,'FAILED','INVALID_CREDENTIALS','127.0.0.1','Mozilla/5.0 (Macintosh; Intel Mac OS X 10_15_7) AppleWebKit/537.36 (KHTML, like Gecko) Chrome/145.0.0.0 Safari/537.36','2026-03-12 06:52:16','2026-03-12 06:52:16'),(112,'ropv.hgi',9,'FAILED','INVALID_CREDENTIALS','127.0.0.1','Mozilla/5.0 (Macintosh; Intel Mac OS X 10_15_7) AppleWebKit/537.36 (KHTML, like Gecko) Chrome/145.0.0.0 Safari/537.36','2026-03-12 06:52:23','2026-03-12 06:52:23'),(113,'ropv.hgi',9,'SUCCESS',NULL,'127.0.0.1','curl/8.7.1','2026-03-12 06:55:09','2026-03-12 06:55:09'),(114,'ropv.hgi',9,'SUCCESS',NULL,'127.0.0.1','Mozilla/5.0 (Macintosh; Intel Mac OS X 10_15_7) AppleWebKit/537.36 (KHTML, like Gecko) Chrome/145.0.0.0 Safari/537.36','2026-03-12 06:56:03','2026-03-12 06:56:03'),(115,'ropv.hgi',9,'SUCCESS',NULL,'127.0.0.1','curl/8.7.1','2026-03-12 06:57:44','2026-03-12 06:57:44'),(116,'ropv.hgi',9,'SUCCESS',NULL,'127.0.0.1','curl/8.7.1','2026-03-12 06:57:44','2026-03-12 06:57:44'),(117,'ropv.hgi',9,'SUCCESS',NULL,'127.0.0.1','curl/8.7.1','2026-03-12 06:58:01','2026-03-12 06:58:01'),(118,'ropv.hgi',9,'SUCCESS',NULL,'127.0.0.1','curl/8.7.1','2026-03-12 07:01:31','2026-03-12 07:01:31'),(119,'ropv.hgi',9,'SUCCESS',NULL,'127.0.0.1','curl/8.7.1','2026-03-12 07:01:51','2026-03-12 07:01:51'),(120,'ropv.hgi',9,'SUCCESS',NULL,'127.0.0.1','Mozilla/5.0 (Macintosh; Intel Mac OS X 10_15_7) AppleWebKit/537.36 (KHTML, like Gecko) Chrome/145.0.0.0 Safari/537.36','2026-03-12 07:03:18','2026-03-12 07:03:18'),(121,'x',NULL,'FAILED','INVALID_CREDENTIALS','127.0.0.1','curl/8.7.1','2026-03-12 07:57:43','2026-03-12 07:57:43'),(122,'x',NULL,'FAILED','INVALID_CREDENTIALS','127.0.0.1','curl/8.7.1','2026-03-13 00:42:28','2026-03-13 00:42:28'),(123,'ropv.hgi',9,'SUCCESS',NULL,'127.0.0.1','curl/8.7.1','2026-03-13 01:11:41','2026-03-13 01:11:41'),(124,'ropv.hgi',9,'SUCCESS',NULL,'127.0.0.1','Mozilla/5.0 (Macintosh; Intel Mac OS X 10_15_7) AppleWebKit/537.36 (KHTML, like Gecko) Chrome/145.0.0.0 Safari/537.36','2026-03-13 01:13:06','2026-03-13 01:13:06'),(125,'ropv.hgi',9,'SUCCESS',NULL,'127.0.0.1','curl/8.7.1','2026-03-13 07:36:26','2026-03-13 07:36:26'),(126,'ropv.hgi',9,'SUCCESS',NULL,'127.0.0.1','Mozilla/5.0 (Macintosh; Intel Mac OS X 10_15_7) AppleWebKit/537.36 (KHTML, like Gecko) Chrome/145.0.0.0 Safari/537.36','2026-03-13 07:36:48','2026-03-13 07:36:48'),(127,'truongnn.cto',50,'SUCCESS',NULL,'127.0.0.1','Mozilla/5.0 (Macintosh; Intel Mac OS X 10_15_7) AppleWebKit/537.36 (KHTML, like Gecko) Chrome/145.0.0.0 Safari/537.36','2026-03-13 07:39:48','2026-03-13 07:39:48'),(128,'ropv.hgi',9,'SUCCESS',NULL,'127.0.0.1','Mozilla/5.0 (Macintosh; Intel Mac OS X 10_15_7) AppleWebKit/537.36 (KHTML, like Gecko) Chrome/145.0.0.0 Safari/537.36','2026-03-13 08:39:45','2026-03-13 08:39:45'),(129,'truongnn.cto',50,'SUCCESS',NULL,'127.0.0.1','Mozilla/5.0 (Macintosh; Intel Mac OS X 10_15_7) AppleWebKit/537.36 (KHTML, like Gecko) Chrome/145.0.0.0 Safari/537.36','2026-03-13 08:40:30','2026-03-13 08:40:30'),(130,'truongnn.cto',50,'SUCCESS',NULL,'127.0.0.1','curl/8.7.1','2026-03-13 08:41:51','2026-03-13 08:41:51'),(131,'truongnn.cto',50,'SUCCESS',NULL,'127.0.0.1','curl/8.7.1','2026-03-13 08:42:07','2026-03-13 08:42:07'),(132,'truongnn.cto',50,'SUCCESS',NULL,'127.0.0.1','curl/8.7.1','2026-03-13 08:42:19','2026-03-13 08:42:19'),(133,'truongnn.cto',50,'SUCCESS',NULL,'127.0.0.1','Mozilla/5.0 (Macintosh; Intel Mac OS X 10_15_7) AppleWebKit/537.36 (KHTML, like Gecko) Chrome/145.0.0.0 Safari/537.36','2026-03-13 16:58:19','2026-03-13 16:58:19'),(134,'ropv.hgi',9,'SUCCESS',NULL,'127.0.0.1','Mozilla/5.0 (Macintosh; Intel Mac OS X 10_15_7) AppleWebKit/537.36 (KHTML, like Gecko) Chrome/145.0.0.0 Safari/537.36','2026-03-13 16:59:36','2026-03-13 16:59:36'),(135,'ropv.hgi',9,'SUCCESS',NULL,'127.0.0.1','curl/8.7.1','2026-03-13 17:34:23','2026-03-13 17:34:23'),(136,'ropv.hgi',9,'SUCCESS',NULL,'127.0.0.1','Mozilla/5.0 (Macintosh; Intel Mac OS X 10_15_7) AppleWebKit/537.36 (KHTML, like Gecko) Chrome/145.0.0.0 Safari/537.36','2026-03-13 17:34:37','2026-03-13 17:34:37'),(137,'ropv.hgi',9,'SUCCESS',NULL,'127.0.0.1','curl/8.7.1','2026-03-13 18:13:11','2026-03-13 18:13:11'),(138,'ropv.hgi',9,'SUCCESS',NULL,'127.0.0.1','Mozilla/5.0 (Macintosh; Intel Mac OS X 10_15_7) AppleWebKit/537.36 (KHTML, like Gecko) Chrome/145.0.0.0 Safari/537.36','2026-03-13 18:50:42','2026-03-13 18:50:42'),(139,'ropv.hgi',9,'SUCCESS',NULL,'127.0.0.1','curl/8.7.1','2026-03-13 20:43:22','2026-03-13 20:43:22'),(140,'ropv.hgi',9,'SUCCESS',NULL,'127.0.0.1','Mozilla/5.0 (Macintosh; Intel Mac OS X 10_15_7) AppleWebKit/537.36 (KHTML, like Gecko) Chrome/145.0.0.0 Safari/537.36','2026-03-13 20:43:30','2026-03-13 20:43:30'),(141,'ropv.hgi',9,'SUCCESS',NULL,'127.0.0.1','curl/8.7.1','2026-03-14 02:52:38','2026-03-14 02:52:38'),(142,'ropv.hgi',9,'SUCCESS',NULL,'127.0.0.1','Mozilla/5.0 (Macintosh; Intel Mac OS X 10_15_7) AppleWebKit/537.36 (KHTML, like Gecko) Chrome/145.0.0.0 Safari/537.36','2026-03-14 02:52:44','2026-03-14 02:52:44'),(143,'ropv.hgi',9,'SUCCESS',NULL,'127.0.0.1','curl/8.7.1','2026-03-14 03:45:31','2026-03-14 03:45:31'),(144,'ropv.hgi',9,'SUCCESS',NULL,'127.0.0.1','Mozilla/5.0 (Macintosh; Intel Mac OS X 10_15_7) AppleWebKit/537.36 (KHTML, like Gecko) Chrome/145.0.0.0 Safari/537.36','2026-03-14 03:45:55','2026-03-14 03:45:55'),(145,'ropv.hgi',9,'SUCCESS',NULL,'127.0.0.1','Mozilla/5.0 (Macintosh; Intel Mac OS X 10_15_7) AppleWebKit/537.36 (KHTML, like Gecko) Chrome/145.0.0.0 Safari/537.36','2026-03-14 03:49:03','2026-03-14 03:49:03'),(146,'truongnn.cto',50,'SUCCESS',NULL,'127.0.0.1','Mozilla/5.0 (Macintosh; Intel Mac OS X 10_15_7) AppleWebKit/537.36 (KHTML, like Gecko) Chrome/145.0.0.0 Safari/537.36','2026-03-14 19:11:02','2026-03-14 19:11:02'),(147,'invalid-user',NULL,'FAILED','INVALID_CREDENTIALS','127.0.0.1','curl/8.7.1','2026-03-14 20:30:15','2026-03-14 20:30:15'),(148,'truongnn.cto',50,'SUCCESS',NULL,'127.0.0.1','Mozilla/5.0 (Macintosh; Intel Mac OS X 10_15_7) AppleWebKit/537.36 (KHTML, like Gecko) Chrome/145.0.0.0 Safari/537.36','2026-03-14 20:30:59','2026-03-14 20:30:59'),(149,'ropv.hgi',9,'SUCCESS',NULL,'127.0.0.1','Mozilla/5.0 (Macintosh; Intel Mac OS X 10_15_7) AppleWebKit/537.36 (KHTML, like Gecko) Chrome/145.0.0.0 Safari/537.36','2026-03-14 20:31:26','2026-03-14 20:31:26'),(150,'ropv.hgi',9,'SUCCESS',NULL,'127.0.0.1','Mozilla/5.0 (Macintosh; Intel Mac OS X 10_15_7) AppleWebKit/537.36 (KHTML, like Gecko) Chrome/145.0.0.0 Safari/537.36','2026-03-15 02:08:21','2026-03-15 02:08:21'),(151,'ropv.hgi',9,'SUCCESS',NULL,'127.0.0.1','curl/8.7.1','2026-03-16 00:04:39','2026-03-16 00:04:39'),(152,'ropv.hgi',9,'SUCCESS',NULL,'127.0.0.1','Mozilla/5.0 (Macintosh; Intel Mac OS X 10_15_7) AppleWebKit/537.36 (KHTML, like Gecko) Chrome/145.0.0.0 Safari/537.36','2026-03-16 00:21:21','2026-03-16 00:21:21'),(153,'ropv.hgi',9,'SUCCESS',NULL,'127.0.0.1','curl/8.7.1','2026-03-16 02:03:28','2026-03-16 02:03:28'),(154,'ropv.hgi',9,'SUCCESS',NULL,'127.0.0.1','Mozilla/5.0 (Macintosh; Intel Mac OS X 10_15_7) AppleWebKit/537.36 (KHTML, like Gecko) Chrome/145.0.0.0 Safari/537.36','2026-03-16 02:04:24','2026-03-16 02:04:24'),(155,'ropv.hgi',9,'SUCCESS',NULL,'127.0.0.1','Mozilla/5.0 (Macintosh; Intel Mac OS X 10_15_7) AppleWebKit/537.36 (KHTML, like Gecko) Chrome/145.0.0.0 Safari/537.36','2026-03-16 08:25:01','2026-03-16 08:25:01'),(156,'ropv.hgi',9,'SUCCESS',NULL,'127.0.0.1','Mozilla/5.0 (Macintosh; Intel Mac OS X 10_15_7) AppleWebKit/537.36 (KHTML, like Gecko) Chrome/145.0.0.0 Safari/537.36','2026-03-16 08:25:08','2026-03-16 08:25:08'),(157,'ropv.hgi',9,'SUCCESS',NULL,'127.0.0.1','Mozilla/5.0 (Macintosh; Intel Mac OS X 10_15_7) AppleWebKit/537.36 (KHTML, like Gecko) Chrome/145.0.0.0 Safari/537.36','2026-03-16 08:25:09','2026-03-16 08:25:09'),(158,'ropv.hgi',9,'SUCCESS',NULL,'127.0.0.1','Mozilla/5.0 (Macintosh; Intel Mac OS X 10_15_7) AppleWebKit/537.36 (KHTML, like Gecko) Chrome/145.0.0.0 Safari/537.36','2026-03-16 08:51:28','2026-03-16 08:51:28'),(159,'ropv.hgi',9,'SUCCESS',NULL,'127.0.0.1','Mozilla/5.0 (Macintosh; Intel Mac OS X 10_15_7) AppleWebKit/537.36 (KHTML, like Gecko) Chrome/145.0.0.0 Safari/537.36','2026-03-16 08:51:29','2026-03-16 08:51:29'),(160,'ropv.hgi',9,'SUCCESS',NULL,'127.0.0.1','Mozilla/5.0 (Macintosh; Intel Mac OS X 10_15_7) AppleWebKit/537.36 (KHTML, like Gecko) Chrome/145.0.0.0 Safari/537.36','2026-03-16 08:51:30','2026-03-16 08:51:30'),(161,'ropv.hgi',9,'SUCCESS',NULL,'127.0.0.1','Mozilla/5.0 (Macintosh; Intel Mac OS X 10_15_7) AppleWebKit/537.36 (KHTML, like Gecko) Chrome/145.0.0.0 Safari/537.36','2026-03-16 08:51:30','2026-03-16 08:51:30'),(162,'ropv.hgi',9,'SUCCESS',NULL,'127.0.0.1','Mozilla/5.0 (Macintosh; Intel Mac OS X 10_15_7) AppleWebKit/537.36 (KHTML, like Gecko) Chrome/145.0.0.0 Safari/537.36','2026-03-16 08:51:32','2026-03-16 08:51:32'),(163,'ropv.hgi',9,'SUCCESS',NULL,'127.0.0.1','Mozilla/5.0 (Macintosh; Intel Mac OS X 10_15_7) AppleWebKit/537.36 (KHTML, like Gecko) Chrome/145.0.0.0 Safari/537.36','2026-03-16 08:53:48','2026-03-16 08:53:48'),(164,'ropv.hgi',9,'SUCCESS',NULL,'127.0.0.1','Mozilla/5.0 (Macintosh; Intel Mac OS X 10_15_7) AppleWebKit/537.36 (KHTML, like Gecko) Chrome/145.0.0.0 Safari/537.36','2026-03-16 16:11:35','2026-03-16 16:11:35'),(165,'ropv.hgi',9,'SUCCESS',NULL,'127.0.0.1','Mozilla/5.0 (Macintosh; Intel Mac OS X 10_15_7) AppleWebKit/537.36 (KHTML, like Gecko) Chrome/145.0.0.0 Safari/537.36','2026-03-16 16:11:36','2026-03-16 16:11:36'),(166,'ropv.hgi',9,'SUCCESS',NULL,'127.0.0.1','Mozilla/5.0 (Macintosh; Intel Mac OS X 10_15_7) AppleWebKit/537.36 (KHTML, like Gecko) Chrome/145.0.0.0 Safari/537.36','2026-03-16 19:55:44','2026-03-16 19:55:44'),(167,'ropv.hgi',9,'SUCCESS',NULL,'127.0.0.1','Mozilla/5.0 (Macintosh; Intel Mac OS X 10_15_7) AppleWebKit/537.36 (KHTML, like Gecko) Chrome/145.0.0.0 Safari/537.36','2026-03-16 19:55:45','2026-03-16 19:55:45'),(168,'ropv.hgi',9,'SUCCESS',NULL,'127.0.0.1','Mozilla/5.0 (Macintosh; Intel Mac OS X 10_15_7) AppleWebKit/537.36 (KHTML, like Gecko) Chrome/145.0.0.0 Safari/537.36','2026-03-16 19:56:04','2026-03-16 19:56:04'),(169,'ropv.hgi',9,'SUCCESS',NULL,'127.0.0.1','Mozilla/5.0 (Macintosh; Intel Mac OS X 10_15_7) AppleWebKit/537.36 (KHTML, like Gecko) Chrome/145.0.0.0 Safari/537.36','2026-03-16 19:56:05','2026-03-16 19:56:05'),(170,'ropv.hgi',9,'SUCCESS',NULL,'127.0.0.1','Mozilla/5.0 (Macintosh; Intel Mac OS X 10_15_7) AppleWebKit/537.36 (KHTML, like Gecko) Chrome/145.0.0.0 Safari/537.36','2026-03-16 20:12:00','2026-03-16 20:12:00'),(171,'ropv.hgi',9,'SUCCESS',NULL,'127.0.0.1','Mozilla/5.0 (Macintosh; Intel Mac OS X 10_15_7) AppleWebKit/537.36 (KHTML, like Gecko) Chrome/145.0.0.0 Safari/537.36','2026-03-16 20:12:02','2026-03-16 20:12:02'),(172,'ropv.hgi',9,'SUCCESS',NULL,'127.0.0.1','Mozilla/5.0 (Macintosh; Intel Mac OS X 10_15_7) AppleWebKit/537.36 (KHTML, like Gecko) Chrome/145.0.0.0 Safari/537.36','2026-03-16 20:12:05','2026-03-16 20:12:05'),(173,'ropv.hgi',9,'SUCCESS',NULL,'127.0.0.1','Mozilla/5.0 (Macintosh; Intel Mac OS X 10_15_7) AppleWebKit/537.36 (KHTML, like Gecko) Chrome/145.0.0.0 Safari/537.36','2026-03-16 20:18:46','2026-03-16 20:18:46'),(174,'ropv.hgi',9,'SUCCESS',NULL,'127.0.0.1','Mozilla/5.0 (Macintosh; Intel Mac OS X 10_15_7) AppleWebKit/537.36 (KHTML, like Gecko) Chrome/145.0.0.0 Safari/537.36','2026-03-16 20:18:48','2026-03-16 20:18:48'),(175,'ropv.hgi',9,'SUCCESS',NULL,'127.0.0.1','Mozilla/5.0 (Macintosh; Intel Mac OS X 10_15_7) AppleWebKit/537.36 (KHTML, like Gecko) Chrome/145.0.0.0 Safari/537.36','2026-03-16 20:21:53','2026-03-16 20:21:53'),(176,'ropv.hgi',9,'SUCCESS',NULL,'127.0.0.1','Mozilla/5.0 (Macintosh; Intel Mac OS X 10_15_7) AppleWebKit/537.36 (KHTML, like Gecko) Chrome/145.0.0.0 Safari/537.36','2026-03-16 20:24:07','2026-03-16 20:24:07'),(177,'ropv.hgi@vnpt.vn',9,'FAILED','INVALID_CREDENTIALS','127.0.0.1','Mozilla/5.0 (Macintosh; Intel Mac OS X 10_15_7) AppleWebKit/537.36 (KHTML, like Gecko) Chrome/145.0.0.0 Safari/537.36','2026-03-16 20:26:33','2026-03-16 20:26:33'),(178,'ropv.hgi@vnpt.vn',9,'FAILED','INVALID_CREDENTIALS','127.0.0.1','Mozilla/5.0 (Macintosh; Intel Mac OS X 10_15_7) AppleWebKit/537.36 (KHTML, like Gecko) Chrome/145.0.0.0 Safari/537.36','2026-03-16 20:26:43','2026-03-16 20:26:43'),(179,'ropv.hgi',9,'SUCCESS',NULL,'127.0.0.1','Mozilla/5.0 (Macintosh; Intel Mac OS X 10_15_7) AppleWebKit/537.36 (KHTML, like Gecko) Chrome/145.0.0.0 Safari/537.36','2026-03-16 20:26:55','2026-03-16 20:26:55'),(180,'ropv.hgi@example.com',NULL,'FAILED','INVALID_CREDENTIALS','127.0.0.1','Mozilla/5.0 (Macintosh; Intel Mac OS X 10_15_7) AppleWebKit/537.36 (KHTML, like Gecko) Chrome/145.0.0.0 Safari/537.36','2026-03-16 20:27:18','2026-03-16 20:27:18'),(181,'ropv.hgi@example.com',NULL,'FAILED','INVALID_CREDENTIALS','127.0.0.1','Mozilla/5.0 (Macintosh; Intel Mac OS X 10_15_7) AppleWebKit/537.36 (KHTML, like Gecko) Chrome/145.0.0.0 Safari/537.36','2026-03-16 20:27:20','2026-03-16 20:27:20'),(182,'ropv.hgi',9,'SUCCESS',NULL,'127.0.0.1','Mozilla/5.0 (Macintosh; Intel Mac OS X 10_15_7) AppleWebKit/537.36 (KHTML, like Gecko) Chrome/145.0.0.0 Safari/537.36','2026-03-16 20:28:01','2026-03-16 20:28:01'),(183,'ropv.hgi',9,'SUCCESS',NULL,'127.0.0.1','Mozilla/5.0 (Macintosh; Intel Mac OS X 10_15_7) AppleWebKit/537.36 (KHTML, like Gecko) Chrome/145.0.0.0 Safari/537.36','2026-03-16 20:28:03','2026-03-16 20:28:03'),(184,'ropv.hgi',9,'SUCCESS',NULL,'127.0.0.1','Mozilla/5.0 (Macintosh; Intel Mac OS X 10_15_7) AppleWebKit/537.36 (KHTML, like Gecko) Chrome/145.0.0.0 Safari/537.36','2026-03-16 20:28:04','2026-03-16 20:28:04'),(185,'ropv.hgi@vnpt.vn',9,'FAILED','INVALID_CREDENTIALS','127.0.0.1','Mozilla/5.0 (Macintosh; Intel Mac OS X 10_15_7) AppleWebKit/537.36 (KHTML, like Gecko) Chrome/145.0.0.0 Safari/537.36','2026-03-16 20:28:28','2026-03-16 20:28:28'),(186,'ropv.hgi',9,'FAILED','INVALID_CREDENTIALS','127.0.0.1','Mozilla/5.0 (Macintosh; Intel Mac OS X 10_15_7) AppleWebKit/537.36 (KHTML, like Gecko) Chrome/145.0.0.0 Safari/537.36','2026-03-16 20:31:45','2026-03-16 20:31:45'),(187,'ropv.hgi',9,'FAILED','INVALID_CREDENTIALS','127.0.0.1','Mozilla/5.0 (Macintosh; Intel Mac OS X 10_15_7) AppleWebKit/537.36 (KHTML, like Gecko) Chrome/145.0.0.0 Safari/537.36','2026-03-16 20:31:57','2026-03-16 20:31:57'),(188,'ropv.hgi',9,'FAILED','INVALID_CREDENTIALS','127.0.0.1','Mozilla/5.0 (Macintosh; Intel Mac OS X 10_15_7) AppleWebKit/537.36 (KHTML, like Gecko) Chrome/145.0.0.0 Safari/537.36','2026-03-16 20:31:59','2026-03-16 20:31:59'),(189,'ropv.hgi',9,'FAILED','INVALID_CREDENTIALS','127.0.0.1','Mozilla/5.0 (Macintosh; Intel Mac OS X 10_15_7) AppleWebKit/537.36 (KHTML, like Gecko) Chrome/145.0.0.0 Safari/537.36','2026-03-16 20:32:00','2026-03-16 20:32:00'),(190,'ropv.hgi',9,'SUCCESS',NULL,'127.0.0.1','Mozilla/5.0 (Macintosh; Intel Mac OS X 10_15_7) AppleWebKit/537.36 (KHTML, like Gecko) Chrome/145.0.0.0 Safari/537.36','2026-03-16 20:32:03','2026-03-16 20:32:03'),(191,'ropv.hgi',9,'SUCCESS',NULL,'127.0.0.1','Mozilla/5.0 (Macintosh; Intel Mac OS X 10_15_7) AppleWebKit/537.36 (KHTML, like Gecko) Chrome/145.0.0.0 Safari/537.36','2026-03-16 20:34:13','2026-03-16 20:34:13'),(192,'admin',1,'FAILED','INVALID_CREDENTIALS','127.0.0.1','curl/8.7.1','2026-03-16 21:03:06','2026-03-16 21:03:06'),(193,'admin',1,'FAILED','INVALID_CREDENTIALS','127.0.0.1','curl/8.7.1','2026-03-16 21:09:40','2026-03-16 21:09:40'),(194,'ropv.hgi',9,'SUCCESS',NULL,'127.0.0.1','Mozilla/5.0 (Macintosh; Intel Mac OS X 10_15_7) AppleWebKit/537.36 (KHTML, like Gecko) Chrome/145.0.0.0 Safari/537.36','2026-03-16 21:13:13','2026-03-16 21:13:13'),(195,'ropv.hgi',9,'SUCCESS',NULL,'127.0.0.1','Mozilla/5.0 (Macintosh; Intel Mac OS X 10_15_7) AppleWebKit/537.36 (KHTML, like Gecko) Chrome/145.0.0.0 Safari/537.36','2026-03-16 21:13:14','2026-03-16 21:13:14'),(196,'ropv.hgi',9,'SUCCESS',NULL,'127.0.0.1','Mozilla/5.0 (Macintosh; Intel Mac OS X 10_15_7) AppleWebKit/537.36 (KHTML, like Gecko) Chrome/145.0.0.0 Safari/537.36','2026-03-16 21:15:54','2026-03-16 21:15:54'),(197,'ropv.hgi',9,'SUCCESS',NULL,'127.0.0.1','Mozilla/5.0 (Macintosh; Intel Mac OS X 10_15_7) AppleWebKit/537.36 (KHTML, like Gecko) Chrome/145.0.0.0 Safari/537.36','2026-03-16 21:15:55','2026-03-16 21:15:55'),(198,'ropv.hgi',9,'SUCCESS',NULL,'127.0.0.1','Mozilla/5.0 (Macintosh; Intel Mac OS X 10_15_7) AppleWebKit/537.36 (KHTML, like Gecko) Chrome/145.0.0.0 Safari/537.36','2026-03-16 21:16:10','2026-03-16 21:16:10'),(199,'ropv.hgi',9,'SUCCESS',NULL,'127.0.0.1','Mozilla/5.0 (Macintosh; Intel Mac OS X 10_15_7) AppleWebKit/537.36 (KHTML, like Gecko) Chrome/145.0.0.0 Safari/537.36','2026-03-16 21:16:12','2026-03-16 21:16:12'),(200,'ropv.hgi',9,'SUCCESS',NULL,'127.0.0.1','Mozilla/5.0 (Macintosh; Intel Mac OS X 10_15_7) AppleWebKit/537.36 (KHTML, like Gecko) Chrome/145.0.0.0 Safari/537.36','2026-03-16 21:21:00','2026-03-16 21:21:00'),(201,'ropv.hgi',9,'SUCCESS',NULL,'127.0.0.1','Mozilla/5.0 (Macintosh; Intel Mac OS X 10_15_7) AppleWebKit/537.36 (KHTML, like Gecko) Chrome/145.0.0.0 Safari/537.36','2026-03-16 21:21:02','2026-03-16 21:21:02'),(202,'ropv.hgi',9,'SUCCESS',NULL,'127.0.0.1','Mozilla/5.0 (Macintosh; Intel Mac OS X 10_15_7) AppleWebKit/537.36 (KHTML, like Gecko) Chrome/145.0.0.0 Safari/537.36','2026-03-16 21:45:59','2026-03-16 21:45:59'),(203,'ropv.hgi',9,'SUCCESS',NULL,'127.0.0.1','Mozilla/5.0 (Macintosh; Intel Mac OS X 10_15_7) AppleWebKit/537.36 (KHTML, like Gecko) Chrome/145.0.0.0 Safari/537.36','2026-03-16 21:46:01','2026-03-16 21:46:01'),(204,'ropv.hgi',9,'SUCCESS',NULL,'127.0.0.1','Mozilla/5.0 (Macintosh; Intel Mac OS X 10_15_7) AppleWebKit/537.36 (KHTML, like Gecko) Chrome/145.0.0.0 Safari/537.36','2026-03-16 23:49:20','2026-03-16 23:49:20'),(205,'ropv.hgi',9,'SUCCESS',NULL,'127.0.0.1','Mozilla/5.0 (Macintosh; Intel Mac OS X 10_15_7) AppleWebKit/537.36 (KHTML, like Gecko) Chrome/145.0.0.0 Safari/537.36','2026-03-16 23:49:22','2026-03-16 23:49:22'),(206,'admin',1,'FAILED','INVALID_CREDENTIALS','127.0.0.1','Mozilla/5.0 (Macintosh; Intel Mac OS X 10_15_7) AppleWebKit/605.1.15 (KHTML, like Gecko) Version/26.3.1 Safari/605.1.15','2026-03-16 23:49:41','2026-03-16 23:49:41'),(207,'ropv.hgi',9,'FAILED','INVALID_CREDENTIALS','127.0.0.1','Mozilla/5.0 (Macintosh; Intel Mac OS X 10_15_7) AppleWebKit/605.1.15 (KHTML, like Gecko) Version/26.3.1 Safari/605.1.15','2026-03-16 23:49:49','2026-03-16 23:49:49'),(208,'ropv.hgi',9,'FAILED','INVALID_CREDENTIALS','127.0.0.1','Mozilla/5.0 (Macintosh; Intel Mac OS X 10_15_7) AppleWebKit/605.1.15 (KHTML, like Gecko) Version/26.3.1 Safari/605.1.15','2026-03-16 23:49:57','2026-03-16 23:49:57'),(209,'ropv.hgi',9,'FAILED','INVALID_CREDENTIALS','127.0.0.1','Mozilla/5.0 (Macintosh; Intel Mac OS X 10_15_7) AppleWebKit/605.1.15 (KHTML, like Gecko) Version/26.3.1 Safari/605.1.15','2026-03-16 23:49:59','2026-03-16 23:49:59'),(210,'ropv.hgi',9,'SUCCESS',NULL,'127.0.0.1','Mozilla/5.0 (Macintosh; Intel Mac OS X 10_15_7) AppleWebKit/537.36 (KHTML, like Gecko) Chrome/145.0.0.0 Safari/537.36','2026-03-16 23:50:35','2026-03-16 23:50:35'),(211,'ropv.hgi',9,'SUCCESS',NULL,'127.0.0.1','Mozilla/5.0 (Macintosh; Intel Mac OS X 10_15_7) AppleWebKit/537.36 (KHTML, like Gecko) Chrome/145.0.0.0 Safari/537.36','2026-03-16 23:54:31','2026-03-16 23:54:31'),(212,'ropv.hgi',9,'SUCCESS',NULL,'127.0.0.1','Mozilla/5.0 (Macintosh; Intel Mac OS X 10_15_7) AppleWebKit/537.36 (KHTML, like Gecko) Chrome/145.0.0.0 Safari/537.36','2026-03-16 23:57:14','2026-03-16 23:57:14'),(213,'ropv.hgi',9,'SUCCESS',NULL,'127.0.0.1','Mozilla/5.0 (Macintosh; Intel Mac OS X 10_15_7) AppleWebKit/537.36 (KHTML, like Gecko) Chrome/145.0.0.0 Safari/537.36','2026-03-17 00:08:37','2026-03-17 00:08:37'),(214,'ropv.hgi',9,'SUCCESS',NULL,'127.0.0.1','Mozilla/5.0 (Macintosh; Intel Mac OS X 10_15_7) AppleWebKit/537.36 (KHTML, like Gecko) Chrome/145.0.0.0 Safari/537.36','2026-03-17 00:24:05','2026-03-17 00:24:05'),(215,'ropv.hgi',9,'SUCCESS',NULL,'127.0.0.1','Mozilla/5.0 (Macintosh; Intel Mac OS X 10_15_7) AppleWebKit/537.36 (KHTML, like Gecko) Chrome/145.0.0.0 Safari/537.36','2026-03-17 00:56:04','2026-03-17 00:56:04'),(216,'ropv.hgi',9,'SUCCESS',NULL,'127.0.0.1','Mozilla/5.0 (Macintosh; Intel Mac OS X 10_15_7) AppleWebKit/537.36 (KHTML, like Gecko) Chrome/145.0.0.0 Safari/537.36','2026-03-17 01:11:36','2026-03-17 01:11:36'),(217,'ropv.hgi',9,'SUCCESS',NULL,'127.0.0.1','Mozilla/5.0 (Macintosh; Intel Mac OS X 10_15_7) AppleWebKit/537.36 (KHTML, like Gecko) Chrome/145.0.0.0 Safari/537.36','2026-03-17 02:26:23','2026-03-17 02:26:23'),(218,'ropv.hgi',9,'SUCCESS',NULL,'127.0.0.1','Mozilla/5.0 (Macintosh; Intel Mac OS X 10_15_7) AppleWebKit/537.36 (KHTML, like Gecko) Chrome/145.0.0.0 Safari/537.36','2026-03-17 06:40:26','2026-03-17 06:40:26'),(219,'ropv.hgi',9,'SUCCESS',NULL,'127.0.0.1','Mozilla/5.0 (Macintosh; Intel Mac OS X 10_15_7) AppleWebKit/537.36 (KHTML, like Gecko) Chrome/145.0.0.0 Safari/537.36','2026-03-17 07:49:05','2026-03-17 07:49:05'),(220,'ropv.hgi',9,'SUCCESS',NULL,'127.0.0.1','Mozilla/5.0 (Macintosh; Intel Mac OS X 10_15_7) AppleWebKit/537.36 (KHTML, like Gecko) Chrome/145.0.0.0 Safari/537.36','2026-03-17 23:49:24','2026-03-17 23:49:24'),(221,'ropv.hgi',9,'SUCCESS',NULL,'127.0.0.1','Mozilla/5.0 (Macintosh; Intel Mac OS X 10_15_7) AppleWebKit/537.36 (KHTML, like Gecko) Chrome/145.0.0.0 Safari/537.36','2026-03-18 03:45:27','2026-03-18 03:45:27'),(222,'ropv.hgi',9,'SUCCESS',NULL,'127.0.0.1','Mozilla/5.0 (Macintosh; Intel Mac OS X 10_15_7) AppleWebKit/537.36 (KHTML, like Gecko) Chrome/145.0.0.0 Safari/537.36','2026-03-19 01:02:53','2026-03-19 01:02:53'),(223,'ropv.hgi',9,'SUCCESS',NULL,'127.0.0.1','Mozilla/5.0 (Macintosh; Intel Mac OS X 10_15_7) AppleWebKit/537.36 (KHTML, like Gecko) Chrome/145.0.0.0 Safari/537.36','2026-03-19 08:47:14','2026-03-19 08:47:14'),(224,'admin.demo',NULL,'FAILED','INVALID_CREDENTIALS','127.0.0.1','node','2026-03-19 14:35:00','2026-03-19 14:35:00'),(225,'ropv.hgi',9,'FAILED','INVALID_CREDENTIALS','127.0.0.1','Mozilla/5.0 (Macintosh; Intel Mac OS X 10_15_7) AppleWebKit/537.36 (KHTML, like Gecko) Chrome/146.0.0.0 Safari/537.36','2026-03-20 08:01:50','2026-03-20 08:01:50'),(226,'ropv.hgi',9,'FAILED','INVALID_CREDENTIALS','127.0.0.1','Mozilla/5.0 (Macintosh; Intel Mac OS X 10_15_7) AppleWebKit/537.36 (KHTML, like Gecko) Chrome/146.0.0.0 Safari/537.36','2026-03-20 08:03:03','2026-03-20 08:03:03'),(227,'ropv.hgi',9,'FAILED','INVALID_CREDENTIALS','127.0.0.1','curl/8.7.1','2026-03-20 08:03:57','2026-03-20 08:03:57'),(228,'ropv.hgi',9,'SUCCESS',NULL,'127.0.0.1','Mozilla/5.0 (Macintosh; Intel Mac OS X 10_15_7) AppleWebKit/537.36 (KHTML, like Gecko) Chrome/146.0.0.0 Safari/537.36','2026-03-20 08:04:04','2026-03-20 08:04:04'),(229,'ropv.hgi',9,'SUCCESS',NULL,'127.0.0.1','curl/8.7.1','2026-03-20 08:04:14','2026-03-20 08:04:14'),(230,'ropv.hgi',9,'SUCCESS',NULL,'127.0.0.1','Mozilla/5.0 (Macintosh; Intel Mac OS X 10_15_7) AppleWebKit/537.36 (KHTML, like Gecko) Chrome/146.0.0.0 Safari/537.36','2026-03-20 09:19:52','2026-03-20 09:19:52'),(231,'ropv.hgi',9,'FAILED','INVALID_CREDENTIALS','127.0.0.1','Mozilla/5.0 (Macintosh; Intel Mac OS X 10_15_7) AppleWebKit/537.36 (KHTML, like Gecko) Chrome/146.0.0.0 Safari/537.36','2026-03-20 14:04:53','2026-03-20 14:04:53'),(232,'ropv.hgi',9,'FAILED','INVALID_CREDENTIALS','127.0.0.1','Mozilla/5.0 (Macintosh; Intel Mac OS X 10_15_7) AppleWebKit/537.36 (KHTML, like Gecko) Chrome/146.0.0.0 Safari/537.36','2026-03-20 14:04:55','2026-03-20 14:04:55'),(233,'admin',1,'FAILED','INVALID_CREDENTIALS','127.0.0.1','Mozilla/5.0 (Macintosh; Intel Mac OS X 10_15_7) AppleWebKit/537.36 (KHTML, like Gecko) Chrome/146.0.0.0 Safari/537.36','2026-03-20 14:05:03','2026-03-20 14:05:03'),(234,'ropv.hgi',9,'SUCCESS',NULL,'127.0.0.1','curl/8.7.1','2026-03-20 14:05:59','2026-03-20 14:05:59'),(235,'ropv.hgi',9,'SUCCESS',NULL,'127.0.0.1','Mozilla/5.0 (Macintosh; Intel Mac OS X 10_15_7) AppleWebKit/537.36 (KHTML, like Gecko) Chrome/146.0.0.0 Safari/537.36','2026-03-20 14:09:40','2026-03-20 14:09:40'),(236,'ropv.hgi',9,'FAILED','INVALID_CREDENTIALS','127.0.0.1','Mozilla/5.0 (Macintosh; Intel Mac OS X 10_15_7) AppleWebKit/537.36 (KHTML, like Gecko) Chrome/146.0.0.0 Safari/537.36','2026-03-20 14:32:15','2026-03-20 14:32:15'),(237,'ropv.hgi',9,'SUCCESS',NULL,'127.0.0.1','Mozilla/5.0 (Macintosh; Intel Mac OS X 10_15_7) AppleWebKit/537.36 (KHTML, like Gecko) Chrome/146.0.0.0 Safari/537.36','2026-03-20 14:32:21','2026-03-20 14:32:21'),(238,'ropv.hgi',9,'SUCCESS',NULL,'127.0.0.1','Mozilla/5.0 (Macintosh; Intel Mac OS X 10_15_7) AppleWebKit/537.36 (KHTML, like Gecko) Chrome/146.0.0.0 Safari/537.36','2026-03-21 04:26:27','2026-03-21 04:26:27'),(239,'admin',1,'FAILED','INVALID_CREDENTIALS','127.0.0.1','curl/8.7.1','2026-03-21 11:24:58','2026-03-21 11:24:58'),(240,'admin.demo',NULL,'FAILED','INVALID_CREDENTIALS','127.0.0.1','curl/8.7.1','2026-03-21 11:24:58','2026-03-21 11:24:58'),(241,'ropv.hgi',9,'SUCCESS',NULL,'127.0.0.1','Mozilla/5.0 (Macintosh; Intel Mac OS X 10_15_7) AppleWebKit/537.36 (KHTML, like Gecko) Chrome/146.0.0.0 Safari/537.36','2026-03-22 12:33:32','2026-03-22 12:33:32'),(242,'ropv.hgi',9,'SUCCESS',NULL,'127.0.0.1','Mozilla/5.0 (Macintosh; Intel Mac OS X 10_15_7) AppleWebKit/537.36 (KHTML, like Gecko) Chrome/146.0.0.0 Safari/537.36','2026-03-22 12:37:53','2026-03-22 12:37:53'),(243,'ropv.hgi',9,'SUCCESS',NULL,'127.0.0.1','Mozilla/5.0 (Macintosh; Intel Mac OS X 10_15_7) AppleWebKit/537.36 (KHTML, like Gecko) Chrome/146.0.0.0 Safari/537.36','2026-03-22 12:41:32','2026-03-22 12:41:32'),(244,'ropv.hgi',9,'SUCCESS',NULL,'127.0.0.1','Mozilla/5.0 (Macintosh; Intel Mac OS X 10_15_7) AppleWebKit/537.36 (KHTML, like Gecko) Chrome/146.0.0.0 Safari/537.36','2026-03-22 12:55:06','2026-03-22 12:55:06'),(245,'ropv.hgi',9,'SUCCESS',NULL,'127.0.0.1','Mozilla/5.0 (Macintosh; Intel Mac OS X 10_15_7) AppleWebKit/537.36 (KHTML, like Gecko) Chrome/146.0.0.0 Safari/537.36','2026-03-23 13:11:49','2026-03-23 13:11:49'),(246,'ropv.hgi',9,'SUCCESS',NULL,'127.0.0.1','Mozilla/5.0 (Macintosh; Intel Mac OS X 10_15_7) AppleWebKit/537.36 (KHTML, like Gecko) Chrome/146.0.0.0 Safari/537.36','2026-03-23 14:21:36','2026-03-23 14:21:36'),(247,'ropv.hgi',9,'SUCCESS',NULL,'127.0.0.1','Mozilla/5.0 (Macintosh; Intel Mac OS X 10_15_7) AppleWebKit/537.36 (KHTML, like Gecko) Chrome/146.0.0.0 Safari/537.36','2026-03-23 14:36:10','2026-03-23 14:36:10'),(248,'ropv.hgi',9,'SUCCESS',NULL,'127.0.0.1','Mozilla/5.0 (Macintosh; Intel Mac OS X 10_15_7) AppleWebKit/537.36 (KHTML, like Gecko) Chrome/146.0.0.0 Safari/537.36','2026-03-23 23:29:24','2026-03-23 23:29:24'),(249,'ropv.hgi',9,'SUCCESS',NULL,'127.0.0.1','Mozilla/5.0 (Macintosh; Intel Mac OS X 10_15_7) AppleWebKit/537.36 (KHTML, like Gecko) Chrome/146.0.0.0 Safari/537.36','2026-03-23 23:36:00','2026-03-23 23:36:00'),(250,'ropv.hgi',9,'SUCCESS',NULL,'127.0.0.1','Mozilla/5.0 (Macintosh; Intel Mac OS X 10_15_7) AppleWebKit/537.36 (KHTML, like Gecko) Chrome/146.0.0.0 Safari/537.36','2026-03-23 23:40:45','2026-03-23 23:40:45'),(251,'ropv.hgi',9,'SUCCESS',NULL,'127.0.0.1','Mozilla/5.0 (Macintosh; Intel Mac OS X 10_15_7) AppleWebKit/537.36 (KHTML, like Gecko) Chrome/146.0.0.0 Safari/537.36','2026-03-23 23:46:08','2026-03-23 23:46:08'),(252,'ropv.hgi',9,'SUCCESS',NULL,'127.0.0.1','Mozilla/5.0 (Macintosh; Intel Mac OS X 10_15_7) AppleWebKit/537.36 (KHTML, like Gecko) Chrome/146.0.0.0 Safari/537.36','2026-03-24 02:22:58','2026-03-24 02:22:58'),(253,'ropv.hgi',9,'SUCCESS',NULL,'127.0.0.1','Mozilla/5.0 (Macintosh; Intel Mac OS X 10_15_7) AppleWebKit/537.36 (KHTML, like Gecko) Chrome/146.0.0.0 Safari/537.36','2026-03-24 03:09:50','2026-03-24 03:09:50'),(254,'ropv.hgi',9,'SUCCESS',NULL,'127.0.0.1','Mozilla/5.0 (Macintosh; Intel Mac OS X 10_15_7) AppleWebKit/537.36 (KHTML, like Gecko) Chrome/146.0.0.0 Safari/537.36','2026-03-24 03:09:52','2026-03-24 03:09:52'),(255,'ropv.hgi',9,'SUCCESS',NULL,'127.0.0.1','Mozilla/5.0 (Macintosh; Intel Mac OS X 10_15_7) AppleWebKit/537.36 (KHTML, like Gecko) Chrome/146.0.0.0 Safari/537.36','2026-03-24 07:36:21','2026-03-24 07:36:21'),(256,'ropv.hgi',9,'SUCCESS',NULL,'127.0.0.1','Mozilla/5.0 (Macintosh; Intel Mac OS X 10_15_7) AppleWebKit/537.36 (KHTML, like Gecko) Chrome/146.0.0.0 Safari/537.36','2026-03-24 08:10:40','2026-03-24 08:10:40'),(257,'ropv.hgi',9,'SUCCESS',NULL,'127.0.0.1','Mozilla/5.0 (Macintosh; Intel Mac OS X 10_15_7) AppleWebKit/537.36 (KHTML, like Gecko) Chrome/146.0.0.0 Safari/537.36','2026-03-24 10:07:31','2026-03-24 10:07:31'),(258,'ropv.hgi',9,'SUCCESS',NULL,'127.0.0.1','Mozilla/5.0 (Macintosh; Intel Mac OS X 10_15_7) AppleWebKit/537.36 (KHTML, like Gecko) Chrome/146.0.0.0 Safari/537.36','2026-03-24 10:24:04','2026-03-24 10:24:04'),(259,'ropv.hgi',9,'SUCCESS',NULL,'127.0.0.1','Mozilla/5.0 (Macintosh; Intel Mac OS X 10_15_7) AppleWebKit/537.36 (KHTML, like Gecko) Chrome/146.0.0.0 Safari/537.36','2026-03-24 10:47:51','2026-03-24 10:47:51'),(260,'ropv.hgi',9,'SUCCESS',NULL,'127.0.0.1','Mozilla/5.0 (Macintosh; Intel Mac OS X 10_15_7) AppleWebKit/537.36 (KHTML, like Gecko) Chrome/146.0.0.0 Safari/537.36','2026-03-24 11:50:28','2026-03-24 11:50:28'),(261,'thihq.stg',7,'SUCCESS',NULL,'127.0.0.1','Mozilla/5.0 (Macintosh; Intel Mac OS X 10_15_7) AppleWebKit/537.36 (KHTML, like Gecko) Chrome/146.0.0.0 Safari/537.36','2026-03-24 14:50:39','2026-03-24 14:50:39'),(262,'ropv.hgi',9,'SUCCESS',NULL,'127.0.0.1','Mozilla/5.0 (Macintosh; Intel Mac OS X 10_15_7) AppleWebKit/537.36 (KHTML, like Gecko) Chrome/146.0.0.0 Safari/537.36','2026-03-24 14:54:49','2026-03-24 14:54:49');
/*!40000 ALTER TABLE `auth_login_attempts` ENABLE KEYS */;
UNLOCK TABLES;

--
-- Table structure for table `business_domains`
--

DROP TABLE IF EXISTS `business_domains`;
/*!40101 SET @saved_cs_client     = @@character_set_client */;
/*!50503 SET character_set_client = utf8mb4 */;
CREATE TABLE `business_domains` (
  `id` bigint unsigned NOT NULL AUTO_INCREMENT,
  `domain_code` varchar(50) CHARACTER SET utf8mb4 COLLATE utf8mb4_unicode_ci NOT NULL,
  `domain_name` varchar(100) CHARACTER SET utf8mb4 COLLATE utf8mb4_unicode_ci NOT NULL,
  `focal_point_name` varchar(255) COLLATE utf8mb4_unicode_ci DEFAULT NULL,
  `focal_point_phone` varchar(50) COLLATE utf8mb4_unicode_ci DEFAULT NULL,
  `focal_point_email` varchar(255) COLLATE utf8mb4_unicode_ci DEFAULT NULL,
  `created_at` timestamp NULL DEFAULT CURRENT_TIMESTAMP,
  `created_by` bigint unsigned DEFAULT NULL,
  `updated_at` timestamp NULL DEFAULT NULL ON UPDATE CURRENT_TIMESTAMP,
  `updated_by` bigint unsigned DEFAULT NULL,
  PRIMARY KEY (`id`),
  UNIQUE KEY `domain_code` (`domain_code`)
) ENGINE=InnoDB AUTO_INCREMENT=10 DEFAULT CHARSET=utf8mb4 COLLATE=utf8mb4_unicode_ci COMMENT='Bảng 22: Lĩnh vực kinh doanh';
/*!40101 SET character_set_client = @saved_cs_client */;

--
-- Dumping data for table `business_domains`
--

LOCK TABLES `business_domains` WRITE;
/*!40000 ALTER TABLE `business_domains` DISABLE KEYS */;
INSERT INTO `business_domains` VALUES (3,'YTESO_PM','Phần mềm Y tế số','Nguyễn Việt Hưng','0945200052','ropv.hgi@vnpt.vn','2026-03-01 23:23:46',NULL,'2026-03-23 15:02:28',9),(5,'YTESO_PC','Phần cứng Y tế số',NULL,NULL,NULL,'2026-03-02 00:16:53',9,'2026-03-01 17:16:53',9),(6,'GD_PM','Phần mềm Giáo dục số',NULL,NULL,NULL,'2026-03-02 00:16:53',9,'2026-03-01 17:16:53',9),(7,'GD_PC','Phần cứng Giáo dục số',NULL,NULL,NULL,'2026-03-02 00:16:53',9,'2026-03-01 17:16:53',9),(8,'NN_PM','Phần mềm Nông nghệp số','Nguyễn Thành Công (TT.NNS)','0919862107','congnguyenthanh@vnpt.vn','2026-03-02 00:16:54',9,'2026-03-23 14:58:03',9),(9,'KHDN_PM','KHDN_Nhóm A',NULL,NULL,NULL,'2026-03-24 08:58:01',9,'2026-03-24 08:58:01',9);
/*!40000 ALTER TABLE `business_domains` ENABLE KEYS */;
UNLOCK TABLES;

--
-- Table structure for table `cache`
--

DROP TABLE IF EXISTS `cache`;
/*!40101 SET @saved_cs_client     = @@character_set_client */;
/*!50503 SET character_set_client = utf8mb4 */;
CREATE TABLE `cache` (
  `key` varchar(255) CHARACTER SET utf8mb4 COLLATE utf8mb4_unicode_ci NOT NULL,
  `value` mediumtext CHARACTER SET utf8mb4 COLLATE utf8mb4_unicode_ci NOT NULL,
  `expiration` int NOT NULL,
  PRIMARY KEY (`key`)
) ENGINE=InnoDB DEFAULT CHARSET=utf8mb4 COLLATE=utf8mb4_unicode_ci COMMENT='Bảng 2: Lưu trữ cache hệ thống';
/*!40101 SET character_set_client = @saved_cs_client */;

--
-- Dumping data for table `cache`
--

LOCK TABLES `cache` WRITE;
/*!40000 ALTER TABLE `cache` DISABLE KEYS */;
INSERT INTO `cache` VALUES ('vnpt-business-management-cache-02b9b7688f9afbfd59337a6e7ba0ffa5','i:1;',1774364146),('vnpt-business-management-cache-02b9b7688f9afbfd59337a6e7ba0ffa5:timer','i:1774364146;',1774364146),('vnpt-business-management-cache-50881e51d980a0f2023c04d9bf3009dd','i:1;',1774092358),('vnpt-business-management-cache-50881e51d980a0f2023c04d9bf3009dd:timer','i:1774092358;',1774092358),('vnpt-business-management-cache-50d612dd949d5d154356f4f64c3186e1','i:1;',1774353420),('vnpt-business-management-cache-50d612dd949d5d154356f4f64c3186e1:timer','i:1774353420;',1774353420),('vnpt-business-management-cache-587900d00d3a75335ebe4582de0470b9','i:1;',1773931463),('vnpt-business-management-cache-587900d00d3a75335ebe4582de0470b9:timer','i:1773931463;',1773931463),('vnpt-business-management-cache-5dfc2ea83895463b820f92a2ef7a5373','i:1;',1773930678),('vnpt-business-management-cache-5dfc2ea83895463b820f92a2ef7a5373:timer','i:1773930678;',1773930678),('vnpt-business-management-cache-786ca5d919cd67bf25c8c0d496637bda','i:1;',1774092358),('vnpt-business-management-cache-786ca5d919cd67bf25c8c0d496637bda:timer','i:1774092358;',1774092358),('vnpt-business-management-cache-80860cc5bd3601144a095c9beb672c98','i:1;',1773908501),('vnpt-business-management-cache-80860cc5bd3601144a095c9beb672c98:timer','i:1773908501;',1773908501),('vnpt-business-management-cache-829c3635317983a1fac6771d25b9840f','i:1;',1774364148),('vnpt-business-management-cache-829c3635317983a1fac6771d25b9840f:timer','i:1774364148;',1774364148),('vnpt-business-management-cache-ae39ccc4b6bcbfac0b4a3e45c6bc3214','i:2;',1774364305),('vnpt-business-management-cache-ae39ccc4b6bcbfac0b4a3e45c6bc3214:timer','i:1774364305;',1774364305),('vnpt-business-management-cache-b9624c7181ddb84b6299125602969e87','i:1;',1774363899),('vnpt-business-management-cache-b9624c7181ddb84b6299125602969e87:timer','i:1774363899;',1774363899),('vnpt-business-management-cache-e631d2ff45201a696f2da0e08da2f6ce','i:1;',1774238855),('vnpt-business-management-cache-e631d2ff45201a696f2da0e08da2f6ce:timer','i:1774238855;',1774238855),('vnpt-business-management-cache-eb90201c58f6b2f36dc7074cb84cf2a2','i:1;',1774363898),('vnpt-business-management-cache-eb90201c58f6b2f36dc7074cb84cf2a2:timer','i:1774363898;',1774363898),('vnpt-business-management-cache-v5:business_domains:list:v1','a:5:{i:0;a:7:{s:2:\"id\";i:3;s:11:\"domain_code\";s:8:\"YTESO_PM\";s:11:\"domain_name\";s:24:\"Phần mềm Y tế số\";s:10:\"created_at\";s:19:\"2026-03-01 23:23:46\";s:10:\"created_by\";N;s:10:\"updated_at\";N;s:10:\"updated_by\";N;}i:1;a:7:{s:2:\"id\";i:5;s:11:\"domain_code\";s:8:\"YTESO_PC\";s:11:\"domain_name\";s:25:\"Phần cứng Y tế số\";s:10:\"created_at\";s:19:\"2026-03-02 00:16:53\";s:10:\"created_by\";i:9;s:10:\"updated_at\";s:19:\"2026-03-01 17:16:53\";s:10:\"updated_by\";i:9;}i:2;a:7:{s:2:\"id\";i:6;s:11:\"domain_code\";s:5:\"GD_PM\";s:11:\"domain_name\";s:29:\"Phần mềm Giáo dục số\";s:10:\"created_at\";s:19:\"2026-03-02 00:16:53\";s:10:\"created_by\";i:9;s:10:\"updated_at\";s:19:\"2026-03-01 17:16:53\";s:10:\"updated_by\";i:9;}i:3;a:7:{s:2:\"id\";i:7;s:11:\"domain_code\";s:5:\"GD_PC\";s:11:\"domain_name\";s:30:\"Phần cứng Giáo dục số\";s:10:\"created_at\";s:19:\"2026-03-02 00:16:53\";s:10:\"created_by\";i:9;s:10:\"updated_at\";s:19:\"2026-03-01 17:16:53\";s:10:\"updated_by\";i:9;}i:4;a:7:{s:2:\"id\";i:8;s:11:\"domain_code\";s:5:\"NN_PM\";s:11:\"domain_name\";s:31:\"Phần mềm Nông nghệp số\";s:10:\"created_at\";s:19:\"2026-03-02 00:16:54\";s:10:\"created_by\";i:9;s:10:\"updated_at\";s:19:\"2026-03-01 17:16:54\";s:10:\"updated_by\";i:9;}}',1774277497),('vnpt-business-management-cache-v5:business_domains:list:v2','a:6:{i:0;a:10:{s:2:\"id\";i:3;s:11:\"domain_code\";s:8:\"YTESO_PM\";s:11:\"domain_name\";s:24:\"Phần mềm Y tế số\";s:16:\"focal_point_name\";s:21:\"Nguyễn Việt Hưng\";s:17:\"focal_point_phone\";s:10:\"0945200052\";s:17:\"focal_point_email\";s:16:\"ropv.hgi@vnpt.vn\";s:10:\"created_at\";s:19:\"2026-03-01 23:23:46\";s:10:\"created_by\";N;s:10:\"updated_at\";s:19:\"2026-03-23 15:02:28\";s:10:\"updated_by\";i:9;}i:1;a:10:{s:2:\"id\";i:5;s:11:\"domain_code\";s:8:\"YTESO_PC\";s:11:\"domain_name\";s:25:\"Phần cứng Y tế số\";s:16:\"focal_point_name\";N;s:17:\"focal_point_phone\";N;s:17:\"focal_point_email\";N;s:10:\"created_at\";s:19:\"2026-03-02 00:16:53\";s:10:\"created_by\";i:9;s:10:\"updated_at\";s:19:\"2026-03-01 17:16:53\";s:10:\"updated_by\";i:9;}i:2;a:10:{s:2:\"id\";i:6;s:11:\"domain_code\";s:5:\"GD_PM\";s:11:\"domain_name\";s:29:\"Phần mềm Giáo dục số\";s:16:\"focal_point_name\";N;s:17:\"focal_point_phone\";N;s:17:\"focal_point_email\";N;s:10:\"created_at\";s:19:\"2026-03-02 00:16:53\";s:10:\"created_by\";i:9;s:10:\"updated_at\";s:19:\"2026-03-01 17:16:53\";s:10:\"updated_by\";i:9;}i:3;a:10:{s:2:\"id\";i:7;s:11:\"domain_code\";s:5:\"GD_PC\";s:11:\"domain_name\";s:30:\"Phần cứng Giáo dục số\";s:16:\"focal_point_name\";N;s:17:\"focal_point_phone\";N;s:17:\"focal_point_email\";N;s:10:\"created_at\";s:19:\"2026-03-02 00:16:53\";s:10:\"created_by\";i:9;s:10:\"updated_at\";s:19:\"2026-03-01 17:16:53\";s:10:\"updated_by\";i:9;}i:4;a:10:{s:2:\"id\";i:8;s:11:\"domain_code\";s:5:\"NN_PM\";s:11:\"domain_name\";s:31:\"Phần mềm Nông nghệp số\";s:16:\"focal_point_name\";s:30:\"Nguyễn Thành Công (TT.NNS)\";s:17:\"focal_point_phone\";s:10:\"0919862107\";s:17:\"focal_point_email\";s:23:\"congnguyenthanh@vnpt.vn\";s:10:\"created_at\";s:19:\"2026-03-02 00:16:54\";s:10:\"created_by\";i:9;s:10:\"updated_at\";s:19:\"2026-03-23 14:58:03\";s:10:\"updated_by\";i:9;}i:5;a:10:{s:2:\"id\";i:9;s:11:\"domain_code\";s:7:\"KHDN_PM\";s:11:\"domain_name\";s:12:\"KHDN_Nhóm A\";s:16:\"focal_point_name\";N;s:17:\"focal_point_phone\";N;s:17:\"focal_point_email\";N;s:10:\"created_at\";s:19:\"2026-03-24 08:58:01\";s:10:\"created_by\";i:9;s:10:\"updated_at\";s:19:\"2026-03-24 08:58:01\";s:10:\"updated_by\";i:9;}}',1774365643),('vnpt-business-management-cache-v5:customer-insight:6:v1','a:1:{s:4:\"data\";a:6:{s:8:\"customer\";a:11:{s:2:\"id\";i:6;s:13:\"customer_code\";s:5:\"93002\";s:13:\"customer_name\";s:39:\"Trung tâm Y tế khu vực Vị Thủy\";s:8:\"tax_code\";s:10:\"0127160495\";s:7:\"address\";s:22:\"Số 02 Nguyễn Trãi\";s:9:\"is_active\";i:1;s:10:\"created_at\";s:19:\"2026-02-25 01:03:51\";s:10:\"created_by\";N;s:10:\"updated_at\";s:19:\"2026-02-26 20:27:32\";s:10:\"updated_by\";i:1;s:10:\"deleted_at\";N;}s:17:\"contracts_summary\";a:8:{s:10:\"totalCount\";i:0;s:10:\"totalValue\";i:0;s:11:\"activeValue\";i:0;s:8:\"byStatus\";a:0:{}s:11:\"total_count\";i:0;s:11:\"total_value\";i:0;s:12:\"active_value\";i:0;s:9:\"by_status\";a:0:{}}s:13:\"services_used\";a:0:{}s:21:\"opportunities_summary\";a:3:{s:11:\"total_count\";i:0;s:12:\"total_amount\";i:0;s:8:\"by_stage\";a:0:{}}s:11:\"crc_summary\";a:3:{s:11:\"total_cases\";i:0;s:10:\"open_cases\";i:0;s:9:\"by_status\";a:0:{}}s:17:\"upsell_candidates\";a:8:{i:0;a:10:{s:10:\"product_id\";i:11;s:12:\"product_name\";s:22:\"Chữ ký số SmartCA\";s:14:\"standard_price\";i:30000;s:4:\"unit\";s:6:\"Tháng\";s:13:\"service_group\";s:7:\"GROUP_A\";s:19:\"service_group_label\";s:19:\"Dịch vụ nhóm A\";s:6:\"reason\";s:19:\"Dịch vụ nhóm A\";s:10:\"popularity\";i:0;s:11:\"is_priority\";b:1;s:19:\"reference_customers\";a:0:{}}i:1;a:10:{s:10:\"product_id\";i:1;s:12:\"product_name\";s:24:\"Phần mềm VNPT HIS L3\";s:14:\"standard_price\";i:150000000;s:4:\"unit\";s:16:\"Giường bệnh\";s:13:\"service_group\";s:7:\"GROUP_B\";s:19:\"service_group_label\";s:19:\"Dịch vụ nhóm B\";s:6:\"reason\";s:19:\"Dịch vụ nhóm B\";s:10:\"popularity\";i:1;s:11:\"is_priority\";b:0;s:19:\"reference_customers\";a:1:{i:0;s:37:\"Trung tâm Y tế khu vực Long Mỹ\";}}i:2;a:10:{s:10:\"product_id\";i:3;s:12:\"product_name\";s:21:\"Phần mềm VNPT LIS\";s:14:\"standard_price\";i:550000;s:4:\"unit\";N;s:13:\"service_group\";s:7:\"GROUP_B\";s:19:\"service_group_label\";s:19:\"Dịch vụ nhóm B\";s:6:\"reason\";s:19:\"Dịch vụ nhóm B\";s:10:\"popularity\";i:1;s:11:\"is_priority\";b:0;s:19:\"reference_customers\";a:1:{i:0;s:37:\"Trung tâm Y tế khu vực Long Mỹ\";}}i:3;a:10:{s:10:\"product_id\";i:4;s:12:\"product_name\";s:26:\"Phần mềm VNPT RIS-PACS\";s:14:\"standard_price\";i:100000000;s:4:\"unit\";N;s:13:\"service_group\";s:7:\"GROUP_B\";s:19:\"service_group_label\";s:19:\"Dịch vụ nhóm B\";s:6:\"reason\";s:19:\"Dịch vụ nhóm B\";s:10:\"popularity\";i:1;s:11:\"is_priority\";b:0;s:19:\"reference_customers\";a:1:{i:0;s:37:\"Trung tâm Y tế khu vực Long Mỹ\";}}i:4;a:10:{s:10:\"product_id\";i:5;s:12:\"product_name\";s:36:\"Phần mềm Bệnh án điện tử\";s:14:\"standard_price\";i:100000000;s:4:\"unit\";N;s:13:\"service_group\";s:7:\"GROUP_B\";s:19:\"service_group_label\";s:19:\"Dịch vụ nhóm B\";s:6:\"reason\";s:19:\"Dịch vụ nhóm B\";s:10:\"popularity\";i:1;s:11:\"is_priority\";b:0;s:19:\"reference_customers\";a:1:{i:0;s:37:\"Trung tâm Y tế khu vực Long Mỹ\";}}i:5;a:10:{s:10:\"product_id\";i:6;s:12:\"product_name\";s:17:\"Phần mềm HMIS\";s:14:\"standard_price\";i:990000;s:4:\"unit\";N;s:13:\"service_group\";s:7:\"GROUP_B\";s:19:\"service_group_label\";s:19:\"Dịch vụ nhóm B\";s:6:\"reason\";s:19:\"Dịch vụ nhóm B\";s:10:\"popularity\";i:0;s:11:\"is_priority\";b:0;s:19:\"reference_customers\";a:0:{}}i:6;a:10:{s:10:\"product_id\";i:7;s:12:\"product_name\";s:24:\"Phần mềm VNPT HIS L2\";s:14:\"standard_price\";i:100000000;s:4:\"unit\";N;s:13:\"service_group\";s:7:\"GROUP_B\";s:19:\"service_group_label\";s:19:\"Dịch vụ nhóm B\";s:6:\"reason\";s:19:\"Dịch vụ nhóm B\";s:10:\"popularity\";i:0;s:11:\"is_priority\";b:0;s:19:\"reference_customers\";a:0:{}}i:7;a:10:{s:10:\"product_id\";i:8;s:12:\"product_name\";s:25:\"Phần mềm VNPT HIS 4.0\";s:14:\"standard_price\";i:100000000;s:4:\"unit\";N;s:13:\"service_group\";s:7:\"GROUP_B\";s:19:\"service_group_label\";s:19:\"Dịch vụ nhóm B\";s:6:\"reason\";s:19:\"Dịch vụ nhóm B\";s:10:\"popularity\";i:0;s:11:\"is_priority\";b:0;s:19:\"reference_customers\";a:0:{}}}}}',1774307902),('vnpt-business-management-cache-v5:customer-insight:7:v1','a:1:{s:4:\"data\";a:6:{s:8:\"customer\";a:11:{s:2:\"id\";i:7;s:13:\"customer_code\";s:5:\"93003\";s:13:\"customer_name\";s:37:\"Trung tâm Y tế khu vực Long Mỹ\";s:8:\"tax_code\";s:10:\"0135802471\";s:7:\"address\";N;s:9:\"is_active\";i:1;s:10:\"created_at\";s:19:\"2026-02-25 01:03:51\";s:10:\"created_by\";N;s:10:\"updated_at\";s:19:\"2026-02-25 01:03:51\";s:10:\"updated_by\";N;s:10:\"deleted_at\";N;}s:17:\"contracts_summary\";a:8:{s:10:\"totalCount\";i:1;s:10:\"totalValue\";i:4903195000;s:11:\"activeValue\";i:4903195000;s:8:\"byStatus\";a:1:{s:6:\"SIGNED\";i:1;}s:11:\"total_count\";i:1;s:11:\"total_value\";i:4903195000;s:12:\"active_value\";i:4903195000;s:9:\"by_status\";a:1:{s:6:\"SIGNED\";i:1;}}s:13:\"services_used\";a:4:{i:0;a:6:{s:10:\"product_id\";i:5;s:12:\"product_name\";s:36:\"Phần mềm Bệnh án điện tử\";s:4:\"unit\";N;s:13:\"service_group\";s:7:\"GROUP_B\";s:14:\"contract_count\";i:1;s:11:\"total_value\";d:3300000000.0000005;}i:1;a:6:{s:10:\"product_id\";i:4;s:12:\"product_name\";s:26:\"Phần mềm VNPT RIS-PACS\";s:4:\"unit\";N;s:13:\"service_group\";s:7:\"GROUP_B\";s:14:\"contract_count\";i:1;s:11:\"total_value\";i:1100000000;}i:2;a:6:{s:10:\"product_id\";i:3;s:12:\"product_name\";s:21:\"Phần mềm VNPT LIS\";s:4:\"unit\";N;s:13:\"service_group\";s:7:\"GROUP_B\";s:14:\"contract_count\";i:1;s:11:\"total_value\";i:338195000;}i:3;a:6:{s:10:\"product_id\";i:1;s:12:\"product_name\";s:24:\"Phần mềm VNPT HIS L3\";s:4:\"unit\";s:16:\"Giường bệnh\";s:13:\"service_group\";s:7:\"GROUP_B\";s:14:\"contract_count\";i:1;s:11:\"total_value\";i:165000000;}}s:21:\"opportunities_summary\";a:3:{s:11:\"total_count\";i:1;s:12:\"total_amount\";i:1500000000;s:8:\"by_stage\";a:1:{s:4:\"LEAD\";a:2:{s:5:\"count\";i:1;s:6:\"amount\";i:1500000000;}}}s:11:\"crc_summary\";a:3:{s:11:\"total_cases\";i:0;s:10:\"open_cases\";i:0;s:9:\"by_status\";a:0:{}}s:17:\"upsell_candidates\";a:3:{i:0;a:10:{s:10:\"product_id\";i:11;s:12:\"product_name\";s:22:\"Chữ ký số SmartCA\";s:14:\"standard_price\";i:30000;s:4:\"unit\";s:6:\"Tháng\";s:13:\"service_group\";s:7:\"GROUP_A\";s:19:\"service_group_label\";s:19:\"Dịch vụ nhóm A\";s:6:\"reason\";s:19:\"Dịch vụ nhóm A\";s:10:\"popularity\";i:0;s:11:\"is_priority\";b:1;s:19:\"reference_customers\";a:0:{}}i:1;a:10:{s:10:\"product_id\";i:6;s:12:\"product_name\";s:17:\"Phần mềm HMIS\";s:14:\"standard_price\";i:990000;s:4:\"unit\";N;s:13:\"service_group\";s:7:\"GROUP_B\";s:19:\"service_group_label\";s:19:\"Dịch vụ nhóm B\";s:6:\"reason\";s:19:\"Dịch vụ nhóm B\";s:10:\"popularity\";i:0;s:11:\"is_priority\";b:0;s:19:\"reference_customers\";a:0:{}}i:2;a:10:{s:10:\"product_id\";i:9;s:12:\"product_name\";s:22:\"Chữ ký số SmartCA\";s:14:\"standard_price\";i:10000000000;s:4:\"unit\";N;s:13:\"service_group\";s:7:\"GROUP_B\";s:19:\"service_group_label\";s:19:\"Dịch vụ nhóm B\";s:6:\"reason\";s:19:\"Dịch vụ nhóm B\";s:10:\"popularity\";i:0;s:11:\"is_priority\";b:0;s:19:\"reference_customers\";a:0:{}}}}}',1774325186),('vnpt-business-management-cache-v5:departments:list:v1','a:7:{i:0;a:10:{s:2:\"id\";i:1;s:9:\"dept_code\";s:6:\"TTKDGP\";s:9:\"dept_name\";s:34:\"Trung tâm Kinh doanh Giải pháp\";s:9:\"parent_id\";i:4;s:9:\"dept_path\";s:2:\"1/\";s:6:\"status\";s:6:\"ACTIVE\";s:10:\"created_at\";s:27:\"2026-02-23T08:01:47.000000Z\";s:10:\"updated_at\";s:27:\"2026-03-01T06:47:46.000000Z\";s:6:\"parent\";a:3:{s:2:\"id\";i:4;s:9:\"dept_code\";s:6:\"BGĐVT\";s:9:\"dept_name\";s:30:\"Ban giám đốc Viễn Thông\";}s:9:\"is_active\";b:1;}i:1;a:10:{s:2:\"id\";i:2;s:9:\"dept_code\";s:4:\"PGP2\";s:9:\"dept_name\";s:21:\"Phòng giải Pháp 2\";s:9:\"parent_id\";i:1;s:9:\"dept_path\";s:4:\"1/2/\";s:6:\"status\";s:6:\"ACTIVE\";s:10:\"created_at\";s:27:\"2026-02-23T08:01:47.000000Z\";s:10:\"updated_at\";s:27:\"2026-03-01T07:09:55.000000Z\";s:6:\"parent\";a:3:{s:2:\"id\";i:1;s:9:\"dept_code\";s:6:\"TTKDGP\";s:9:\"dept_name\";s:34:\"Trung tâm Kinh doanh Giải pháp\";}s:9:\"is_active\";b:1;}i:2;a:10:{s:2:\"id\";i:3;s:9:\"dept_code\";s:3:\"TTH\";s:9:\"dept_name\";s:17:\"Tổ tổng hợp\";s:9:\"parent_id\";i:1;s:9:\"dept_path\";s:4:\"1/3/\";s:6:\"status\";s:6:\"ACTIVE\";s:10:\"created_at\";s:27:\"2026-02-23T08:01:47.000000Z\";s:10:\"updated_at\";s:27:\"2026-03-01T07:12:58.000000Z\";s:6:\"parent\";a:3:{s:2:\"id\";i:1;s:9:\"dept_code\";s:6:\"TTKDGP\";s:9:\"dept_name\";s:34:\"Trung tâm Kinh doanh Giải pháp\";}s:9:\"is_active\";b:1;}i:3;a:10:{s:2:\"id\";i:4;s:9:\"dept_code\";s:6:\"BGĐVT\";s:9:\"dept_name\";s:30:\"Ban giám đốc Viễn Thông\";s:9:\"parent_id\";N;s:9:\"dept_path\";s:2:\"4/\";s:6:\"status\";s:6:\"ACTIVE\";s:10:\"created_at\";s:27:\"2026-02-25T06:12:43.000000Z\";s:10:\"updated_at\";s:27:\"2026-02-25T13:12:43.000000Z\";s:6:\"parent\";N;s:9:\"is_active\";b:1;}i:4;a:10:{s:2:\"id\";i:5;s:9:\"dept_code\";s:4:\"PGP1\";s:9:\"dept_name\";s:21:\"Phòng Giải pháp 1\";s:9:\"parent_id\";i:1;s:9:\"dept_path\";s:4:\"1/5/\";s:6:\"status\";s:6:\"ACTIVE\";s:10:\"created_at\";s:27:\"2026-03-01T07:13:38.000000Z\";s:10:\"updated_at\";s:27:\"2026-03-01T07:13:38.000000Z\";s:6:\"parent\";a:3:{s:2:\"id\";i:1;s:9:\"dept_code\";s:6:\"TTKDGP\";s:9:\"dept_name\";s:34:\"Trung tâm Kinh doanh Giải pháp\";}s:9:\"is_active\";b:1;}i:5;a:10:{s:2:\"id\";i:6;s:9:\"dept_code\";s:3:\"PKT\";s:9:\"dept_name\";s:17:\"Phòng Kế toán\";s:9:\"parent_id\";i:4;s:9:\"dept_path\";s:4:\"4/6/\";s:6:\"status\";s:6:\"ACTIVE\";s:10:\"created_at\";s:27:\"2026-03-01T07:13:54.000000Z\";s:10:\"updated_at\";s:27:\"2026-03-01T07:13:54.000000Z\";s:6:\"parent\";a:3:{s:2:\"id\";i:4;s:9:\"dept_code\";s:6:\"BGĐVT\";s:9:\"dept_name\";s:30:\"Ban giám đốc Viễn Thông\";}s:9:\"is_active\";b:1;}i:6;a:10:{s:2:\"id\";i:7;s:9:\"dept_code\";s:4:\"VTNK\";s:9:\"dept_name\";s:16:\"VNPT Ninh Kiều\";s:9:\"parent_id\";i:4;s:9:\"dept_path\";s:4:\"4/7/\";s:6:\"status\";s:6:\"ACTIVE\";s:10:\"created_at\";s:27:\"2026-03-22T14:53:36.000000Z\";s:10:\"updated_at\";s:27:\"2026-03-22T14:53:36.000000Z\";s:6:\"parent\";a:3:{s:2:\"id\";i:4;s:9:\"dept_code\";s:6:\"BGĐVT\";s:9:\"dept_name\";s:30:\"Ban giám đốc Viễn Thông\";}s:9:\"is_active\";b:1;}}',1774360120),('vnpt-business-management-cache-v5:products:list:v1','a:46:{i:0;a:16:{s:2:\"id\";i:5;s:13:\"service_group\";s:7:\"GROUP_B\";s:12:\"product_code\";s:8:\"VNPT_EMR\";s:12:\"product_name\";s:36:\"Phần mềm Bệnh án điện tử\";s:12:\"package_name\";s:17:\"Số lượng 100\";s:9:\"domain_id\";i:3;s:9:\"vendor_id\";i:1;s:14:\"standard_price\";d:535000;s:4:\"unit\";s:10:\"Bệnh án\";s:11:\"description\";N;s:9:\"is_active\";b:1;s:10:\"created_at\";s:19:\"2026-03-02 02:13:05\";s:10:\"created_by\";i:9;s:10:\"updated_at\";s:19:\"2026-03-24 08:51:04\";s:10:\"updated_by\";i:9;s:11:\"attachments\";a:0:{}}i:1;a:16:{s:2:\"id\";i:18;s:13:\"service_group\";s:7:\"GROUP_B\";s:12:\"product_code\";s:15:\"Gói VNPT-HIS-1\";s:12:\"product_name\";s:21:\"Phần mềm VNPT-HIS\";s:12:\"package_name\";s:15:\"Gói VNPT-HIS-1\";s:9:\"domain_id\";i:3;s:9:\"vendor_id\";i:1;s:14:\"standard_price\";d:1500000;s:4:\"unit\";s:4:\"Gói\";s:11:\"description\";s:26:\"Đến 10 giường bệnh\";s:9:\"is_active\";b:1;s:10:\"created_at\";s:19:\"2026-03-24 08:51:25\";s:10:\"created_by\";i:9;s:10:\"updated_at\";s:19:\"2026-03-24 08:51:25\";s:10:\"updated_by\";i:9;s:11:\"attachments\";a:0:{}}i:2;a:16:{s:2:\"id\";i:19;s:13:\"service_group\";s:7:\"GROUP_B\";s:12:\"product_code\";s:15:\"Gói VNPT-HIS-2\";s:12:\"product_name\";s:21:\"Phần mềm VNPT-HIS\";s:12:\"package_name\";s:15:\"Gói VNPT-HIS-2\";s:9:\"domain_id\";i:3;s:9:\"vendor_id\";i:1;s:14:\"standard_price\";d:3500000;s:4:\"unit\";s:4:\"Gói\";s:11:\"description\";s:34:\"Từ 10 Đến 50 giường bệnh\";s:9:\"is_active\";b:1;s:10:\"created_at\";s:19:\"2026-03-24 08:51:25\";s:10:\"created_by\";i:9;s:10:\"updated_at\";s:19:\"2026-03-24 08:51:25\";s:10:\"updated_by\";i:9;s:11:\"attachments\";a:0:{}}i:3;a:16:{s:2:\"id\";i:20;s:13:\"service_group\";s:7:\"GROUP_B\";s:12:\"product_code\";s:15:\"Gói VNPT-HIS-3\";s:12:\"product_name\";s:21:\"Phần mềm VNPT-HIS\";s:12:\"package_name\";s:15:\"Gói VNPT-HIS-3\";s:9:\"domain_id\";i:3;s:9:\"vendor_id\";i:1;s:14:\"standard_price\";d:10000000;s:4:\"unit\";s:4:\"Gói\";s:11:\"description\";s:35:\"Từ 50 Đến 100 giường bệnh\";s:9:\"is_active\";b:1;s:10:\"created_at\";s:19:\"2026-03-24 08:51:25\";s:10:\"created_by\";i:9;s:10:\"updated_at\";s:19:\"2026-03-24 08:51:25\";s:10:\"updated_by\";i:9;s:11:\"attachments\";a:0:{}}i:4;a:16:{s:2:\"id\";i:21;s:13:\"service_group\";s:7:\"GROUP_B\";s:12:\"product_code\";s:15:\"Gói VNPT-HIS-4\";s:12:\"product_name\";s:21:\"Phần mềm VNPT-HIS\";s:12:\"package_name\";s:15:\"Gói VNPT-HIS-4\";s:9:\"domain_id\";i:3;s:9:\"vendor_id\";i:1;s:14:\"standard_price\";d:15000000;s:4:\"unit\";s:4:\"Gói\";s:11:\"description\";s:36:\"Từ 100 Đến 200 giường bệnh\";s:9:\"is_active\";b:1;s:10:\"created_at\";s:19:\"2026-03-24 08:51:25\";s:10:\"created_by\";i:9;s:10:\"updated_at\";s:19:\"2026-03-24 08:51:25\";s:10:\"updated_by\";i:9;s:11:\"attachments\";a:0:{}}i:5;a:16:{s:2:\"id\";i:22;s:13:\"service_group\";s:7:\"GROUP_B\";s:12:\"product_code\";s:15:\"Gói VNPT-HIS-5\";s:12:\"product_name\";s:21:\"Phần mềm VNPT-HIS\";s:12:\"package_name\";s:15:\"Gói VNPT-HIS-5\";s:9:\"domain_id\";i:3;s:9:\"vendor_id\";i:1;s:14:\"standard_price\";d:22000000;s:4:\"unit\";s:4:\"Gói\";s:11:\"description\";s:36:\"Từ 200 Đến 300 giường bệnh\";s:9:\"is_active\";b:1;s:10:\"created_at\";s:19:\"2026-03-24 08:51:25\";s:10:\"created_by\";i:9;s:10:\"updated_at\";s:19:\"2026-03-24 08:51:25\";s:10:\"updated_by\";i:9;s:11:\"attachments\";a:0:{}}i:6;a:16:{s:2:\"id\";i:23;s:13:\"service_group\";s:7:\"GROUP_B\";s:12:\"product_code\";s:15:\"Gói VNPT-HIS-6\";s:12:\"product_name\";s:21:\"Phần mềm VNPT-HIS\";s:12:\"package_name\";s:15:\"Gói VNPT-HIS-6\";s:9:\"domain_id\";i:3;s:9:\"vendor_id\";i:1;s:14:\"standard_price\";d:37000000;s:4:\"unit\";s:4:\"Gói\";s:11:\"description\";s:36:\"Từ 300 Đến 500 giường bệnh\";s:9:\"is_active\";b:1;s:10:\"created_at\";s:19:\"2026-03-24 08:51:25\";s:10:\"created_by\";i:9;s:10:\"updated_at\";s:19:\"2026-03-24 08:51:25\";s:10:\"updated_by\";i:9;s:11:\"attachments\";a:0:{}}i:7;a:16:{s:2:\"id\";i:24;s:13:\"service_group\";s:7:\"GROUP_B\";s:12:\"product_code\";s:14:\"VNPT HIS KG 01\";s:12:\"product_name\";s:38:\"Phần mềm VNPT-HIS không giường\";s:12:\"package_name\";s:14:\"VNPT HIS KG 01\";s:9:\"domain_id\";i:3;s:9:\"vendor_id\";i:1;s:14:\"standard_price\";d:600000;s:4:\"unit\";s:11:\"CSYT/tháng\";s:11:\"description\";s:59:\"Số lượng lượt khám tối đa/tháng <1.500 lượt\";s:9:\"is_active\";b:1;s:10:\"created_at\";s:19:\"2026-03-24 08:51:25\";s:10:\"created_by\";i:9;s:10:\"updated_at\";s:19:\"2026-03-24 08:51:25\";s:10:\"updated_by\";i:9;s:11:\"attachments\";a:0:{}}i:8;a:16:{s:2:\"id\";i:25;s:13:\"service_group\";s:7:\"GROUP_B\";s:12:\"product_code\";s:14:\"VNPT HIS KG 02\";s:12:\"product_name\";s:38:\"Phần mềm VNPT-HIS không giường\";s:12:\"package_name\";s:14:\"VNPT HIS KG 02\";s:9:\"domain_id\";i:3;s:9:\"vendor_id\";i:1;s:14:\"standard_price\";d:1000000;s:4:\"unit\";s:11:\"CSYT/tháng\";s:11:\"description\";s:76:\"Số lượng lượt khám tối đa/tháng từ 1.500 đến 3.000 lượt\";s:9:\"is_active\";b:1;s:10:\"created_at\";s:19:\"2026-03-24 08:51:25\";s:10:\"created_by\";i:9;s:10:\"updated_at\";s:19:\"2026-03-24 08:51:25\";s:10:\"updated_by\";i:9;s:11:\"attachments\";a:0:{}}i:9;a:16:{s:2:\"id\";i:26;s:13:\"service_group\";s:7:\"GROUP_B\";s:12:\"product_code\";s:14:\"VNPT HIS KG 03\";s:12:\"product_name\";s:38:\"Phần mềm VNPT-HIS không giường\";s:12:\"package_name\";s:14:\"VNPT HIS KG 03\";s:9:\"domain_id\";i:3;s:9:\"vendor_id\";i:1;s:14:\"standard_price\";d:1400000;s:4:\"unit\";s:11:\"CSYT/tháng\";s:11:\"description\";s:76:\"Số lượng lượt khám tối đa/tháng từ 3.000 đến 6.000 lượt\";s:9:\"is_active\";b:1;s:10:\"created_at\";s:19:\"2026-03-24 08:51:26\";s:10:\"created_by\";i:9;s:10:\"updated_at\";s:19:\"2026-03-24 08:51:26\";s:10:\"updated_by\";i:9;s:11:\"attachments\";a:0:{}}i:10;a:16:{s:2:\"id\";i:27;s:13:\"service_group\";s:7:\"GROUP_B\";s:12:\"product_code\";s:14:\"VNPT HIS KG 04\";s:12:\"product_name\";s:38:\"Phần mềm VNPT-HIS không giường\";s:12:\"package_name\";s:14:\"VNPT HIS KG 04\";s:9:\"domain_id\";i:3;s:9:\"vendor_id\";i:1;s:14:\"standard_price\";d:1800000;s:4:\"unit\";s:11:\"CSYT/tháng\";s:11:\"description\";s:76:\"Số lượng lượt khám tối đa/tháng từ 6.000 đến 9.000 lượt\";s:9:\"is_active\";b:1;s:10:\"created_at\";s:19:\"2026-03-24 08:51:26\";s:10:\"created_by\";i:9;s:10:\"updated_at\";s:19:\"2026-03-24 08:51:26\";s:10:\"updated_by\";i:9;s:11:\"attachments\";a:0:{}}i:11;a:16:{s:2:\"id\";i:28;s:13:\"service_group\";s:7:\"GROUP_B\";s:12:\"product_code\";s:14:\"VNPT HIS KG 05\";s:12:\"product_name\";s:38:\"Phần mềm VNPT-HIS không giường\";s:12:\"package_name\";s:14:\"VNPT HIS KG 05\";s:9:\"domain_id\";i:3;s:9:\"vendor_id\";i:1;s:14:\"standard_price\";d:2200000;s:4:\"unit\";s:11:\"CSYT/tháng\";s:11:\"description\";s:77:\"Số lượng lượt khám tối đa/tháng từ 9.000 đến 12.000 lượt\";s:9:\"is_active\";b:1;s:10:\"created_at\";s:19:\"2026-03-24 08:51:26\";s:10:\"created_by\";i:9;s:10:\"updated_at\";s:19:\"2026-03-24 08:51:26\";s:10:\"updated_by\";i:9;s:11:\"attachments\";a:0:{}}i:12;a:16:{s:2:\"id\";i:29;s:13:\"service_group\";s:7:\"GROUP_B\";s:12:\"product_code\";s:14:\"VNPT HIS KG 06\";s:12:\"product_name\";s:38:\"Phần mềm VNPT-HIS không giường\";s:12:\"package_name\";s:14:\"VNPT HIS KG 06\";s:9:\"domain_id\";i:3;s:9:\"vendor_id\";i:1;s:14:\"standard_price\";d:2600000;s:4:\"unit\";s:11:\"CSYT/tháng\";s:11:\"description\";s:78:\"Số lượng lượt khám tối đa/tháng từ 12.000 đến 15.000 lượt\";s:9:\"is_active\";b:1;s:10:\"created_at\";s:19:\"2026-03-24 08:51:26\";s:10:\"created_by\";i:9;s:10:\"updated_at\";s:19:\"2026-03-24 08:51:26\";s:10:\"updated_by\";i:9;s:11:\"attachments\";a:0:{}}i:13;a:16:{s:2:\"id\";i:30;s:13:\"service_group\";s:7:\"GROUP_B\";s:12:\"product_code\";s:14:\"VNPT HIS KG 07\";s:12:\"product_name\";s:38:\"Phần mềm VNPT-HIS không giường\";s:12:\"package_name\";s:14:\"VNPT HIS KG 07\";s:9:\"domain_id\";i:3;s:9:\"vendor_id\";i:1;s:14:\"standard_price\";d:3000000;s:4:\"unit\";s:11:\"CSYT/tháng\";s:11:\"description\";s:78:\"Số lượng lượt khám tối đa/tháng từ 15.000 đến 18.000 lượt\";s:9:\"is_active\";b:1;s:10:\"created_at\";s:19:\"2026-03-24 08:51:26\";s:10:\"created_by\";i:9;s:10:\"updated_at\";s:19:\"2026-03-24 08:51:26\";s:10:\"updated_by\";i:9;s:11:\"attachments\";a:0:{}}i:14;a:16:{s:2:\"id\";i:31;s:13:\"service_group\";s:7:\"GROUP_B\";s:12:\"product_code\";s:17:\"Thuê dịch vụ\";s:12:\"product_name\";s:22:\"Phần mềm VNPT-HMIS\";s:12:\"package_name\";s:17:\"Thuê dịch vụ\";s:9:\"domain_id\";i:3;s:9:\"vendor_id\";i:1;s:14:\"standard_price\";d:313636;s:4:\"unit\";s:11:\"CSYT/tháng\";s:11:\"description\";s:31:\"VNĐ/tháng/CSYT phường, xã\";s:9:\"is_active\";b:1;s:10:\"created_at\";s:19:\"2026-03-24 08:51:26\";s:10:\"created_by\";i:9;s:10:\"updated_at\";s:19:\"2026-03-24 08:51:26\";s:10:\"updated_by\";i:9;s:11:\"attachments\";a:0:{}}i:15;a:16:{s:2:\"id\";i:32;s:13:\"service_group\";s:7:\"GROUP_B\";s:12:\"product_code\";s:28:\"Mua chọn gói phần mềm\";s:12:\"product_name\";s:46:\"Phần mềm quản lý xét nghiệm VNPT LIS\";s:12:\"package_name\";s:28:\"Mua chọn gói phần mềm\";s:9:\"domain_id\";i:3;s:9:\"vendor_id\";i:1;s:14:\"standard_price\";d:30000000;s:4:\"unit\";s:4:\"Máy\";s:11:\"description\";s:63:\"Chưa bao gồm hạ tầng máy chủ cài đặt phần mềm\";s:9:\"is_active\";b:1;s:10:\"created_at\";s:19:\"2026-03-24 08:51:26\";s:10:\"created_by\";i:9;s:10:\"updated_at\";s:19:\"2026-03-24 08:51:26\";s:10:\"updated_by\";i:9;s:11:\"attachments\";a:0:{}}i:16;a:16:{s:2:\"id\";i:33;s:13:\"service_group\";s:7:\"GROUP_B\";s:12:\"product_code\";s:17:\"Số lượng 500\";s:12:\"product_name\";s:32:\"Bệnh án điện tử VNPT EMR\";s:12:\"package_name\";s:17:\"Số lượng 500\";s:9:\"domain_id\";i:3;s:9:\"vendor_id\";i:1;s:14:\"standard_price\";d:2675000;s:4:\"unit\";s:10:\"Bệnh án\";s:11:\"description\";s:28:\"Lưu hồ sơ 500 bệnh án\";s:9:\"is_active\";b:1;s:10:\"created_at\";s:19:\"2026-03-24 08:51:26\";s:10:\"created_by\";i:9;s:10:\"updated_at\";s:19:\"2026-03-24 08:51:26\";s:10:\"updated_by\";i:9;s:11:\"attachments\";a:0:{}}i:17;a:16:{s:2:\"id\";i:34;s:13:\"service_group\";s:7:\"GROUP_B\";s:12:\"product_code\";s:19:\"Số lượng 5.000\";s:12:\"product_name\";s:32:\"Bệnh án điện tử VNPT EMR\";s:12:\"package_name\";s:19:\"Số lượng 5.000\";s:9:\"domain_id\";i:3;s:9:\"vendor_id\";i:1;s:14:\"standard_price\";d:26750000;s:4:\"unit\";s:10:\"Bệnh án\";s:11:\"description\";s:30:\"Lưu hồ sơ 5.000 bệnh án\";s:9:\"is_active\";b:1;s:10:\"created_at\";s:19:\"2026-03-24 08:51:26\";s:10:\"created_by\";i:9;s:10:\"updated_at\";s:19:\"2026-03-24 08:51:26\";s:10:\"updated_by\";i:9;s:11:\"attachments\";a:0:{}}i:18;a:16:{s:2:\"id\";i:35;s:13:\"service_group\";s:7:\"GROUP_B\";s:12:\"product_code\";s:20:\"Số lượng 10.000\";s:12:\"product_name\";s:32:\"Bệnh án điện tử VNPT EMR\";s:12:\"package_name\";s:20:\"Số lượng 10.000\";s:9:\"domain_id\";i:3;s:9:\"vendor_id\";i:1;s:14:\"standard_price\";d:53500000;s:4:\"unit\";s:10:\"Bệnh án\";s:11:\"description\";s:31:\"Lưu hồ sơ 10.000 bệnh án\";s:9:\"is_active\";b:1;s:10:\"created_at\";s:19:\"2026-03-24 08:51:26\";s:10:\"created_by\";i:9;s:10:\"updated_at\";s:19:\"2026-03-24 08:51:26\";s:10:\"updated_by\";i:9;s:11:\"attachments\";a:0:{}}i:19;a:16:{s:2:\"id\";i:36;s:13:\"service_group\";s:7:\"GROUP_B\";s:12:\"product_code\";s:20:\"Số lượng 50.000\";s:12:\"product_name\";s:32:\"Bệnh án điện tử VNPT EMR\";s:12:\"package_name\";s:20:\"Số lượng 50.000\";s:9:\"domain_id\";i:3;s:9:\"vendor_id\";i:1;s:14:\"standard_price\";d:267500000;s:4:\"unit\";s:10:\"Bệnh án\";s:11:\"description\";s:31:\"Lưu hồ sơ 50.000 bệnh án\";s:9:\"is_active\";b:1;s:10:\"created_at\";s:19:\"2026-03-24 08:51:26\";s:10:\"created_by\";i:9;s:10:\"updated_at\";s:19:\"2026-03-24 08:51:26\";s:10:\"updated_by\";i:9;s:11:\"attachments\";a:0:{}}i:20;a:16:{s:2:\"id\";i:37;s:13:\"service_group\";s:7:\"GROUP_B\";s:12:\"product_code\";s:4:\"V100\";s:12:\"product_name\";s:57:\"Ứng dụng chăm sóc sức khỏe người dân VnCare\";s:12:\"package_name\";s:4:\"V100\";s:9:\"domain_id\";i:3;s:9:\"vendor_id\";i:1;s:14:\"standard_price\";d:363636;s:4:\"unit\";s:21:\"Lượt đặt lịch\";s:11:\"description\";s:57:\"Sản lượng tối đa 100 lượt đặt lịch/tháng\";s:9:\"is_active\";b:1;s:10:\"created_at\";s:19:\"2026-03-24 08:51:26\";s:10:\"created_by\";i:9;s:10:\"updated_at\";s:19:\"2026-03-24 08:51:26\";s:10:\"updated_by\";i:9;s:11:\"attachments\";a:0:{}}i:21;a:16:{s:2:\"id\";i:38;s:13:\"service_group\";s:7:\"GROUP_B\";s:12:\"product_code\";s:5:\"V1000\";s:12:\"product_name\";s:57:\"Ứng dụng chăm sóc sức khỏe người dân VnCare\";s:12:\"package_name\";s:5:\"V1000\";s:9:\"domain_id\";i:3;s:9:\"vendor_id\";i:1;s:14:\"standard_price\";d:3636364;s:4:\"unit\";s:21:\"Lượt đặt lịch\";s:11:\"description\";s:59:\"Sản lượng tối đa 1.000 lượt đặt lịch/tháng\";s:9:\"is_active\";b:1;s:10:\"created_at\";s:19:\"2026-03-24 08:51:26\";s:10:\"created_by\";i:9;s:10:\"updated_at\";s:19:\"2026-03-24 08:51:26\";s:10:\"updated_by\";i:9;s:11:\"attachments\";a:0:{}}i:22;a:16:{s:2:\"id\";i:39;s:13:\"service_group\";s:7:\"GROUP_B\";s:12:\"product_code\";s:34:\"Mua thêm 25 lượt đặt lịch\";s:12:\"product_name\";s:57:\"Ứng dụng chăm sóc sức khỏe người dân VnCare\";s:12:\"package_name\";s:34:\"Mua thêm 25 lượt đặt lịch\";s:9:\"domain_id\";i:3;s:9:\"vendor_id\";i:1;s:14:\"standard_price\";d:90909;s:4:\"unit\";s:21:\"Lượt đặt lịch\";s:11:\"description\";s:56:\"Sản lượng tối đa 25 lượt đặt lịch/ Block\";s:9:\"is_active\";b:1;s:10:\"created_at\";s:19:\"2026-03-24 08:51:27\";s:10:\"created_by\";i:9;s:10:\"updated_at\";s:19:\"2026-03-24 08:51:27\";s:10:\"updated_by\";i:9;s:11:\"attachments\";a:0:{}}i:23;a:16:{s:2:\"id\";i:40;s:13:\"service_group\";s:7:\"GROUP_B\";s:12:\"product_code\";s:11:\"HSSK 50.000\";s:12:\"product_name\";s:54:\"Phần mềm hồ sơ sức khỏe cá nhân VNPT HSSK\";s:12:\"package_name\";s:11:\"HSSK 50.000\";s:9:\"domain_id\";i:3;s:9:\"vendor_id\";i:1;s:14:\"standard_price\";d:3600000;s:4:\"unit\";s:8:\"Hồ sơ\";s:11:\"description\";s:40:\"Sản lượng tối đa 50.000 hồ sơ\";s:9:\"is_active\";b:1;s:10:\"created_at\";s:19:\"2026-03-24 08:51:27\";s:10:\"created_by\";i:9;s:10:\"updated_at\";s:19:\"2026-03-24 08:51:27\";s:10:\"updated_by\";i:9;s:11:\"attachments\";a:0:{}}i:24;a:16:{s:2:\"id\";i:41;s:13:\"service_group\";s:7:\"GROUP_B\";s:12:\"product_code\";s:12:\"HSSK 100.000\";s:12:\"product_name\";s:54:\"Phần mềm hồ sơ sức khỏe cá nhân VNPT HSSK\";s:12:\"package_name\";s:12:\"HSSK 100.000\";s:9:\"domain_id\";i:3;s:9:\"vendor_id\";i:1;s:14:\"standard_price\";d:7200000;s:4:\"unit\";s:8:\"Hồ sơ\";s:11:\"description\";s:41:\"Sản lượng tối đa 100.000 hồ sơ\";s:9:\"is_active\";b:1;s:10:\"created_at\";s:19:\"2026-03-24 08:51:27\";s:10:\"created_by\";i:9;s:10:\"updated_at\";s:19:\"2026-03-24 08:51:27\";s:10:\"updated_by\";i:9;s:11:\"attachments\";a:0:{}}i:25;a:16:{s:2:\"id\";i:42;s:13:\"service_group\";s:7:\"GROUP_B\";s:12:\"product_code\";s:12:\"HSSK 200.000\";s:12:\"product_name\";s:54:\"Phần mềm hồ sơ sức khỏe cá nhân VNPT HSSK\";s:12:\"package_name\";s:12:\"HSSK 200.000\";s:9:\"domain_id\";i:3;s:9:\"vendor_id\";i:1;s:14:\"standard_price\";d:14400000;s:4:\"unit\";s:8:\"Hồ sơ\";s:11:\"description\";s:41:\"Sản lượng tối đa 200.000 hồ sơ\";s:9:\"is_active\";b:1;s:10:\"created_at\";s:19:\"2026-03-24 08:51:27\";s:10:\"created_by\";i:9;s:10:\"updated_at\";s:19:\"2026-03-24 08:51:27\";s:10:\"updated_by\";i:9;s:11:\"attachments\";a:0:{}}i:26;a:16:{s:2:\"id\";i:43;s:13:\"service_group\";s:7:\"GROUP_B\";s:12:\"product_code\";s:12:\"HSSK 500.000\";s:12:\"product_name\";s:54:\"Phần mềm hồ sơ sức khỏe cá nhân VNPT HSSK\";s:12:\"package_name\";s:12:\"HSSK 500.000\";s:9:\"domain_id\";i:3;s:9:\"vendor_id\";i:1;s:14:\"standard_price\";d:36000000;s:4:\"unit\";s:8:\"Hồ sơ\";s:11:\"description\";s:41:\"Sản lượng tối đa 500.000 hồ sơ\";s:9:\"is_active\";b:1;s:10:\"created_at\";s:19:\"2026-03-24 08:51:27\";s:10:\"created_by\";i:9;s:10:\"updated_at\";s:19:\"2026-03-24 08:51:27\";s:10:\"updated_by\";i:9;s:11:\"attachments\";a:0:{}}i:27;a:16:{s:2:\"id\";i:44;s:13:\"service_group\";s:7:\"GROUP_B\";s:12:\"product_code\";s:14:\"HSSK 1.000.000\";s:12:\"product_name\";s:54:\"Phần mềm hồ sơ sức khỏe cá nhân VNPT HSSK\";s:12:\"package_name\";s:14:\"HSSK 1.000.000\";s:9:\"domain_id\";i:3;s:9:\"vendor_id\";i:1;s:14:\"standard_price\";d:72000000;s:4:\"unit\";s:8:\"Hồ sơ\";s:11:\"description\";s:43:\"Sản lượng tối đa 1.000.000 hồ sơ\";s:9:\"is_active\";b:1;s:10:\"created_at\";s:19:\"2026-03-24 08:51:27\";s:10:\"created_by\";i:9;s:10:\"updated_at\";s:19:\"2026-03-24 08:51:27\";s:10:\"updated_by\";i:9;s:11:\"attachments\";a:0:{}}i:28;a:16:{s:2:\"id\";i:45;s:13:\"service_group\";s:7:\"GROUP_B\";s:12:\"product_code\";s:11:\"Block 5.000\";s:12:\"product_name\";s:54:\"Phần mềm hồ sơ sức khỏe cá nhân VNPT HSSK\";s:12:\"package_name\";s:11:\"Block 5.000\";s:9:\"domain_id\";i:3;s:9:\"vendor_id\";i:1;s:14:\"standard_price\";d:360000;s:4:\"unit\";s:8:\"Hồ sơ\";s:11:\"description\";s:39:\"Sản lượng tối đa 5.000 hồ sơ\";s:9:\"is_active\";b:1;s:10:\"created_at\";s:19:\"2026-03-24 08:51:27\";s:10:\"created_by\";i:9;s:10:\"updated_at\";s:19:\"2026-03-24 08:51:27\";s:10:\"updated_by\";i:9;s:11:\"attachments\";a:0:{}}i:29;a:16:{s:2:\"id\";i:46;s:13:\"service_group\";s:7:\"GROUP_B\";s:12:\"product_code\";s:12:\"Block 10.000\";s:12:\"product_name\";s:54:\"Phần mềm hồ sơ sức khỏe cá nhân VNPT HSSK\";s:12:\"package_name\";s:12:\"Block 10.000\";s:9:\"domain_id\";i:3;s:9:\"vendor_id\";i:1;s:14:\"standard_price\";d:720000;s:4:\"unit\";s:8:\"Hồ sơ\";s:11:\"description\";s:40:\"Sản lượng tối đa 10.000 hồ sơ\";s:9:\"is_active\";b:1;s:10:\"created_at\";s:19:\"2026-03-24 08:56:06\";s:10:\"created_by\";i:9;s:10:\"updated_at\";s:19:\"2026-03-24 08:56:06\";s:10:\"updated_by\";i:9;s:11:\"attachments\";a:0:{}}i:30;a:16:{s:2:\"id\";i:47;s:13:\"service_group\";s:7:\"GROUP_B\";s:12:\"product_code\";s:5:\"R_MIN\";s:12:\"product_name\";s:71:\"Hệ thống thông tin chuẩn đoán hình ảnh y khoa VNPT RIS/PACS\";s:12:\"package_name\";s:5:\"R_MIN\";s:9:\"domain_id\";i:3;s:9:\"vendor_id\";i:1;s:14:\"standard_price\";d:600000;s:4:\"unit\";s:9:\"Ca chụp\";s:11:\"description\";s:34:\"Từ 0 đến 150 ca chụp/tháng\";s:9:\"is_active\";b:1;s:10:\"created_at\";s:19:\"2026-03-24 08:56:06\";s:10:\"created_by\";i:9;s:10:\"updated_at\";s:19:\"2026-03-24 08:56:06\";s:10:\"updated_by\";i:9;s:11:\"attachments\";a:0:{}}i:31;a:16:{s:2:\"id\";i:48;s:13:\"service_group\";s:7:\"GROUP_B\";s:12:\"product_code\";s:19:\"Ca chụp thứ 151\";s:12:\"product_name\";s:71:\"Hệ thống thông tin chuẩn đoán hình ảnh y khoa VNPT RIS/PACS\";s:12:\"package_name\";s:19:\"Ca chụp thứ 151\";s:9:\"domain_id\";i:3;s:9:\"vendor_id\";i:1;s:14:\"standard_price\";d:4000;s:4:\"unit\";s:9:\"Ca chụp\";s:11:\"description\";s:29:\"Ca chụp từ 151 trở lên\";s:9:\"is_active\";b:1;s:10:\"created_at\";s:19:\"2026-03-24 08:56:06\";s:10:\"created_by\";i:9;s:10:\"updated_at\";s:19:\"2026-03-24 08:56:06\";s:10:\"updated_by\";i:9;s:11:\"attachments\";a:0:{}}i:32;a:16:{s:2:\"id\";i:49;s:13:\"service_group\";s:7:\"GROUP_B\";s:12:\"product_code\";s:5:\"P_MIN\";s:12:\"product_name\";s:62:\"Thuê máy chủ ảo lưu hình ảnh DICOM (VNPT CLOUD PACS)\";s:12:\"package_name\";s:5:\"P_MIN\";s:9:\"domain_id\";i:3;s:9:\"vendor_id\";i:1;s:14:\"standard_price\";d:909091;s:4:\"unit\";s:31:\"Ca chụp phát sinh lưu trữ\";s:11:\"description\";s:34:\"Từ 0 đến 500 ca chụp/tháng\";s:9:\"is_active\";b:1;s:10:\"created_at\";s:19:\"2026-03-24 08:56:06\";s:10:\"created_by\";i:9;s:10:\"updated_at\";s:19:\"2026-03-24 08:56:06\";s:10:\"updated_by\";i:9;s:11:\"attachments\";a:0:{}}i:33;a:16:{s:2:\"id\";i:50;s:13:\"service_group\";s:7:\"GROUP_B\";s:12:\"product_code\";s:19:\"Ca chụp thứ 501\";s:12:\"product_name\";s:62:\"Thuê máy chủ ảo lưu hình ảnh DICOM (VNPT CLOUD PACS)\";s:12:\"package_name\";s:19:\"Ca chụp thứ 501\";s:9:\"domain_id\";i:3;s:9:\"vendor_id\";i:1;s:14:\"standard_price\";d:1818;s:4:\"unit\";s:31:\"Ca chụp phát sinh lưu trữ\";s:11:\"description\";s:34:\"Đơn giá áp dụng năm thứ 1\";s:9:\"is_active\";b:1;s:10:\"created_at\";s:19:\"2026-03-24 08:56:06\";s:10:\"created_by\";i:9;s:10:\"updated_at\";s:19:\"2026-03-24 08:56:06\";s:10:\"updated_by\";i:9;s:11:\"attachments\";a:0:{}}i:34;a:16:{s:2:\"id\";i:51;s:13:\"service_group\";s:7:\"GROUP_A\";s:12:\"product_code\";s:50:\"SmartCA Nhân viên –\nY tế cơ bản 12 tháng\";s:12:\"product_name\";s:51:\"VNPT SmartCA dành cho Bác sỹ/ Cán bộ y tế:\";s:12:\"package_name\";s:50:\"SmartCA Nhân viên –\nY tế cơ bản 12 tháng\";s:9:\"domain_id\";i:9;s:9:\"vendor_id\";i:1;s:14:\"standard_price\";d:200000;s:4:\"unit\";s:4:\"Gói\";s:11:\"description\";s:51:\"Gói SmartCA nhân viên y tế cơ bản 12 tháng\";s:9:\"is_active\";b:1;s:10:\"created_at\";s:19:\"2026-03-24 08:58:29\";s:10:\"created_by\";i:9;s:10:\"updated_at\";s:19:\"2026-03-24 08:58:29\";s:10:\"updated_by\";i:9;s:11:\"attachments\";a:0:{}}i:35;a:16:{s:2:\"id\";i:52;s:13:\"service_group\";s:7:\"GROUP_A\";s:12:\"product_code\";s:50:\"SmartCA Nhân viên –\nY tế cơ bản 24 tháng\";s:12:\"product_name\";s:51:\"VNPT SmartCA dành cho Bác sỹ/ Cán bộ y tế:\";s:12:\"package_name\";s:50:\"SmartCA Nhân viên –\nY tế cơ bản 24 tháng\";s:9:\"domain_id\";i:9;s:9:\"vendor_id\";i:1;s:14:\"standard_price\";d:350000;s:4:\"unit\";s:4:\"Gói\";s:11:\"description\";s:51:\"Gói SmartCA nhân viên y tế cơ bản 24 tháng\";s:9:\"is_active\";b:1;s:10:\"created_at\";s:19:\"2026-03-24 08:58:29\";s:10:\"created_by\";i:9;s:10:\"updated_at\";s:19:\"2026-03-24 08:58:29\";s:10:\"updated_by\";i:9;s:11:\"attachments\";a:0:{}}i:36;a:16:{s:2:\"id\";i:53;s:13:\"service_group\";s:7:\"GROUP_A\";s:12:\"product_code\";s:50:\"SmartCA Nhân viên –\nY tế cơ bản 36 tháng\";s:12:\"product_name\";s:51:\"VNPT SmartCA dành cho Bác sỹ/ Cán bộ y tế:\";s:12:\"package_name\";s:50:\"SmartCA Nhân viên –\nY tế cơ bản 36 tháng\";s:9:\"domain_id\";i:9;s:9:\"vendor_id\";i:1;s:14:\"standard_price\";d:500000;s:4:\"unit\";s:4:\"Gói\";s:11:\"description\";s:51:\"Gói SmartCA nhân viên y tế cơ bản 36 tháng\";s:9:\"is_active\";b:1;s:10:\"created_at\";s:19:\"2026-03-24 08:58:29\";s:10:\"created_by\";i:9;s:10:\"updated_at\";s:19:\"2026-03-24 08:58:29\";s:10:\"updated_by\";i:9;s:11:\"attachments\";a:0:{}}i:37;a:16:{s:2:\"id\";i:54;s:13:\"service_group\";s:7:\"GROUP_A\";s:12:\"product_code\";s:50:\"SmartCA Nhân viên –\nY tế nâng cao 12 tháng\";s:12:\"product_name\";s:51:\"VNPT SmartCA dành cho Bác sỹ/ Cán bộ y tế:\";s:12:\"package_name\";s:50:\"SmartCA Nhân viên –\nY tế nâng cao 12 tháng\";s:9:\"domain_id\";i:9;s:9:\"vendor_id\";i:1;s:14:\"standard_price\";d:400000;s:4:\"unit\";s:4:\"Gói\";s:11:\"description\";s:51:\"Gói SmartCA nhân viên y tế nâng cao 12 tháng\";s:9:\"is_active\";b:1;s:10:\"created_at\";s:19:\"2026-03-24 08:58:29\";s:10:\"created_by\";i:9;s:10:\"updated_at\";s:19:\"2026-03-24 08:58:29\";s:10:\"updated_by\";i:9;s:11:\"attachments\";a:0:{}}i:38;a:16:{s:2:\"id\";i:55;s:13:\"service_group\";s:7:\"GROUP_A\";s:12:\"product_code\";s:50:\"SmartCA Nhân viên –\nY tế nâng cao 24 tháng\";s:12:\"product_name\";s:50:\"VNPT SmartCA dành cho Bác sỹ/ Cán bộ y tế\";s:12:\"package_name\";s:50:\"SmartCA Nhân viên –\nY tế nâng cao 24 tháng\";s:9:\"domain_id\";i:9;s:9:\"vendor_id\";i:1;s:14:\"standard_price\";d:700000;s:4:\"unit\";s:4:\"Gói\";s:11:\"description\";s:51:\"Gói SmartCA nhân viên y tế nâng cao 24 tháng\";s:9:\"is_active\";b:1;s:10:\"created_at\";s:19:\"2026-03-24 08:58:29\";s:10:\"created_by\";i:9;s:10:\"updated_at\";s:19:\"2026-03-24 09:05:23\";s:10:\"updated_by\";i:9;s:11:\"attachments\";a:0:{}}i:39;a:16:{s:2:\"id\";i:56;s:13:\"service_group\";s:7:\"GROUP_A\";s:12:\"product_code\";s:50:\"SmartCA Nhân viên –\nY tế nâng cao 36 tháng\";s:12:\"product_name\";s:51:\"VNPT SmartCA dành cho Bác sỹ/ Cán bộ y tế:\";s:12:\"package_name\";s:50:\"SmartCA Nhân viên –\nY tế nâng cao 36 tháng\";s:9:\"domain_id\";i:9;s:9:\"vendor_id\";i:1;s:14:\"standard_price\";d:1000000;s:4:\"unit\";s:4:\"Gói\";s:11:\"description\";s:51:\"Gói SmartCA nhân viên y tế nâng cao 36 tháng\";s:9:\"is_active\";b:1;s:10:\"created_at\";s:19:\"2026-03-24 08:58:29\";s:10:\"created_by\";i:9;s:10:\"updated_at\";s:19:\"2026-03-24 08:58:29\";s:10:\"updated_by\";i:9;s:11:\"attachments\";a:0:{}}i:40;a:16:{s:2:\"id\";i:57;s:13:\"service_group\";s:7:\"GROUP_A\";s:12:\"product_code\";s:53:\"SmartCA Doanh nghiệp –\nY tế cơ bản 12 tháng\";s:12:\"product_name\";s:54:\"VNPT SmartCA dành cho Bệnh viện/ cơ sở y tế:\";s:12:\"package_name\";s:53:\"SmartCA Doanh nghiệp –\nY tế cơ bản 12 tháng\";s:9:\"domain_id\";i:9;s:9:\"vendor_id\";i:1;s:14:\"standard_price\";d:1157272.73;s:4:\"unit\";s:4:\"Gói\";s:11:\"description\";s:54:\"Gói SmartCA Doanh nghiệp y tế cơ bản 12 tháng\";s:9:\"is_active\";b:1;s:10:\"created_at\";s:19:\"2026-03-24 08:58:29\";s:10:\"created_by\";i:9;s:10:\"updated_at\";s:19:\"2026-03-24 08:58:29\";s:10:\"updated_by\";i:9;s:11:\"attachments\";a:0:{}}i:41;a:16:{s:2:\"id\";i:58;s:13:\"service_group\";s:7:\"GROUP_A\";s:12:\"product_code\";s:53:\"SmartCA Doanh nghiệp –\nY tế cơ bản 24 tháng\";s:12:\"product_name\";s:54:\"VNPT SmartCA dành cho Bệnh viện/ cơ sở y tế:\";s:12:\"package_name\";s:53:\"SmartCA Doanh nghiệp –\nY tế cơ bản 24 tháng\";s:9:\"domain_id\";i:9;s:9:\"vendor_id\";i:1;s:14:\"standard_price\";d:1990909.09;s:4:\"unit\";s:4:\"Gói\";s:11:\"description\";s:54:\"Gói SmartCA Doanh nghiệp y tế cơ bản 24 tháng\";s:9:\"is_active\";b:1;s:10:\"created_at\";s:19:\"2026-03-24 08:58:29\";s:10:\"created_by\";i:9;s:10:\"updated_at\";s:19:\"2026-03-24 08:58:29\";s:10:\"updated_by\";i:9;s:11:\"attachments\";a:0:{}}i:42;a:16:{s:2:\"id\";i:59;s:13:\"service_group\";s:7:\"GROUP_A\";s:12:\"product_code\";s:53:\"SmartCA Doanh nghiệp –\nY tế cơ bản 36 tháng\";s:12:\"product_name\";s:54:\"VNPT SmartCA dành cho Bệnh viện/ cơ sở y tế:\";s:12:\"package_name\";s:53:\"SmartCA Doanh nghiệp –\nY tế cơ bản 36 tháng\";s:9:\"domain_id\";i:9;s:9:\"vendor_id\";i:1;s:14:\"standard_price\";d:2647272.73;s:4:\"unit\";s:4:\"Gói\";s:11:\"description\";s:54:\"Gói SmartCA Doanh nghiệp y tế cơ bản 36 tháng\";s:9:\"is_active\";b:1;s:10:\"created_at\";s:19:\"2026-03-24 08:58:29\";s:10:\"created_by\";i:9;s:10:\"updated_at\";s:19:\"2026-03-24 08:58:29\";s:10:\"updated_by\";i:9;s:11:\"attachments\";a:0:{}}i:43;a:16:{s:2:\"id\";i:60;s:13:\"service_group\";s:7:\"GROUP_A\";s:12:\"product_code\";s:53:\"SmartCA Doanh nghiệp –\nY tế nâng cao 12 tháng\";s:12:\"product_name\";s:54:\"VNPT SmartCA dành cho Bệnh viện/ cơ sở y tế:\";s:12:\"package_name\";s:53:\"SmartCA Doanh nghiệp –\nY tế nâng cao 12 tháng\";s:9:\"domain_id\";i:9;s:9:\"vendor_id\";i:1;s:14:\"standard_price\";d:3000000;s:4:\"unit\";s:4:\"Gói\";s:11:\"description\";s:54:\"Gói SmartCA Doanh nghiệp y tế nâng cao 12 tháng\";s:9:\"is_active\";b:1;s:10:\"created_at\";s:19:\"2026-03-24 08:58:29\";s:10:\"created_by\";i:9;s:10:\"updated_at\";s:19:\"2026-03-24 08:58:29\";s:10:\"updated_by\";i:9;s:11:\"attachments\";a:0:{}}i:44;a:16:{s:2:\"id\";i:61;s:13:\"service_group\";s:7:\"GROUP_A\";s:12:\"product_code\";s:53:\"SmartCA Doanh nghiệp –\nY tế nâng cao 24 tháng\";s:12:\"product_name\";s:54:\"VNPT SmartCA dành cho Bệnh viện/ cơ sở y tế:\";s:12:\"package_name\";s:53:\"SmartCA Doanh nghiệp –\nY tế nâng cao 24 tháng\";s:9:\"domain_id\";i:9;s:9:\"vendor_id\";i:1;s:14:\"standard_price\";d:4800000;s:4:\"unit\";s:4:\"Gói\";s:11:\"description\";s:54:\"Gói SmartCA Doanh nghiệp y tế nâng cao 24 tháng\";s:9:\"is_active\";b:1;s:10:\"created_at\";s:19:\"2026-03-24 08:58:29\";s:10:\"created_by\";i:9;s:10:\"updated_at\";s:19:\"2026-03-24 08:58:29\";s:10:\"updated_by\";i:9;s:11:\"attachments\";a:0:{}}i:45;a:16:{s:2:\"id\";i:62;s:13:\"service_group\";s:7:\"GROUP_A\";s:12:\"product_code\";s:53:\"SmartCA Doanh nghiệp –\nY tế nâng cao 36 tháng\";s:12:\"product_name\";s:54:\"VNPT SmartCA dành cho Bệnh viện/ cơ sở y tế:\";s:12:\"package_name\";s:53:\"SmartCA Doanh nghiệp –\nY tế nâng cao 36 tháng\";s:9:\"domain_id\";i:9;s:9:\"vendor_id\";i:1;s:14:\"standard_price\";d:6000000;s:4:\"unit\";s:4:\"Gói\";s:11:\"description\";s:54:\"Gói SmartCA Doanh nghiệp y tế nâng cao 36 tháng\";s:9:\"is_active\";b:1;s:10:\"created_at\";s:19:\"2026-03-24 08:58:29\";s:10:\"created_by\";i:9;s:10:\"updated_at\";s:19:\"2026-03-24 08:58:29\";s:10:\"updated_by\";i:9;s:11:\"attachments\";a:0:{}}}',1774364743);
/*!40000 ALTER TABLE `cache` ENABLE KEYS */;
UNLOCK TABLES;

--
-- Table structure for table `cache_invalidation_queue`
--

DROP TABLE IF EXISTS `cache_invalidation_queue`;
/*!40101 SET @saved_cs_client     = @@character_set_client */;
/*!50503 SET character_set_client = utf8mb4 */;
CREATE TABLE `cache_invalidation_queue` (
  `id` bigint unsigned NOT NULL AUTO_INCREMENT,
  `cache_key` varchar(100) CHARACTER SET utf8mb4 COLLATE utf8mb4_unicode_ci NOT NULL COMMENT 'VD: perm:123',
  `queued_at` timestamp NOT NULL DEFAULT CURRENT_TIMESTAMP,
  `processed` tinyint(1) NOT NULL DEFAULT '0',
  PRIMARY KEY (`id`),
  KEY `idx_ciq_unprocessed` (`processed`,`queued_at`)
) ENGINE=InnoDB DEFAULT CHARSET=utf8mb4 COLLATE=utf8mb4_unicode_ci COMMENT='Bảng 7: Hàng đợi làm mới cache phân quyền';
/*!40101 SET character_set_client = @saved_cs_client */;

--
-- Dumping data for table `cache_invalidation_queue`
--

LOCK TABLES `cache_invalidation_queue` WRITE;
/*!40000 ALTER TABLE `cache_invalidation_queue` DISABLE KEYS */;
/*!40000 ALTER TABLE `cache_invalidation_queue` ENABLE KEYS */;
UNLOCK TABLES;

--
-- Table structure for table `cache_locks`
--

DROP TABLE IF EXISTS `cache_locks`;
/*!40101 SET @saved_cs_client     = @@character_set_client */;
/*!50503 SET character_set_client = utf8mb4 */;
CREATE TABLE `cache_locks` (
  `key` varchar(255) CHARACTER SET utf8mb4 COLLATE utf8mb4_unicode_ci NOT NULL,
  `owner` varchar(255) CHARACTER SET utf8mb4 COLLATE utf8mb4_unicode_ci NOT NULL,
  `expiration` int NOT NULL,
  PRIMARY KEY (`key`)
) ENGINE=InnoDB DEFAULT CHARSET=utf8mb4 COLLATE=utf8mb4_unicode_ci COMMENT='Bảng 3: Quản lý khóa tài nguyên';
/*!40101 SET character_set_client = @saved_cs_client */;

--
-- Dumping data for table `cache_locks`
--

LOCK TABLES `cache_locks` WRITE;
/*!40000 ALTER TABLE `cache_locks` DISABLE KEYS */;
/*!40000 ALTER TABLE `cache_locks` ENABLE KEYS */;
UNLOCK TABLES;

--
-- Table structure for table `contract_items`
--

DROP TABLE IF EXISTS `contract_items`;
/*!40101 SET @saved_cs_client     = @@character_set_client */;
/*!50503 SET character_set_client = utf8mb4 */;
CREATE TABLE `contract_items` (
  `id` bigint unsigned NOT NULL AUTO_INCREMENT,
  `contract_id` bigint unsigned NOT NULL,
  `product_id` bigint unsigned NOT NULL,
  `quantity` decimal(12,2) NOT NULL DEFAULT '1.00',
  `unit_price` decimal(15,2) NOT NULL DEFAULT '0.00',
  `vat_rate` decimal(5,2) DEFAULT NULL,
  `vat_amount` decimal(18,2) DEFAULT NULL,
  `created_by` bigint unsigned DEFAULT NULL,
  `updated_by` bigint unsigned DEFAULT NULL,
  `created_at` timestamp NULL DEFAULT NULL,
  `updated_at` timestamp NULL DEFAULT NULL,
  PRIMARY KEY (`id`),
  UNIQUE KEY `uq_ci_contract_product` (`contract_id`,`product_id`),
  KEY `idx_ci_contract` (`contract_id`),
  KEY `fk_ci_product` (`product_id`),
  KEY `idx_ci_product_contract` (`product_id`,`contract_id`),
  CONSTRAINT `fk_ci_contract` FOREIGN KEY (`contract_id`) REFERENCES `contracts` (`id`) ON DELETE CASCADE,
  CONSTRAINT `fk_ci_product` FOREIGN KEY (`product_id`) REFERENCES `products` (`id`)
) ENGINE=InnoDB AUTO_INCREMENT=9 DEFAULT CHARSET=utf8mb4 COLLATE=utf8mb4_0900_ai_ci;
/*!40101 SET character_set_client = @saved_cs_client */;

--
-- Dumping data for table `contract_items`
--

LOCK TABLES `contract_items` WRITE;
/*!40000 ALTER TABLE `contract_items` DISABLE KEYS */;
INSERT INTO `contract_items` VALUES (5,4,1,1.00,150000000.00,NULL,NULL,9,9,'2026-03-23 12:10:55','2026-03-23 12:10:55'),(6,4,3,559.00,550000.00,NULL,NULL,9,9,'2026-03-23 12:10:55','2026-03-23 12:10:55'),(7,4,4,10.00,100000000.00,NULL,NULL,9,9,'2026-03-23 12:10:55','2026-03-23 12:10:55'),(8,4,5,30.00,100000000.00,NULL,NULL,9,9,'2026-03-23 12:10:55','2026-03-23 12:10:55');
/*!40000 ALTER TABLE `contract_items` ENABLE KEYS */;
UNLOCK TABLES;

--
-- Table structure for table `contracts`
--

DROP TABLE IF EXISTS `contracts`;
/*!40101 SET @saved_cs_client     = @@character_set_client */;
/*!50503 SET character_set_client = utf8mb4 */;
CREATE TABLE `contracts` (
  `id` bigint unsigned NOT NULL AUTO_INCREMENT,
  `contract_code` varchar(100) CHARACTER SET utf8mb4 COLLATE utf8mb4_unicode_ci DEFAULT NULL,
  `contract_name` varchar(255) CHARACTER SET utf8mb4 COLLATE utf8mb4_unicode_ci NOT NULL,
  `project_id` bigint unsigned NOT NULL,
  `customer_id` bigint unsigned NOT NULL,
  `sign_date` date NOT NULL,
  `effective_date` date DEFAULT NULL,
  `expiry_date` date DEFAULT NULL,
  `total_value` decimal(18,2) NOT NULL DEFAULT '0.00',
  `status` enum('DRAFT','SIGNED','RENEWED') CHARACTER SET utf8mb4 COLLATE utf8mb4_unicode_ci DEFAULT 'DRAFT',
  `dept_id` bigint unsigned DEFAULT NULL COMMENT 'Sở hữu dữ liệu',
  `created_at` timestamp NULL DEFAULT CURRENT_TIMESTAMP,
  `created_by` bigint unsigned DEFAULT NULL,
  `updated_at` timestamp NULL DEFAULT NULL ON UPDATE CURRENT_TIMESTAMP,
  `updated_by` bigint unsigned DEFAULT NULL,
  `deleted_at` timestamp NULL DEFAULT NULL,
  `term_unit` varchar(10) CHARACTER SET utf8mb4 COLLATE utf8mb4_unicode_ci DEFAULT NULL,
  `term_value` decimal(10,2) DEFAULT NULL,
  `expiry_date_manual_override` tinyint(1) NOT NULL DEFAULT '0',
  `payment_cycle` varchar(32) CHARACTER SET utf8mb4 COLLATE utf8mb4_unicode_ci NOT NULL DEFAULT 'ONCE',
  `parent_contract_id` bigint unsigned DEFAULT NULL COMMENT 'FK → contracts.id — HĐ gốc của phụ lục này',
  `addendum_type` varchar(32) COLLATE utf8mb4_unicode_ci DEFAULT NULL COMMENT 'EXTENSION | AMENDMENT | LIQUIDATION',
  `gap_days` int DEFAULT NULL COMMENT 'gap≤0=EARLY, gap=1=CONTINUOUS, gap>1=GAP. diffInDays(expiry, effective). NULL khi thiếu dates',
  `continuity_status` varchar(32) COLLATE utf8mb4_unicode_ci DEFAULT 'STANDALONE' COMMENT 'STANDALONE | EARLY(gap≤0) | CONTINUOUS(gap=1) | GAP(gap>1)',
  `penalty_rate` decimal(5,4) DEFAULT NULL COMMENT 'Tỷ lệ giảm thanh toán (0.0500 = 5%). NULL = không phạt',
  PRIMARY KEY (`id`),
  UNIQUE KEY `contract_code` (`contract_code`),
  KEY `idx_cont_status_exp` (`status`,`expiry_date`),
  KEY `fk_cont_proj_link` (`project_id`),
  KEY `fk_cont_cust_link` (`customer_id`),
  KEY `idx_contracts_dept_id` (`dept_id`),
  KEY `idx_cont_cust_del` (`customer_id`,`deleted_at`),
  KEY `idx_cont_cust_insight` (`customer_id`,`deleted_at`,`status`,`total_value`),
  KEY `idx_contracts_parent` (`parent_contract_id`),
  CONSTRAINT `fk_cont_cust_link` FOREIGN KEY (`customer_id`) REFERENCES `customers` (`id`) ON DELETE RESTRICT,
  CONSTRAINT `fk_cont_proj_link` FOREIGN KEY (`project_id`) REFERENCES `projects` (`id`),
  CONSTRAINT `fk_contracts_dept_id` FOREIGN KEY (`dept_id`) REFERENCES `departments` (`id`) ON DELETE SET NULL,
  CONSTRAINT `fk_contracts_parent` FOREIGN KEY (`parent_contract_id`) REFERENCES `contracts` (`id`) ON DELETE RESTRICT,
  CONSTRAINT `chk_contract_effective_not_before_sign` CHECK (((`sign_date` is null) or (`effective_date` is null) or (`effective_date` >= `sign_date`))),
  CONSTRAINT `chk_contract_expiry_not_before_sign` CHECK (((`sign_date` is null) or (`expiry_date` is null) or (`expiry_date` >= `sign_date`))),
  CONSTRAINT `chk_contract_required_dates_non_draft` CHECK (((upper(coalesce(`status`,_utf8mb4'DRAFT')) in (_utf8mb4'DRAFT',_utf8mb4'PENDING')) or ((`effective_date` is not null) and (`expiry_date` is not null))))
) ENGINE=InnoDB AUTO_INCREMENT=5 DEFAULT CHARSET=utf8mb4 COLLATE=utf8mb4_unicode_ci COMMENT='Bảng 30: Hợp đồng kinh tế';
/*!40101 SET character_set_client = @saved_cs_client */;

--
-- Dumping data for table `contracts`
--

LOCK TABLES `contracts` WRITE;
/*!40000 ALTER TABLE `contracts` DISABLE KEYS */;
INSERT INTO `contracts` VALUES (1,'HD001','Hợp đồng triển khai VNPT HIS',1,1,'2026-01-15','2026-01-15','2028-01-14',150000000.00,'DRAFT',2,'2026-02-23 08:16:35',NULL,'2026-03-19 08:09:09',9,NULL,'MONTH',24.00,0,'QUARTERLY',NULL,NULL,NULL,'STANDALONE',NULL),(2,'HD002','Hợp đồng dịch vụ SOC',2,2,'2026-02-20','2026-02-20','2026-12-20',80000000.00,'SIGNED',2,'2026-02-23 08:16:35',NULL,'2026-02-27 02:49:40',1,NULL,NULL,NULL,0,'ONCE',NULL,NULL,NULL,'STANDALONE',NULL),(3,'HĐ001','Tên Hợp đồng 001',98,16,'2026-03-01','2026-03-01','2028-02-29',150000000.00,'DRAFT',NULL,'2026-03-01 10:23:32',1,'2026-03-19 12:35:19',9,NULL,'MONTH',24.00,0,'QUARTERLY',NULL,NULL,NULL,'STANDALONE',NULL),(4,'HD-VNPT-LONGMY','Triển khai bệnh án điện tử',91,7,'2026-03-23','2026-03-23','2027-03-22',4457450000.00,'SIGNED',NULL,'2026-03-23 12:10:35',9,'2026-03-23 13:00:55',9,NULL,'MONTH',12.00,0,'QUARTERLY',NULL,NULL,NULL,'STANDALONE',NULL);
/*!40000 ALTER TABLE `contracts` ENABLE KEYS */;
UNLOCK TABLES;

--
-- Table structure for table `customer_personnel`
--

DROP TABLE IF EXISTS `customer_personnel`;
/*!40101 SET @saved_cs_client     = @@character_set_client */;
/*!50503 SET character_set_client = utf8mb4 */;
CREATE TABLE `customer_personnel` (
  `id` bigint unsigned NOT NULL AUTO_INCREMENT,
  `customer_id` bigint unsigned NOT NULL,
  `full_name` varchar(100) CHARACTER SET utf8mb4 COLLATE utf8mb4_unicode_ci NOT NULL,
  `date_of_birth` date DEFAULT NULL,
  `position_type` varchar(50) CHARACTER SET utf8mb4 COLLATE utf8mb4_unicode_ci NOT NULL,
  `position_id` bigint unsigned DEFAULT NULL,
  `phone` varchar(20) CHARACTER SET utf8mb4 COLLATE utf8mb4_unicode_ci DEFAULT NULL,
  `email` varchar(100) CHARACTER SET utf8mb4 COLLATE utf8mb4_unicode_ci DEFAULT NULL,
  `status` enum('ACTIVE','INACTIVE') CHARACTER SET utf8mb4 COLLATE utf8mb4_unicode_ci NOT NULL DEFAULT 'ACTIVE',
  `created_at` timestamp NULL DEFAULT CURRENT_TIMESTAMP,
  `created_by` bigint unsigned DEFAULT NULL,
  `updated_at` timestamp NULL DEFAULT NULL ON UPDATE CURRENT_TIMESTAMP,
  `updated_by` bigint unsigned DEFAULT NULL,
  `deleted_at` timestamp NULL DEFAULT NULL,
  PRIMARY KEY (`id`),
  KEY `fk_cust_pers_owner` (`customer_id`),
  KEY `idx_customer_personnel_position_id` (`position_id`),
  KEY `idx_customer_personnel_deleted_at` (`deleted_at`),
  KEY `idx_customer_personnel_status` (`status`),
  CONSTRAINT `fk_cust_pers_owner` FOREIGN KEY (`customer_id`) REFERENCES `customers` (`id`) ON DELETE CASCADE,
  CONSTRAINT `fk_customer_personnel_position` FOREIGN KEY (`position_id`) REFERENCES `support_contact_positions` (`id`) ON DELETE SET NULL
) ENGINE=InnoDB AUTO_INCREMENT=131 DEFAULT CHARSET=utf8mb4 COLLATE=utf8mb4_unicode_ci COMMENT='Bảng 26: Đầu mối liên hệ khách hàng';
/*!40101 SET character_set_client = @saved_cs_client */;

--
-- Dumping data for table `customer_personnel`
--

LOCK TABLES `customer_personnel` WRITE;
/*!40000 ALTER TABLE `customer_personnel` DISABLE KEYS */;
INSERT INTO `customer_personnel` VALUES (1,1,'Nguyễn Văn A','1990-02-10','DAU_MOI',3,'0912345678','nguyenvana@vietcombank.com.vn','ACTIVE','2026-03-01 10:23:32',NULL,'2026-03-24 13:19:57',NULL,'2026-03-24 13:19:57'),(2,2,'Trần Thị B',NULL,'DAU_MOI',3,'0987654321','tranthib@petrolimex.com.vn','ACTIVE','2026-03-01 10:23:32',NULL,'2026-03-24 13:20:00',NULL,'2026-03-24 13:20:00'),(3,3,'Hồ Sơn Tùng','1988-10-20','DAU_MOI',3,'0900000003','contact.93007@vnpt.local','ACTIVE','2026-02-25 10:33:20',NULL,'2026-03-02 07:09:31',NULL,NULL),(4,4,'Nguyễn Minh Tuấn','1999-12-12','DAU_MOI',3,'0900000004','tuanmn.93008@gmail.com','ACTIVE','2026-02-25 10:33:20',NULL,'2026-03-02 07:09:31',NULL,NULL),(5,5,'Đầu mối Bệnh viện Phổi Hậu Giang',NULL,'DAU_MOI',3,'0900000005','contact.93100@vnpt.local','ACTIVE','2026-03-01 10:23:32',NULL,'2026-03-02 07:09:31',NULL,NULL),(6,6,'Đầu mối Trung tâm Y tế khu vực Vị Thủy','1997-09-07','DAU_MOI',3,'0900000006','dunv@gmail.com','ACTIVE','2026-02-25 10:33:20',NULL,'2026-03-02 07:09:31',NULL,NULL),(7,7,'Đầu mối Trung tâm Y tế khu vực Long Mỹ',NULL,'DAU_MOI',3,'0900000007','contact.93003@vnpt.local','ACTIVE','2026-03-01 10:23:32',NULL,'2026-03-02 07:09:31',NULL,NULL),(8,8,'Đầu mối Trung tâm Y tế khu vực Phụng Hiệp',NULL,'DAU_MOI',3,'0900000008','contact.93004@vnpt.local','ACTIVE','2026-02-25 10:33:20',NULL,'2026-03-02 07:09:31',NULL,NULL),(9,9,'Đầu mối Phòng khám đa khoa KV Kinh Cùng',NULL,'DAU_MOI',3,'0900000009','contact.93089@vnpt.local','ACTIVE','2026-02-25 10:33:20',NULL,'2026-03-02 07:09:31',NULL,NULL),(10,10,'Đầu mối Phòng khám đa khoa KV Búng Tàu',NULL,'DAU_MOI',3,'0900000010','contact.93090@vnpt.local','ACTIVE','2026-02-25 10:33:20',NULL,'2026-03-02 07:09:31',NULL,NULL),(11,11,'Đầu mối Trung tâm Y tế Thành phố Ngã Bảy',NULL,'DAU_MOI',3,'0900000011','contact.93108@vnpt.local','ACTIVE','2026-02-25 10:33:20',NULL,'2026-03-02 07:09:31',NULL,NULL),(12,12,'Đầu mối Trung tâm Y tế Khu vực Châu Thành',NULL,'DAU_MOI',3,'0900000012','contact.93005@vnpt.local','ACTIVE','2026-02-25 10:33:20',NULL,'2026-03-02 07:09:31',NULL,NULL),(13,13,'Đầu mối Trung tâm Y tế khu vực Châu Thành A',NULL,'DAU_MOI',3,'0900000013','contact.93006@vnpt.local','ACTIVE','2026-02-25 10:33:20',NULL,'2026-03-02 07:09:31',NULL,NULL),(14,14,'Đầu mối Bệnh viện đa khoa khu vực Ngã Bảy',NULL,'DAU_MOI',3,'0900000014','contact.93016@vnpt.local','ACTIVE','2026-02-25 10:33:20',NULL,'2026-03-02 07:09:31',NULL,NULL),(15,15,'Đầu mối Trung tâm Y tế Huyện Long Mỹ',NULL,'DAU_MOI',3,'0900000015','contact.93078@vnpt.local','ACTIVE','2026-02-25 10:33:20',NULL,'2026-03-02 07:09:31',NULL,NULL),(16,16,'Đầu mối TT Phòng, Chống HIV/AIDS tỉnh Hậu Giang',NULL,'DAU_MOI',3,'0900000016','contact.93105@vnpt.local','ACTIVE','2026-02-25 10:33:20',NULL,'2026-03-02 07:09:31',NULL,NULL),(17,17,'Đầu mối Phòng khám đa khoa Thiên Tâm',NULL,'DAU_MOI',3,'0900000017','contact.93106@vnpt.local','ACTIVE','2026-02-25 10:33:20',NULL,'2026-03-02 07:09:31',NULL,NULL),(18,18,'Đầu mối Phòng khám đa khoa CARE MEDIC CẦN THƠ',NULL,'DAU_MOI',3,'0900000018','contact.93107@vnpt.local','ACTIVE','2026-02-25 10:33:20',NULL,'2026-03-02 07:09:31',NULL,NULL),(19,19,'Đầu mối Phòng khám đa khoa thuộc Trung tâm Y tế thành phố Vị Thanh',NULL,'DAU_MOI',3,'0900000019','contact.93109@vnpt.local','ACTIVE','2026-02-25 10:33:20',NULL,'2026-03-02 07:09:31',NULL,NULL),(20,20,'Đầu mối PHÒNG KHÁM ĐA KHOA TÂM AN',NULL,'DAU_MOI',3,'0900000020','contact.93122@vnpt.local','ACTIVE','2026-02-25 10:33:20',NULL,'2026-03-02 07:09:31',NULL,NULL),(21,21,'Đầu mối Phòng khám đa khoa Medic Tây Đô',NULL,'DAU_MOI',3,'0900000021','contact.93129@vnpt.local','ACTIVE','2026-02-25 10:33:20',NULL,'2026-03-02 07:09:31',NULL,NULL),(22,22,'Đầu mối Phòng khám đa khoa Tâm Phúc Cần Thơ',NULL,'DAU_MOI',3,'0900000022','contact.93130@vnpt.local','ACTIVE','2026-02-25 10:33:20',NULL,'2026-03-02 07:09:31',NULL,NULL),(23,23,'Đầu mối TTYT Dự phòng Tỉnh Hậu Giang',NULL,'DAU_MOI',3,'0900000023','contact.93457@vnpt.local','ACTIVE','2026-02-25 10:33:20',NULL,'2026-03-02 07:09:31',NULL,NULL),(24,24,'Đầu mối Trạm y tế xã Vị Thủy',NULL,'DAU_MOI',3,'0900000024','contact.93048@vnpt.local','ACTIVE','2026-02-25 10:33:20',NULL,'2026-03-02 07:09:31',NULL,NULL),(25,25,'Đầu mối Trạm Y tế Xã Vị Trung',NULL,'DAU_MOI',3,'0900000025','contact.93049@vnpt.local','ACTIVE','2026-02-25 10:33:20',NULL,'2026-03-02 07:09:31',NULL,NULL),(26,26,'Đầu mối Trạm Y tế Xã Vị Thủy',NULL,'DAU_MOI',3,'0900000026','contact.93050@vnpt.local','ACTIVE','2026-02-25 10:33:20',NULL,'2026-03-02 07:09:31',NULL,NULL),(27,27,'Đầu mối Trạm Y tế Xã Vị Thắng',NULL,'DAU_MOI',3,'0900000027','contact.93051@vnpt.local','ACTIVE','2026-02-25 10:33:20',NULL,'2026-03-02 07:09:31',NULL,NULL),(28,28,'Đầu mối Trạm y tế xã Vĩnh Thuận Đông',NULL,'DAU_MOI',3,'0900000028','contact.93052@vnpt.local','ACTIVE','2026-02-25 10:33:20',NULL,'2026-03-02 07:09:31',NULL,NULL),(29,29,'Đầu mối Trạm Y tế Xã Vĩnh Trung',NULL,'DAU_MOI',3,'0900000029','contact.93053@vnpt.local','ACTIVE','2026-02-25 10:33:20',NULL,'2026-03-02 07:09:31',NULL,NULL),(30,30,'Đầu mối Trạm y tế xã Vĩnh Tường',NULL,'DAU_MOI',3,'0900000030','contact.93054@vnpt.local','ACTIVE','2026-02-25 10:33:20',NULL,'2026-03-02 07:09:31',NULL,NULL),(31,31,'Đầu mối Trạm Y tế Xã Vị Đông',NULL,'DAU_MOI',3,'0900000031','contact.93055@vnpt.local','ACTIVE','2026-02-25 10:33:20',NULL,'2026-03-02 07:09:31',NULL,NULL),(32,32,'Đầu mối Trạm Y tế Xã Vị Bình',NULL,'DAU_MOI',3,'0900000032','contact.93057@vnpt.local','ACTIVE','2026-02-25 10:33:20',NULL,'2026-03-02 07:09:31',NULL,NULL),(33,33,'Đầu mối Trạm y tế xã Vị Thanh 1',NULL,'DAU_MOI',3,'0900000033','contact.93080@vnpt.local','ACTIVE','2026-02-25 10:33:20',NULL,'2026-03-02 07:09:31',NULL,NULL),(34,34,'Đầu mối Trạm Y tế phường Long Bình',NULL,'DAU_MOI',3,'0900000034','contact.93019@vnpt.local','ACTIVE','2026-02-25 10:33:20',NULL,'2026-03-02 07:09:31',NULL,NULL),(35,35,'Đầu mối TYT P. Thuận An (TYT TT Long Mỹ)',NULL,'DAU_MOI',3,'0900000035','contact.93058@vnpt.local','ACTIVE','2026-02-25 10:33:20',NULL,'2026-03-02 07:09:31',NULL,NULL),(36,36,'Đầu mối Trạm Y tế Xã Long Bình',NULL,'DAU_MOI',3,'0900000036','contact.93059@vnpt.local','ACTIVE','2026-02-25 10:33:20',NULL,'2026-03-02 07:09:31',NULL,NULL),(37,37,'Đầu mối Trạm Y tế Xã Long Trị',NULL,'DAU_MOI',3,'0900000037','contact.93060@vnpt.local','ACTIVE','2026-02-25 10:33:20',NULL,'2026-03-02 07:09:31',NULL,NULL),(38,38,'Đầu mối Trạm Y tế phường Long Phú 1',NULL,'DAU_MOI',3,'0900000038','contact.93061@vnpt.local','ACTIVE','2026-02-25 10:33:20',NULL,'2026-03-02 07:09:31',NULL,NULL),(39,39,'Đầu mối Trạm Y tế Xã Thuận Hưng',NULL,'DAU_MOI',3,'0900000039','contact.93062@vnpt.local','ACTIVE','2026-02-25 10:33:20',NULL,'2026-03-02 07:09:31',NULL,NULL),(40,40,'Đầu mối Trạm Y tế Xã Vĩnh Viễn',NULL,'DAU_MOI',3,'0900000040','contact.93064@vnpt.local','ACTIVE','2026-02-25 10:33:20',NULL,'2026-03-02 07:09:31',NULL,NULL),(41,41,'Đầu mối Trạm Y tế Xã Lương Tâm',NULL,'DAU_MOI',3,'0900000041','contact.93065@vnpt.local','ACTIVE','2026-02-25 10:33:20',NULL,'2026-03-02 07:09:31',NULL,NULL),(42,42,'Đầu mối Trạm Y tế xã Xà Phiên',NULL,'DAU_MOI',3,'0900000042','contact.93066@vnpt.local','ACTIVE','2026-02-25 10:33:20',NULL,'2026-03-02 07:09:31',NULL,NULL),(43,43,'Đầu mối Trạm y tế phường Trà Lồng',NULL,'DAU_MOI',3,'0900000043','contact.93092@vnpt.local','ACTIVE','2026-02-25 10:33:20',NULL,'2026-03-02 07:09:31',NULL,NULL),(44,44,'Đầu mối Trạm Y tế Thị trấn Trà Lồng',NULL,'DAU_MOI',3,'0900000044','contact.93093@vnpt.local','ACTIVE','2026-02-25 10:33:20',NULL,'2026-03-02 07:09:31',NULL,NULL),(45,45,'Đầu mối Trạm Y tế Xã Tân Phú',NULL,'DAU_MOI',3,'0900000045','contact.93094@vnpt.local','ACTIVE','2026-02-25 10:33:20',NULL,'2026-03-02 07:09:31',NULL,NULL),(46,46,'Đầu mối Trạm y tế xã Thuận Hòa',NULL,'DAU_MOI',3,'0900000046','contact.93095@vnpt.local','ACTIVE','2026-02-25 10:33:20',NULL,'2026-03-02 07:09:31',NULL,NULL),(47,47,'Đầu mối Trạm Y tế Xã Vĩnh Viễn A',NULL,'DAU_MOI',3,'0900000047','contact.93096@vnpt.local','ACTIVE','2026-02-25 10:33:20',NULL,'2026-03-02 07:09:31',NULL,NULL),(48,48,'Đầu mối Trạm Y tế phường Long Mỹ',NULL,'DAU_MOI',3,'0900000048','contact.93097@vnpt.local','ACTIVE','2026-02-25 10:33:20',NULL,'2026-03-02 07:09:31',NULL,NULL),(49,49,'Đầu mối Trạm Y tế Xã Lương Nghĩa',NULL,'DAU_MOI',3,'0900000049','contact.93098@vnpt.local','ACTIVE','2026-02-25 10:33:20',NULL,'2026-03-02 07:09:31',NULL,NULL),(50,50,'Đầu mối TYT phường Bình Thạnh',NULL,'DAU_MOI',3,'0900000050','contact.93104@vnpt.local','ACTIVE','2026-02-25 10:33:20',NULL,'2026-03-02 07:09:31',NULL,NULL),(51,51,'Đầu mối Trạm Y tế Thị trấn Cây Dương',NULL,'DAU_MOI',3,'0900000051','contact.93035@vnpt.local','ACTIVE','2026-02-25 10:33:20',NULL,'2026-03-02 07:09:31',NULL,NULL),(52,52,'Đầu mối Trạm Y tế Xã Tân Bình',NULL,'DAU_MOI',3,'0900000052','contact.93036@vnpt.local','ACTIVE','2026-02-25 10:33:20',NULL,'2026-03-02 07:09:31',NULL,NULL),(53,53,'Đầu mối Trạm Y tế Xã Bình Thành',NULL,'DAU_MOI',3,'0900000053','contact.93037@vnpt.local','ACTIVE','2026-02-25 10:33:20',NULL,'2026-03-02 07:09:31',NULL,NULL),(54,54,'Đầu mối Trạm Y tế Xã Thạnh Hòa',NULL,'DAU_MOI',3,'0900000054','contact.93038@vnpt.local','ACTIVE','2026-02-25 10:33:20',NULL,'2026-03-02 07:09:31',NULL,NULL),(55,55,'Đầu mối Trạm Y tế Xã Long Thạnh',NULL,'DAU_MOI',3,'0900000055','contact.93039@vnpt.local','ACTIVE','2026-02-25 10:33:20',NULL,'2026-03-02 07:09:31',NULL,NULL),(56,56,'Đầu mối Trạm Y tế Xã Phụng Hiệp',NULL,'DAU_MOI',3,'0900000056','contact.93040@vnpt.local','ACTIVE','2026-02-25 10:33:20',NULL,'2026-03-02 07:09:31',NULL,NULL),(57,57,'Đầu mối Trạm Y tế Xã Hòa Mỹ',NULL,'DAU_MOI',3,'0900000057','contact.93041@vnpt.local','ACTIVE','2026-02-25 10:33:20',NULL,'2026-03-02 07:09:31',NULL,NULL),(58,58,'Đầu mối Trạm Y tế Xã Hòa An',NULL,'DAU_MOI',3,'0900000058','contact.93042@vnpt.local','ACTIVE','2026-02-25 10:33:20',NULL,'2026-03-02 07:09:31',NULL,NULL),(59,59,'Đầu mối Trạm Y tế Xã Phương Bình',NULL,'DAU_MOI',3,'0900000059','contact.93043@vnpt.local','ACTIVE','2026-02-25 10:33:20',NULL,'2026-03-02 07:09:31',NULL,NULL),(60,60,'Đầu mối Trạm Y tế Xã Hiệp Hưng',NULL,'DAU_MOI',3,'0900000060','contact.93044@vnpt.local','ACTIVE','2026-02-25 10:33:20',NULL,'2026-03-02 07:09:31',NULL,NULL),(61,61,'Đầu mối Trạm Y tế Xã Tân Phước Hưng',NULL,'DAU_MOI',3,'0900000061','contact.93045@vnpt.local','ACTIVE','2026-02-25 10:33:20',NULL,'2026-03-02 07:09:31',NULL,NULL),(62,62,'Đầu mối Trạm Y tế Xã Phương Phú',NULL,'DAU_MOI',3,'0900000062','contact.93046@vnpt.local','ACTIVE','2026-02-25 10:33:20',NULL,'2026-03-02 07:09:31',NULL,NULL),(63,63,'Đầu mối Trạm Y tế Xã Tân Long',NULL,'DAU_MOI',3,'0900000063','contact.93047@vnpt.local','ACTIVE','2026-02-25 10:33:20',NULL,'2026-03-02 07:09:31',NULL,NULL),(64,64,'Đầu mối Trạm Y tế Phường Ngã Bảy',NULL,'DAU_MOI',3,'0900000064','contact.93067@vnpt.local','ACTIVE','2026-02-25 10:33:20',NULL,'2026-03-02 07:09:31',NULL,NULL),(65,65,'Đầu mối Trạm Y tế Xã Đại Thành',NULL,'DAU_MOI',3,'0900000065','contact.93071@vnpt.local','ACTIVE','2026-02-25 10:33:20',NULL,'2026-03-02 07:09:31',NULL,NULL),(66,66,'Đầu mối Trạm Y tế Thị trấn Ngã Sáu',NULL,'DAU_MOI',3,'0900000066','contact.93026@vnpt.local','ACTIVE','2026-02-25 10:33:20',NULL,'2026-03-02 07:09:31',NULL,NULL),(67,67,'Đầu mối Trạm Y tế xã Đông Phước',NULL,'DAU_MOI',3,'0900000067','contact.93027@vnpt.local','ACTIVE','2026-02-25 10:33:20',NULL,'2026-03-02 07:09:31',NULL,NULL),(68,68,'Đầu mối Trạm Y tế Xã Phú An',NULL,'DAU_MOI',3,'0900000068','contact.93028@vnpt.local','ACTIVE','2026-02-25 10:33:20',NULL,'2026-03-02 07:09:31',NULL,NULL),(69,69,'Đầu mối Trạm Y tế Xã Đông Phú',NULL,'DAU_MOI',3,'0900000069','contact.93029@vnpt.local','ACTIVE','2026-02-25 10:33:20',NULL,'2026-03-02 07:09:31',NULL,NULL),(70,70,'Đầu mối Trạm Y tế Xã Phú Hữu',NULL,'DAU_MOI',3,'0900000070','contact.93030@vnpt.local','ACTIVE','2026-02-25 10:33:20',NULL,'2026-03-02 07:09:31',NULL,NULL),(71,71,'Đầu mối Trạm Y tế xã Châu Thành',NULL,'DAU_MOI',3,'0900000071','contact.93031@vnpt.local','ACTIVE','2026-02-25 10:33:20',NULL,'2026-03-02 07:09:31',NULL,NULL),(72,72,'Đầu mối Trạm Y tế Xã Đông Phước',NULL,'DAU_MOI',3,'0900000072','contact.93032@vnpt.local','ACTIVE','2026-02-25 10:33:20',NULL,'2026-03-02 07:09:31',NULL,NULL),(73,73,'Đầu mối Trạm Y tế Xã Đông Phước A',NULL,'DAU_MOI',3,'0900000073','contact.93033@vnpt.local','ACTIVE','2026-02-25 10:33:20',NULL,'2026-03-02 07:09:31',NULL,NULL),(74,74,'Đầu mối Phòng khám đa khoa KV Phú Tân',NULL,'DAU_MOI',3,'0900000074','contact.93087@vnpt.local','ACTIVE','2026-02-25 10:33:20',NULL,'2026-03-02 07:09:31',NULL,NULL),(75,75,'Đầu mối Trạm Y tế Thị trấn Một Ngàn',NULL,'DAU_MOI',3,'0900000075','contact.93018@vnpt.local','ACTIVE','2026-02-25 10:33:20',NULL,'2026-03-02 07:09:31',NULL,NULL),(76,76,'Đầu mối Trạm Y tế Trường Long Tây',NULL,'DAU_MOI',3,'0900000076','contact.93020@vnpt.local','ACTIVE','2026-02-25 10:33:20',NULL,'2026-03-02 07:09:31',NULL,NULL),(77,77,'Đầu mối Trạm Y tế Xã Tân Hòa',NULL,'DAU_MOI',3,'0900000077','contact.93022@vnpt.local','ACTIVE','2026-02-25 10:33:20',NULL,'2026-03-02 07:09:31',NULL,NULL),(78,78,'Đầu mối Trạm Y tế Xã Nhơn Nghĩa A',NULL,'DAU_MOI',3,'0900000078','contact.93023@vnpt.local','ACTIVE','2026-02-25 10:33:20',NULL,'2026-03-02 07:09:31',NULL,NULL),(79,79,'Đầu mối Trạm Y tế Xã Thạnh Xuân',NULL,'DAU_MOI',3,'0900000079','contact.93024@vnpt.local','ACTIVE','2026-02-25 10:33:20',NULL,'2026-03-02 07:09:31',NULL,NULL),(80,80,'Đầu mối Trạm Y tế Xã Tân Phú Thạnh',NULL,'DAU_MOI',3,'0900000080','contact.93025@vnpt.local','ACTIVE','2026-02-25 10:33:20',NULL,'2026-03-02 07:09:31',NULL,NULL),(81,81,'Đầu mối Trạm Y tế Bảy Ngàn',NULL,'DAU_MOI',3,'0900000081','contact.93073@vnpt.local','ACTIVE','2026-02-25 10:33:20',NULL,'2026-03-02 07:09:31',NULL,NULL),(82,82,'Đầu mối Trạm y tế thị trấn Rạch Gòi',NULL,'DAU_MOI',3,'0900000082','contact.93083@vnpt.local','ACTIVE','2026-02-25 10:33:20',NULL,'2026-03-02 07:09:31',NULL,NULL),(83,83,'Đầu mối Trạm y tế thị trấn Cái Tắc',NULL,'DAU_MOI',3,'0900000083','contact.93084@vnpt.local','ACTIVE','2026-02-25 10:33:20',NULL,'2026-03-02 07:09:31',NULL,NULL),(84,84,'Đầu mối Trạm Y tế Xã Trường Long A',NULL,'DAU_MOI',3,'0900000084','contact.93086@vnpt.local','ACTIVE','2026-02-25 10:33:20',NULL,'2026-03-02 07:09:31',NULL,NULL),(85,85,'Đầu mối Trạm Y tế Xã Vĩnh Thuận Đông',NULL,'DAU_MOI',3,'0900000085','contact.93063@vnpt.local','ACTIVE','2026-02-25 10:33:20',NULL,'2026-03-02 07:09:31',NULL,NULL),(86,86,'Đầu mối YTCQ Cty TNHH Lộc Tài II',NULL,'DAU_MOI',3,'0900000086','contact.93101@vnpt.local','ACTIVE','2026-02-25 10:33:20',NULL,'2026-03-02 07:09:31',NULL,NULL),(87,87,'Đầu mối Trạm Y tế Phường Lái Hiếu',NULL,'DAU_MOI',3,'0900000087','contact.93068@vnpt.local','ACTIVE','2026-02-25 10:33:20',NULL,'2026-03-02 07:09:31',NULL,NULL),(88,88,'Đầu mối Trạm Y tế Phường Hiệp Thành',NULL,'DAU_MOI',3,'0900000088','contact.93069@vnpt.local','ACTIVE','2026-02-25 10:33:20',NULL,'2026-03-02 07:09:31',NULL,NULL),(89,89,'Đầu mối Trạm Y tế Xã Hiệp Lợi',NULL,'DAU_MOI',3,'0900000089','contact.93070@vnpt.local','ACTIVE','2026-02-25 10:33:20',NULL,'2026-03-02 07:09:31',NULL,NULL),(90,90,'Đầu mối Trạm Y tế Xã Tân Thành',NULL,'DAU_MOI',3,'0900000090','contact.93072@vnpt.local','ACTIVE','2026-02-25 10:33:20',NULL,'2026-03-02 07:09:31',NULL,NULL),(91,91,'Đầu mối Trạm y tế phường Vị Thanh',NULL,'DAU_MOI',3,'0900000091','contact.93009@vnpt.local','ACTIVE','2026-02-25 10:33:20',NULL,'2026-03-02 07:09:31',NULL,NULL),(92,92,'Đầu mối Trạm Y tế Phường III',NULL,'DAU_MOI',3,'0900000092','contact.93010@vnpt.local','ACTIVE','2026-02-25 10:33:20',NULL,'2026-03-02 07:09:31',NULL,NULL),(93,93,'Đầu mối Trạm Y tế Phường IV',NULL,'DAU_MOI',3,'0900000093','contact.93011@vnpt.local','ACTIVE','2026-02-25 10:33:20',NULL,'2026-03-02 07:09:31',NULL,NULL),(94,94,'Đầu mối Trạm Y tế Phường V',NULL,'DAU_MOI',3,'0900000094','contact.93012@vnpt.local','ACTIVE','2026-02-25 10:33:20',NULL,'2026-03-02 07:09:31',NULL,NULL),(95,95,'Đầu mối Trạm Y tế Phường VII',NULL,'DAU_MOI',3,'0900000095','contact.93013@vnpt.local','ACTIVE','2026-02-25 10:33:20',NULL,'2026-03-02 07:09:31',NULL,NULL),(96,96,'Đầu mối Trạm Y tế Phường Vị Tân',NULL,'DAU_MOI',3,'0900000096','contact.93014@vnpt.local','ACTIVE','2026-02-25 10:33:20',NULL,'2026-03-02 07:09:31',NULL,NULL),(97,97,'Đầu mối Trạm Y tế Xã Hỏa Lựu',NULL,'DAU_MOI',3,'0900000097','contact.93015@vnpt.local','ACTIVE','2026-02-25 10:33:20',NULL,'2026-03-02 07:09:31',NULL,NULL),(98,98,'Đầu mối Trạm Y tế Xã Hỏa Tiế渁',NULL,'DAU_MOI',3,'0900000098','contact.93017@vnpt.local','ACTIVE','2026-02-25 10:33:20',NULL,'2026-03-02 07:09:31',NULL,NULL),(130,1,'Smoke Personnel SEC',NULL,'DAU_MOI',3,'0900009999',NULL,'ACTIVE','2026-03-04 05:11:46',NULL,'2026-03-04 05:12:02',NULL,'2026-03-04 05:12:02');
/*!40000 ALTER TABLE `customer_personnel` ENABLE KEYS */;
UNLOCK TABLES;

--
-- Table structure for table `customer_request_analysis`
--

DROP TABLE IF EXISTS `customer_request_analysis`;
/*!40101 SET @saved_cs_client     = @@character_set_client */;
/*!50503 SET character_set_client = utf8mb4 */;
CREATE TABLE `customer_request_analysis` (
  `id` bigint unsigned NOT NULL AUTO_INCREMENT COMMENT 'ID dòng trạng thái',
  `request_case_id` bigint unsigned NOT NULL COMMENT 'Yêu cầu',
  `status_instance_id` bigint unsigned DEFAULT NULL COMMENT 'Instance trạng thái',
  `notes` text COMMENT 'Ghi chú',
  `created_by` bigint unsigned DEFAULT NULL COMMENT 'Người tạo',
  `updated_by` bigint unsigned DEFAULT NULL COMMENT 'Người cập nhật',
  `performer_user_id` bigint unsigned DEFAULT NULL COMMENT 'Người phân tích',
  `analysis_content` text COMMENT 'Nội dung phân tích',
  `analysis_completed_at` datetime DEFAULT NULL COMMENT 'Ngày hoàn thành phân tích',
  `created_at` timestamp NULL DEFAULT NULL,
  `updated_at` timestamp NULL DEFAULT NULL,
  PRIMARY KEY (`id`),
  UNIQUE KEY `uq_crs_836d871bf5_inst` (`status_instance_id`),
  KEY `idx_crs_836d871bf5_case` (`request_case_id`),
  KEY `customer_request_analysis_created_by_index` (`created_by`),
  KEY `customer_request_analysis_updated_by_index` (`updated_by`),
  KEY `customer_request_analysis_performer_user_id_index` (`performer_user_id`),
  CONSTRAINT `fk_crs_836d871bf5_case` FOREIGN KEY (`request_case_id`) REFERENCES `customer_request_cases` (`id`) ON DELETE CASCADE,
  CONSTRAINT `fk_crs_836d871bf5_inst` FOREIGN KEY (`status_instance_id`) REFERENCES `customer_request_status_instances` (`id`) ON DELETE SET NULL,
  CONSTRAINT `fk_customer_request_analysis_created_by` FOREIGN KEY (`created_by`) REFERENCES `internal_users` (`id`) ON DELETE SET NULL,
  CONSTRAINT `fk_customer_request_analysis_performer_user_id` FOREIGN KEY (`performer_user_id`) REFERENCES `internal_users` (`id`) ON DELETE SET NULL,
  CONSTRAINT `fk_customer_request_analysis_updated_by` FOREIGN KEY (`updated_by`) REFERENCES `internal_users` (`id`) ON DELETE SET NULL
) ENGINE=InnoDB DEFAULT CHARSET=utf8mb4 COLLATE=utf8mb4_0900_ai_ci COMMENT='Trạng thái phân tích';
/*!40101 SET character_set_client = @saved_cs_client */;

--
-- Dumping data for table `customer_request_analysis`
--

LOCK TABLES `customer_request_analysis` WRITE;
/*!40000 ALTER TABLE `customer_request_analysis` DISABLE KEYS */;
/*!40000 ALTER TABLE `customer_request_analysis` ENABLE KEYS */;
UNLOCK TABLES;

--
-- Table structure for table `customer_request_cases`
--

DROP TABLE IF EXISTS `customer_request_cases`;
/*!40101 SET @saved_cs_client     = @@character_set_client */;
/*!50503 SET character_set_client = utf8mb4 */;
CREATE TABLE `customer_request_cases` (
  `id` bigint unsigned NOT NULL AUTO_INCREMENT COMMENT 'ID yêu cầu',
  `request_code` varchar(50) NOT NULL COMMENT 'Mã yêu cầu',
  `legacy_customer_request_id` bigint unsigned DEFAULT NULL COMMENT 'ID yêu cầu cũ để truy vết',
  `customer_id` bigint unsigned DEFAULT NULL COMMENT 'Khách hàng',
  `customer_personnel_id` bigint unsigned DEFAULT NULL COMMENT 'Người yêu cầu phía khách hàng',
  `support_service_group_id` bigint unsigned DEFAULT NULL COMMENT 'Nhóm hỗ trợ',
  `project_id` bigint unsigned DEFAULT NULL COMMENT 'Dự án liên quan',
  `project_item_id` bigint unsigned DEFAULT NULL COMMENT 'Hạng mục dự án',
  `product_id` bigint unsigned DEFAULT NULL COMMENT 'Sản phẩm liên quan',
  `received_by_user_id` bigint unsigned DEFAULT NULL COMMENT 'Người tiếp nhận ban đầu',
  `requester_name_snapshot` varchar(255) DEFAULT NULL COMMENT 'Tên người yêu cầu chụp tại thời điểm tạo',
  `summary` varchar(500) NOT NULL COMMENT 'Nội dung yêu cầu',
  `description` text COMMENT 'Mô tả chi tiết',
  `priority` tinyint unsigned NOT NULL DEFAULT '2' COMMENT 'Độ ưu tiên 1-4',
  `source_channel` varchar(100) DEFAULT NULL COMMENT 'Kênh tiếp nhận',
  `current_status_code` varchar(80) NOT NULL DEFAULT 'new_intake' COMMENT 'Trạng thái hiện tại',
  `current_status_instance_id` bigint unsigned DEFAULT NULL COMMENT 'ID trạng thái hiện tại',
  `received_at` datetime DEFAULT NULL COMMENT 'Ngày giờ tiếp nhận ban đầu',
  `completed_at` datetime DEFAULT NULL COMMENT 'Ngày hoàn thành',
  `reported_to_customer_at` datetime DEFAULT NULL COMMENT 'Ngày báo khách hàng',
  `current_status_changed_at` datetime DEFAULT NULL COMMENT 'Thời điểm đổi trạng thái gần nhất',
  `created_by` bigint unsigned DEFAULT NULL COMMENT 'Người tạo',
  `updated_by` bigint unsigned DEFAULT NULL COMMENT 'Người cập nhật',
  `created_at` timestamp NULL DEFAULT NULL,
  `updated_at` timestamp NULL DEFAULT NULL,
  `deleted_at` timestamp NULL DEFAULT NULL,
  `dispatcher_user_id` bigint unsigned DEFAULT NULL COMMENT 'Người điều phối chính',
  `performer_user_id` bigint unsigned DEFAULT NULL COMMENT 'Người đang xử lý hiện tại',
  `estimated_hours` decimal(8,2) DEFAULT NULL COMMENT 'Ước lượng giờ hiện hành',
  `estimated_by_user_id` bigint unsigned DEFAULT NULL COMMENT 'Người chốt estimate hiện hành',
  `estimated_at` datetime DEFAULT NULL COMMENT 'Thời điểm chốt estimate hiện hành',
  `total_hours_spent` decimal(8,2) NOT NULL DEFAULT '0.00' COMMENT 'Tổng giờ thực tế được denormalize từ worklog',
  `warn_70_sent` tinyint(1) NOT NULL DEFAULT '0',
  `warn_90_sent` tinyint(1) NOT NULL DEFAULT '0',
  `warn_100_sent` tinyint(1) NOT NULL DEFAULT '0',
  `dispatch_route` varchar(30) DEFAULT NULL COMMENT 'Luồng xử lý: ''self_handle'' | ''assign_pm'' | ''assign_direct''',
  `dispatched_at` datetime DEFAULT NULL COMMENT 'Thời điểm PM phân công performer',
  `performer_accepted_at` datetime DEFAULT NULL COMMENT 'Thời điểm performer nhận việc',
  PRIMARY KEY (`id`),
  UNIQUE KEY `customer_request_cases_request_code_unique` (`request_code`),
  KEY `customer_request_cases_legacy_customer_request_id_index` (`legacy_customer_request_id`),
  KEY `customer_request_cases_customer_id_index` (`customer_id`),
  KEY `customer_request_cases_customer_personnel_id_index` (`customer_personnel_id`),
  KEY `customer_request_cases_support_service_group_id_index` (`support_service_group_id`),
  KEY `customer_request_cases_project_id_index` (`project_id`),
  KEY `customer_request_cases_project_item_id_index` (`project_item_id`),
  KEY `customer_request_cases_product_id_index` (`product_id`),
  KEY `customer_request_cases_current_status_code_index` (`current_status_code`),
  KEY `customer_request_cases_current_status_instance_id_index` (`current_status_instance_id`),
  KEY `customer_request_cases_created_by_index` (`created_by`),
  KEY `customer_request_cases_updated_by_index` (`updated_by`),
  KEY `customer_request_cases_received_by_user_id_index` (`received_by_user_id`),
  KEY `idx_crc_status_updated_id` (`current_status_code`,`updated_at`,`id`),
  KEY `idx_crc_performer_status_updated_id` (`performer_user_id`,`current_status_code`,`updated_at`,`id`),
  KEY `idx_crc_dispatcher_status_updated_id` (`dispatcher_user_id`,`current_status_code`,`updated_at`,`id`),
  KEY `idx_crc_creator_status_updated_id` (`created_by`,`current_status_code`,`updated_at`,`id`),
  KEY `idx_crc_receiver_status_updated_id` (`received_by_user_id`,`current_status_code`,`updated_at`,`id`),
  KEY `idx_crc_dispatch_route` (`dispatch_route`),
  KEY `idx_crc_cust_insight` (`customer_id`,`deleted_at`,`current_status_code`),
  CONSTRAINT `fk_customer_request_cases_created_by` FOREIGN KEY (`created_by`) REFERENCES `internal_users` (`id`) ON DELETE SET NULL,
  CONSTRAINT `fk_customer_request_cases_customer_id` FOREIGN KEY (`customer_id`) REFERENCES `customers` (`id`) ON DELETE SET NULL,
  CONSTRAINT `fk_customer_request_cases_customer_personnel_id` FOREIGN KEY (`customer_personnel_id`) REFERENCES `customer_personnel` (`id`) ON DELETE SET NULL,
  CONSTRAINT `fk_customer_request_cases_product_id` FOREIGN KEY (`product_id`) REFERENCES `products` (`id`) ON DELETE SET NULL,
  CONSTRAINT `fk_customer_request_cases_project_id` FOREIGN KEY (`project_id`) REFERENCES `projects` (`id`) ON DELETE SET NULL,
  CONSTRAINT `fk_customer_request_cases_project_item_id` FOREIGN KEY (`project_item_id`) REFERENCES `project_items` (`id`) ON DELETE SET NULL,
  CONSTRAINT `fk_customer_request_cases_received_by_user_id` FOREIGN KEY (`received_by_user_id`) REFERENCES `internal_users` (`id`) ON DELETE SET NULL,
  CONSTRAINT `fk_customer_request_cases_support_service_group_id` FOREIGN KEY (`support_service_group_id`) REFERENCES `support_service_groups` (`id`) ON DELETE SET NULL,
  CONSTRAINT `fk_customer_request_cases_updated_by` FOREIGN KEY (`updated_by`) REFERENCES `internal_users` (`id`) ON DELETE SET NULL
) ENGINE=InnoDB AUTO_INCREMENT=23 DEFAULT CHARSET=utf8mb4 COLLATE=utf8mb4_0900_ai_ci COMMENT='Yêu cầu khách hàng - bảng master trung tâm';
/*!40101 SET character_set_client = @saved_cs_client */;

--
-- Dumping data for table `customer_request_cases`
--

LOCK TABLES `customer_request_cases` WRITE;
/*!40000 ALTER TABLE `customer_request_cases` DISABLE KEYS */;
INSERT INTO `customer_request_cases` VALUES (1,'CRC-202603-0001',NULL,3,NULL,5,95,142,1,9,NULL,'Yêu cầu là bắt buộc',NULL,1,NULL,'new_intake',1,'2026-03-17 14:02:39',NULL,NULL,'2026-03-17 14:03:26',9,9,'2026-03-17 07:02:39','2026-03-17 07:03:30','2026-03-17 07:03:30',NULL,NULL,NULL,NULL,NULL,0.00,0,0,0,NULL,NULL,NULL),(2,'CRC-202603-0002',NULL,3,3,1,95,143,3,9,'Hồ Sơn Tùng','Kết nối LIS - Bệnh Viện Sản Nhi',NULL,2,NULL,'returned_to_manager',13,'2026-03-17 14:21:41',NULL,NULL,'2026-03-18 14:51:19',9,9,'2026-03-17 07:21:41','2026-03-18 07:51:19',NULL,NULL,NULL,NULL,NULL,NULL,0.00,0,0,0,NULL,NULL,NULL),(10,'CRC-202603-0003',NULL,3,3,2,95,143,3,9,'Hồ Sơn Tùng','Lỗi phần mềm lis','Không đăng nhập được',2,'Kênh khác','waiting_customer_feedback',12,'2026-03-18 12:52:30',NULL,NULL,'2026-03-18 14:49:55',9,9,'2026-03-18 05:52:30','2026-03-18 07:49:55',NULL,NULL,NULL,NULL,NULL,NULL,0.00,0,0,0,NULL,NULL,NULL),(11,'CRC-202603-0004',NULL,3,3,2,95,143,3,9,'Hồ Sơn Tùng','LÕi kết nối','Mô tả chi tiết',3,NULL,'returned_to_manager',20,'2026-03-18 14:55:28',NULL,NULL,'2026-03-21 07:51:01',9,9,'2026-03-18 07:55:28','2026-03-21 07:51:01',NULL,NULL,NULL,NULL,NULL,NULL,0.00,0,0,0,NULL,NULL,NULL),(12,'CRC-202603-0005',NULL,50,50,2,96,144,2,9,'Đầu mối TYT phường Bình Thạnh','SOC bị lỗi',NULL,2,NULL,'waiting_customer_feedback',17,'2026-03-18 23:05:53',NULL,NULL,'2026-03-18 23:11:23',9,9,'2026-03-18 23:05:53','2026-03-18 23:11:23',NULL,NULL,NULL,NULL,NULL,NULL,0.00,0,0,0,NULL,NULL,NULL),(13,'CRC-202603-0006',NULL,3,3,1,95,143,3,9,'Hồ Sơn Tùng','Điều chỉnh chức năng','Nhập chi tiết',1,NULL,'in_progress',19,'2026-03-21 04:27:38',NULL,NULL,'2026-03-21 04:27:38',9,9,'2026-03-21 04:27:38','2026-03-21 04:27:38',NULL,NULL,9,NULL,NULL,NULL,0.00,0,0,0,NULL,NULL,NULL),(14,'CRC-202603-0007',NULL,3,3,1,NULL,142,NULL,9,'Hồ Sơn Tùng','Yêu cầu hỗ trợ','His Lỗi mấy ngày qua',2,NULL,'waiting_customer_feedback',24,'2026-03-22 09:41:31',NULL,NULL,'2026-03-22 23:41:04',9,9,'2026-03-22 09:41:31','2026-03-22 23:41:04',NULL,NULL,52,NULL,NULL,NULL,0.00,0,0,0,NULL,NULL,NULL),(15,'CRC-202603-0008',NULL,3,3,2,NULL,143,NULL,9,'Hồ Sơn Tùng','Hỗ trợ  LIS',NULL,1,NULL,'in_progress',32,'2026-03-22 13:54:14',NULL,NULL,'2026-03-23 14:42:46',9,9,'2026-03-22 13:54:14','2026-03-23 15:58:13',NULL,NULL,52,1.00,9,'2026-03-23 22:58:00',0.00,0,0,0,NULL,NULL,NULL),(16,'CRC-202603-0009',NULL,3,3,13,NULL,143,NULL,9,'Hồ Sơn Tùng','Kết nối máy xét nghiệm',NULL,2,NULL,'in_progress',27,'2026-03-23 04:04:44',NULL,NULL,'2026-03-23 04:07:36',9,9,'2026-03-23 04:04:44','2026-03-23 04:07:36',NULL,NULL,52,NULL,NULL,NULL,0.00,0,0,0,NULL,NULL,NULL),(17,'CRC-202603-0010',NULL,3,3,2,NULL,143,NULL,9,'Hồ Sơn Tùng','Kết nối lIS bệnh viện Sản Nhi',NULL,2,NULL,'not_executed',30,'2026-03-23 04:09:32',NULL,NULL,'2026-03-23 04:17:09',9,9,'2026-03-23 04:09:32','2026-03-23 04:17:09',NULL,NULL,9,NULL,NULL,NULL,0.00,0,0,0,NULL,NULL,NULL),(18,'CRC-202603-0011',NULL,3,3,2,NULL,143,NULL,9,'Hồ Sơn Tùng','nội dung yêu cầu',NULL,2,NULL,'new_intake',31,'2026-03-23 10:15:28',NULL,NULL,'2026-03-23 10:15:28',9,9,'2026-03-23 10:15:28','2026-03-23 10:15:28',NULL,NULL,9,NULL,NULL,NULL,0.00,0,0,0,NULL,NULL,NULL),(19,'CRC-202603-0012',NULL,3,3,2,NULL,143,NULL,9,'Hồ Sơn Tùng','L23',NULL,2,NULL,'returned_to_manager',34,'2026-03-23 23:48:07',NULL,NULL,'2026-03-24 03:12:47',9,9,'2026-03-23 23:48:07','2026-03-24 03:12:47',NULL,NULL,9,NULL,NULL,NULL,0.00,0,0,0,'self_handle',NULL,NULL),(20,'CRC-202603-0013',NULL,3,3,2,NULL,143,NULL,9,'Hồ Sơn Tùng','LIS kết nối',NULL,2,NULL,'in_progress',36,'2026-03-24 04:03:36',NULL,NULL,'2026-03-24 04:04:44',9,9,'2026-03-24 04:03:36','2026-03-24 04:04:44',NULL,NULL,9,NULL,NULL,NULL,0.00,0,0,0,'self_handle',NULL,NULL),(21,'CRC-202603-0014',NULL,14,14,2,NULL,145,NULL,9,'Đầu mối Bệnh viện đa khoa khu vực Ngã Bảy','Kết nối LIS24',NULL,2,NULL,'new_intake',37,'2026-03-24 10:08:00',NULL,NULL,'2026-03-24 10:08:00',9,9,'2026-03-24 10:08:00','2026-03-24 10:08:00',NULL,NULL,9,NULL,NULL,NULL,0.00,0,0,0,'self_handle',NULL,NULL),(22,'CRC-202603-0015',NULL,3,3,2,NULL,143,NULL,9,'Hồ Sơn Tùng','Yêu cầu giao cho PM',NULL,2,NULL,'new_intake',38,'2026-03-24 10:08:46',NULL,NULL,'2026-03-24 10:08:46',9,9,'2026-03-24 10:08:46','2026-03-24 10:12:14',NULL,9,NULL,NULL,NULL,NULL,0.90,0,0,0,'assign_pm',NULL,NULL);
/*!40000 ALTER TABLE `customer_request_cases` ENABLE KEYS */;
UNLOCK TABLES;

--
-- Table structure for table `customer_request_coding`
--

DROP TABLE IF EXISTS `customer_request_coding`;
/*!40101 SET @saved_cs_client     = @@character_set_client */;
/*!50503 SET character_set_client = utf8mb4 */;
CREATE TABLE `customer_request_coding` (
  `id` bigint unsigned NOT NULL AUTO_INCREMENT,
  `request_case_id` bigint unsigned NOT NULL COMMENT 'Yêu cầu',
  `status_instance_id` bigint unsigned DEFAULT NULL COMMENT 'Instance trạng thái',
  `notes` text COMMENT 'Ghi chú',
  `created_by` bigint unsigned DEFAULT NULL COMMENT 'Người tạo',
  `updated_by` bigint unsigned DEFAULT NULL COMMENT 'Người cập nhật',
  `developer_user_id` bigint unsigned DEFAULT NULL COMMENT 'Dev thực hiện',
  `coding_content` text COMMENT 'Nội dung lập trình',
  `coding_started_at` datetime DEFAULT NULL COMMENT 'Thời điểm bắt đầu',
  `coding_completed_at` datetime DEFAULT NULL COMMENT 'Thời điểm hoàn thành code',
  `coding_phase` varchar(30) NOT NULL DEFAULT 'coding' COMMENT 'Sub-status lập trình',
  `upcode_at` datetime DEFAULT NULL COMMENT 'Thời điểm upcode',
  `upcode_version` varchar(100) DEFAULT NULL COMMENT 'Phiên bản upcode',
  `upcode_environment` varchar(50) DEFAULT NULL COMMENT 'Môi trường upcode',
  `created_at` timestamp NULL DEFAULT NULL,
  `updated_at` timestamp NULL DEFAULT NULL,
  PRIMARY KEY (`id`),
  UNIQUE KEY `uq_crs_ae9bd002f0_inst` (`status_instance_id`),
  KEY `idx_crs_ae9bd002f0_case` (`request_case_id`),
  KEY `customer_request_coding_created_by_index` (`created_by`),
  KEY `customer_request_coding_updated_by_index` (`updated_by`),
  KEY `customer_request_coding_developer_user_id_index` (`developer_user_id`),
  KEY `customer_request_coding_coding_phase_index` (`coding_phase`),
  CONSTRAINT `fk_crs_ae9bd002f0_case` FOREIGN KEY (`request_case_id`) REFERENCES `customer_request_cases` (`id`) ON DELETE CASCADE,
  CONSTRAINT `fk_crs_ae9bd002f0_inst` FOREIGN KEY (`status_instance_id`) REFERENCES `customer_request_status_instances` (`id`) ON DELETE SET NULL
) ENGINE=InnoDB DEFAULT CHARSET=utf8mb4 COLLATE=utf8mb4_0900_ai_ci COMMENT='Trạng thái đang lập trình';
/*!40101 SET character_set_client = @saved_cs_client */;

--
-- Dumping data for table `customer_request_coding`
--

LOCK TABLES `customer_request_coding` WRITE;
/*!40000 ALTER TABLE `customer_request_coding` DISABLE KEYS */;
/*!40000 ALTER TABLE `customer_request_coding` ENABLE KEYS */;
UNLOCK TABLES;

--
-- Table structure for table `customer_request_completed`
--

DROP TABLE IF EXISTS `customer_request_completed`;
/*!40101 SET @saved_cs_client     = @@character_set_client */;
/*!50503 SET character_set_client = utf8mb4 */;
CREATE TABLE `customer_request_completed` (
  `id` bigint unsigned NOT NULL AUTO_INCREMENT COMMENT 'ID dòng trạng thái',
  `request_case_id` bigint unsigned NOT NULL COMMENT 'Yêu cầu',
  `status_instance_id` bigint unsigned DEFAULT NULL COMMENT 'Instance trạng thái',
  `notes` text COMMENT 'Ghi chú',
  `created_by` bigint unsigned DEFAULT NULL COMMENT 'Người tạo',
  `updated_by` bigint unsigned DEFAULT NULL COMMENT 'Người cập nhật',
  `completed_by_user_id` bigint unsigned DEFAULT NULL COMMENT 'Người hoàn thành',
  `completed_at` datetime DEFAULT NULL COMMENT 'Ngày hoàn thành',
  `result_content` text COMMENT 'Kết quả thực hiện',
  `created_at` timestamp NULL DEFAULT NULL,
  `updated_at` timestamp NULL DEFAULT NULL,
  PRIMARY KEY (`id`),
  UNIQUE KEY `uq_crs_d15bfa10f0_inst` (`status_instance_id`),
  KEY `idx_crs_d15bfa10f0_case` (`request_case_id`),
  KEY `customer_request_completed_created_by_index` (`created_by`),
  KEY `customer_request_completed_updated_by_index` (`updated_by`),
  KEY `customer_request_completed_completed_by_user_id_index` (`completed_by_user_id`),
  CONSTRAINT `fk_crs_d15bfa10f0_case` FOREIGN KEY (`request_case_id`) REFERENCES `customer_request_cases` (`id`) ON DELETE CASCADE,
  CONSTRAINT `fk_crs_d15bfa10f0_inst` FOREIGN KEY (`status_instance_id`) REFERENCES `customer_request_status_instances` (`id`) ON DELETE SET NULL,
  CONSTRAINT `fk_customer_request_completed_completed_by_user_id` FOREIGN KEY (`completed_by_user_id`) REFERENCES `internal_users` (`id`) ON DELETE SET NULL,
  CONSTRAINT `fk_customer_request_completed_created_by` FOREIGN KEY (`created_by`) REFERENCES `internal_users` (`id`) ON DELETE SET NULL,
  CONSTRAINT `fk_customer_request_completed_updated_by` FOREIGN KEY (`updated_by`) REFERENCES `internal_users` (`id`) ON DELETE SET NULL
) ENGINE=InnoDB DEFAULT CHARSET=utf8mb4 COLLATE=utf8mb4_0900_ai_ci COMMENT='Trạng thái hoàn thành';
/*!40101 SET character_set_client = @saved_cs_client */;

--
-- Dumping data for table `customer_request_completed`
--

LOCK TABLES `customer_request_completed` WRITE;
/*!40000 ALTER TABLE `customer_request_completed` DISABLE KEYS */;
/*!40000 ALTER TABLE `customer_request_completed` ENABLE KEYS */;
UNLOCK TABLES;

--
-- Table structure for table `customer_request_customer_notified`
--

DROP TABLE IF EXISTS `customer_request_customer_notified`;
/*!40101 SET @saved_cs_client     = @@character_set_client */;
/*!50503 SET character_set_client = utf8mb4 */;
CREATE TABLE `customer_request_customer_notified` (
  `id` bigint unsigned NOT NULL AUTO_INCREMENT COMMENT 'ID dòng trạng thái',
  `request_case_id` bigint unsigned NOT NULL COMMENT 'Yêu cầu',
  `status_instance_id` bigint unsigned DEFAULT NULL COMMENT 'Instance trạng thái',
  `notes` text COMMENT 'Ghi chú',
  `created_by` bigint unsigned DEFAULT NULL COMMENT 'Người tạo',
  `updated_by` bigint unsigned DEFAULT NULL COMMENT 'Người cập nhật',
  `notified_by_user_id` bigint unsigned DEFAULT NULL COMMENT 'Người báo khách hàng',
  `notified_at` datetime DEFAULT NULL COMMENT 'Ngày báo khách hàng',
  `notification_channel` varchar(100) DEFAULT NULL COMMENT 'Kênh báo khách hàng',
  `notification_content` text COMMENT 'Nội dung báo khách hàng',
  `customer_feedback` text COMMENT 'Phản hồi của khách hàng',
  `created_at` timestamp NULL DEFAULT NULL,
  `updated_at` timestamp NULL DEFAULT NULL,
  PRIMARY KEY (`id`),
  UNIQUE KEY `uq_crs_76a270ce1c_inst` (`status_instance_id`),
  KEY `idx_crs_76a270ce1c_case` (`request_case_id`),
  KEY `customer_request_customer_notified_created_by_index` (`created_by`),
  KEY `customer_request_customer_notified_updated_by_index` (`updated_by`),
  KEY `customer_request_customer_notified_notified_by_user_id_index` (`notified_by_user_id`),
  CONSTRAINT `fk_crs_76a270ce1c_case` FOREIGN KEY (`request_case_id`) REFERENCES `customer_request_cases` (`id`) ON DELETE CASCADE,
  CONSTRAINT `fk_crs_76a270ce1c_inst` FOREIGN KEY (`status_instance_id`) REFERENCES `customer_request_status_instances` (`id`) ON DELETE SET NULL,
  CONSTRAINT `fk_customer_request_customer_notified_created_by` FOREIGN KEY (`created_by`) REFERENCES `internal_users` (`id`) ON DELETE SET NULL,
  CONSTRAINT `fk_customer_request_customer_notified_notified_by_user_id` FOREIGN KEY (`notified_by_user_id`) REFERENCES `internal_users` (`id`) ON DELETE SET NULL,
  CONSTRAINT `fk_customer_request_customer_notified_updated_by` FOREIGN KEY (`updated_by`) REFERENCES `internal_users` (`id`) ON DELETE SET NULL
) ENGINE=InnoDB DEFAULT CHARSET=utf8mb4 COLLATE=utf8mb4_0900_ai_ci COMMENT='Trạng thái báo khách hàng';
/*!40101 SET character_set_client = @saved_cs_client */;

--
-- Dumping data for table `customer_request_customer_notified`
--

LOCK TABLES `customer_request_customer_notified` WRITE;
/*!40000 ALTER TABLE `customer_request_customer_notified` DISABLE KEYS */;
/*!40000 ALTER TABLE `customer_request_customer_notified` ENABLE KEYS */;
UNLOCK TABLES;

--
-- Table structure for table `customer_request_dispatched`
--

DROP TABLE IF EXISTS `customer_request_dispatched`;
/*!40101 SET @saved_cs_client     = @@character_set_client */;
/*!50503 SET character_set_client = utf8mb4 */;
CREATE TABLE `customer_request_dispatched` (
  `id` bigint unsigned NOT NULL AUTO_INCREMENT,
  `request_case_id` bigint unsigned NOT NULL COMMENT 'Yêu cầu',
  `status_instance_id` bigint unsigned DEFAULT NULL COMMENT 'Instance trạng thái',
  `notes` text COMMENT 'Ghi chú',
  `created_by` bigint unsigned DEFAULT NULL COMMENT 'Người tạo',
  `updated_by` bigint unsigned DEFAULT NULL COMMENT 'Người cập nhật',
  `dispatch_decision` varchar(30) DEFAULT NULL COMMENT 'Quyết định của PM',
  `performer_user_id` bigint unsigned DEFAULT NULL COMMENT 'Performer được giao',
  `estimated_hours_by_dispatcher` decimal(8,2) DEFAULT NULL COMMENT 'Ước lượng giờ của PM',
  `dispatch_note` text COMMENT 'Ghi chú phân công',
  `created_at` timestamp NULL DEFAULT NULL,
  `updated_at` timestamp NULL DEFAULT NULL,
  PRIMARY KEY (`id`),
  UNIQUE KEY `uq_crs_4773021774_inst` (`status_instance_id`),
  KEY `idx_crs_4773021774_case` (`request_case_id`),
  KEY `customer_request_dispatched_created_by_index` (`created_by`),
  KEY `customer_request_dispatched_updated_by_index` (`updated_by`),
  KEY `customer_request_dispatched_performer_user_id_index` (`performer_user_id`),
  CONSTRAINT `fk_crs_4773021774_case` FOREIGN KEY (`request_case_id`) REFERENCES `customer_request_cases` (`id`) ON DELETE CASCADE,
  CONSTRAINT `fk_crs_4773021774_inst` FOREIGN KEY (`status_instance_id`) REFERENCES `customer_request_status_instances` (`id`) ON DELETE SET NULL
) ENGINE=InnoDB DEFAULT CHARSET=utf8mb4 COLLATE=utf8mb4_0900_ai_ci COMMENT='Trạng thái đã phân công performer';
/*!40101 SET character_set_client = @saved_cs_client */;

--
-- Dumping data for table `customer_request_dispatched`
--

LOCK TABLES `customer_request_dispatched` WRITE;
/*!40000 ALTER TABLE `customer_request_dispatched` DISABLE KEYS */;
/*!40000 ALTER TABLE `customer_request_dispatched` ENABLE KEYS */;
UNLOCK TABLES;

--
-- Table structure for table `customer_request_dms_transfer`
--

DROP TABLE IF EXISTS `customer_request_dms_transfer`;
/*!40101 SET @saved_cs_client     = @@character_set_client */;
/*!50503 SET character_set_client = utf8mb4 */;
CREATE TABLE `customer_request_dms_transfer` (
  `id` bigint unsigned NOT NULL AUTO_INCREMENT,
  `request_case_id` bigint unsigned NOT NULL COMMENT 'Yêu cầu',
  `status_instance_id` bigint unsigned DEFAULT NULL COMMENT 'Instance trạng thái',
  `notes` text COMMENT 'Ghi chú',
  `created_by` bigint unsigned DEFAULT NULL COMMENT 'Người tạo',
  `updated_by` bigint unsigned DEFAULT NULL COMMENT 'Người cập nhật',
  `dms_contact_user_id` bigint unsigned DEFAULT NULL COMMENT 'Người phụ trách DMS',
  `exchange_content` text COMMENT 'Nội dung trao đổi',
  `task_ref` varchar(200) DEFAULT NULL COMMENT 'Mã task DMS',
  `task_url` varchar(500) DEFAULT NULL COMMENT 'URL task DMS',
  `dms_phase` varchar(30) NOT NULL DEFAULT 'exchange' COMMENT 'Sub-status DMS',
  `dms_started_at` datetime DEFAULT NULL COMMENT 'Thời điểm bắt đầu DMS',
  `dms_completed_at` datetime DEFAULT NULL COMMENT 'Thời điểm hoàn thành DMS',
  `created_at` timestamp NULL DEFAULT NULL,
  `updated_at` timestamp NULL DEFAULT NULL,
  PRIMARY KEY (`id`),
  UNIQUE KEY `uq_crs_04ef15e371_inst` (`status_instance_id`),
  KEY `idx_crs_04ef15e371_case` (`request_case_id`),
  KEY `customer_request_dms_transfer_created_by_index` (`created_by`),
  KEY `customer_request_dms_transfer_updated_by_index` (`updated_by`),
  KEY `customer_request_dms_transfer_dms_contact_user_id_index` (`dms_contact_user_id`),
  KEY `customer_request_dms_transfer_dms_phase_index` (`dms_phase`),
  CONSTRAINT `fk_crs_04ef15e371_case` FOREIGN KEY (`request_case_id`) REFERENCES `customer_request_cases` (`id`) ON DELETE CASCADE,
  CONSTRAINT `fk_crs_04ef15e371_inst` FOREIGN KEY (`status_instance_id`) REFERENCES `customer_request_status_instances` (`id`) ON DELETE SET NULL
) ENGINE=InnoDB DEFAULT CHARSET=utf8mb4 COLLATE=utf8mb4_0900_ai_ci COMMENT='Trạng thái chuyển DMS';
/*!40101 SET character_set_client = @saved_cs_client */;

--
-- Dumping data for table `customer_request_dms_transfer`
--

LOCK TABLES `customer_request_dms_transfer` WRITE;
/*!40000 ALTER TABLE `customer_request_dms_transfer` DISABLE KEYS */;
/*!40000 ALTER TABLE `customer_request_dms_transfer` ENABLE KEYS */;
UNLOCK TABLES;

--
-- Table structure for table `customer_request_escalations`
--

DROP TABLE IF EXISTS `customer_request_escalations`;
/*!40101 SET @saved_cs_client     = @@character_set_client */;
/*!50503 SET character_set_client = utf8mb4 */;
CREATE TABLE `customer_request_escalations` (
  `id` bigint unsigned NOT NULL AUTO_INCREMENT,
  `escalation_code` varchar(30) NOT NULL,
  `request_case_id` bigint unsigned NOT NULL,
  `raised_by_user_id` bigint unsigned NOT NULL,
  `raised_at` timestamp NOT NULL,
  `difficulty_type` varchar(30) NOT NULL,
  `severity` varchar(10) NOT NULL DEFAULT 'medium',
  `description` text NOT NULL,
  `impact_description` varchar(1000) DEFAULT NULL,
  `blocked_since` date DEFAULT NULL,
  `proposed_action` text,
  `proposed_handler_user_id` bigint unsigned DEFAULT NULL,
  `proposed_additional_hours` decimal(8,2) DEFAULT NULL,
  `proposed_deadline_extension` date DEFAULT NULL,
  `status` varchar(20) NOT NULL DEFAULT 'pending',
  `reviewed_by_user_id` bigint unsigned DEFAULT NULL,
  `reviewed_at` timestamp NULL DEFAULT NULL,
  `resolution_decision` varchar(30) DEFAULT NULL,
  `resolution_note` text,
  `resolved_at` timestamp NULL DEFAULT NULL,
  `created_at` timestamp NULL DEFAULT NULL,
  `updated_at` timestamp NULL DEFAULT NULL,
  `deleted_at` timestamp NULL DEFAULT NULL,
  PRIMARY KEY (`id`),
  UNIQUE KEY `customer_request_escalations_escalation_code_unique` (`escalation_code`),
  KEY `idx_esc_case` (`request_case_id`),
  KEY `idx_esc_status` (`status`,`severity`),
  KEY `idx_esc_raised` (`raised_by_user_id`,`raised_at`)
) ENGINE=InnoDB DEFAULT CHARSET=utf8mb4 COLLATE=utf8mb4_0900_ai_ci;
/*!40101 SET character_set_client = @saved_cs_client */;

--
-- Dumping data for table `customer_request_escalations`
--

LOCK TABLES `customer_request_escalations` WRITE;
/*!40000 ALTER TABLE `customer_request_escalations` DISABLE KEYS */;
/*!40000 ALTER TABLE `customer_request_escalations` ENABLE KEYS */;
UNLOCK TABLES;

--
-- Table structure for table `customer_request_estimates`
--

DROP TABLE IF EXISTS `customer_request_estimates`;
/*!40101 SET @saved_cs_client     = @@character_set_client */;
/*!50503 SET character_set_client = utf8mb4 */;
CREATE TABLE `customer_request_estimates` (
  `id` bigint unsigned NOT NULL AUTO_INCREMENT,
  `request_case_id` bigint unsigned NOT NULL COMMENT 'Yêu cầu',
  `status_instance_id` bigint unsigned DEFAULT NULL COMMENT 'Instance trạng thái liên quan',
  `status_code` varchar(80) DEFAULT NULL COMMENT 'Mã trạng thái lúc estimate',
  `estimated_hours` decimal(8,2) NOT NULL COMMENT 'Số giờ estimate',
  `estimate_type` varchar(50) DEFAULT NULL COMMENT 'Loại estimate',
  `estimate_scope` varchar(50) NOT NULL DEFAULT 'total' COMMENT 'Phạm vi estimate',
  `phase_label` varchar(255) DEFAULT NULL COMMENT 'Nhãn giai đoạn',
  `note` text COMMENT 'Ghi chú',
  `estimated_by_user_id` bigint unsigned DEFAULT NULL COMMENT 'Người estimate',
  `estimated_at` datetime DEFAULT NULL COMMENT 'Thời điểm estimate',
  `created_by` bigint unsigned DEFAULT NULL COMMENT 'Người tạo',
  `updated_by` bigint unsigned DEFAULT NULL COMMENT 'Người cập nhật',
  `created_at` timestamp NULL DEFAULT NULL,
  `updated_at` timestamp NULL DEFAULT NULL,
  PRIMARY KEY (`id`),
  KEY `idx_cre_case_estimated_at_id` (`request_case_id`,`estimated_at`,`id`),
  KEY `idx_cre_case_scope_estimated_at_id` (`request_case_id`,`estimate_scope`,`estimated_at`,`id`),
  KEY `customer_request_estimates_request_case_id_index` (`request_case_id`),
  KEY `customer_request_estimates_status_instance_id_index` (`status_instance_id`),
  KEY `customer_request_estimates_status_code_index` (`status_code`),
  KEY `customer_request_estimates_estimated_by_user_id_index` (`estimated_by_user_id`),
  KEY `customer_request_estimates_estimated_at_index` (`estimated_at`),
  KEY `customer_request_estimates_created_by_index` (`created_by`),
  KEY `customer_request_estimates_updated_by_index` (`updated_by`),
  CONSTRAINT `fk_customer_request_estimates_case` FOREIGN KEY (`request_case_id`) REFERENCES `customer_request_cases` (`id`) ON DELETE CASCADE,
  CONSTRAINT `fk_customer_request_estimates_created_by` FOREIGN KEY (`created_by`) REFERENCES `internal_users` (`id`) ON DELETE SET NULL,
  CONSTRAINT `fk_customer_request_estimates_estimated_by_user_id` FOREIGN KEY (`estimated_by_user_id`) REFERENCES `internal_users` (`id`) ON DELETE SET NULL,
  CONSTRAINT `fk_customer_request_estimates_status_instance` FOREIGN KEY (`status_instance_id`) REFERENCES `customer_request_status_instances` (`id`) ON DELETE SET NULL,
  CONSTRAINT `fk_customer_request_estimates_updated_by` FOREIGN KEY (`updated_by`) REFERENCES `internal_users` (`id`) ON DELETE SET NULL
) ENGINE=InnoDB AUTO_INCREMENT=2 DEFAULT CHARSET=utf8mb4 COLLATE=utf8mb4_0900_ai_ci;
/*!40101 SET character_set_client = @saved_cs_client */;

--
-- Dumping data for table `customer_request_estimates`
--

LOCK TABLES `customer_request_estimates` WRITE;
/*!40000 ALTER TABLE `customer_request_estimates` DISABLE KEYS */;
INSERT INTO `customer_request_estimates` VALUES (1,15,32,'in_progress',1.00,'manual','total',NULL,NULL,9,'2026-03-23 22:58:00',9,9,'2026-03-23 15:58:13','2026-03-23 15:58:13');
/*!40000 ALTER TABLE `customer_request_estimates` ENABLE KEYS */;
UNLOCK TABLES;

--
-- Table structure for table `customer_request_in_progress`
--

DROP TABLE IF EXISTS `customer_request_in_progress`;
/*!40101 SET @saved_cs_client     = @@character_set_client */;
/*!50503 SET character_set_client = utf8mb4 */;
CREATE TABLE `customer_request_in_progress` (
  `id` bigint unsigned NOT NULL AUTO_INCREMENT COMMENT 'ID dòng trạng thái',
  `request_case_id` bigint unsigned NOT NULL COMMENT 'Yêu cầu',
  `status_instance_id` bigint unsigned DEFAULT NULL COMMENT 'Instance trạng thái',
  `notes` text COMMENT 'Ghi chú',
  `created_by` bigint unsigned DEFAULT NULL COMMENT 'Người tạo',
  `updated_by` bigint unsigned DEFAULT NULL COMMENT 'Người cập nhật',
  `performer_user_id` bigint unsigned DEFAULT NULL COMMENT 'Người thực hiện',
  `started_at` datetime DEFAULT NULL COMMENT 'Ngày bắt đầu xử lý',
  `expected_completed_at` datetime DEFAULT NULL COMMENT 'Ngày dự kiến hoàn thành',
  `progress_percent` tinyint unsigned NOT NULL DEFAULT '0' COMMENT 'Tiến độ phần trăm',
  `processing_content` text COMMENT 'Nội dung xử lý',
  `created_at` timestamp NULL DEFAULT NULL,
  `updated_at` timestamp NULL DEFAULT NULL,
  PRIMARY KEY (`id`),
  UNIQUE KEY `uq_crs_552cff80f1_inst` (`status_instance_id`),
  KEY `idx_crs_552cff80f1_case` (`request_case_id`),
  KEY `customer_request_in_progress_created_by_index` (`created_by`),
  KEY `customer_request_in_progress_updated_by_index` (`updated_by`),
  KEY `customer_request_in_progress_performer_user_id_index` (`performer_user_id`),
  CONSTRAINT `fk_crs_552cff80f1_case` FOREIGN KEY (`request_case_id`) REFERENCES `customer_request_cases` (`id`) ON DELETE CASCADE,
  CONSTRAINT `fk_crs_552cff80f1_inst` FOREIGN KEY (`status_instance_id`) REFERENCES `customer_request_status_instances` (`id`) ON DELETE SET NULL,
  CONSTRAINT `fk_customer_request_in_progress_created_by` FOREIGN KEY (`created_by`) REFERENCES `internal_users` (`id`) ON DELETE SET NULL,
  CONSTRAINT `fk_customer_request_in_progress_performer_user_id` FOREIGN KEY (`performer_user_id`) REFERENCES `internal_users` (`id`) ON DELETE SET NULL,
  CONSTRAINT `fk_customer_request_in_progress_updated_by` FOREIGN KEY (`updated_by`) REFERENCES `internal_users` (`id`) ON DELETE SET NULL
) ENGINE=InnoDB AUTO_INCREMENT=5 DEFAULT CHARSET=utf8mb4 COLLATE=utf8mb4_0900_ai_ci COMMENT='Trạng thái đang xử lý';
/*!40101 SET character_set_client = @saved_cs_client */;

--
-- Dumping data for table `customer_request_in_progress`
--

LOCK TABLES `customer_request_in_progress` WRITE;
/*!40000 ALTER TABLE `customer_request_in_progress` DISABLE KEYS */;
INSERT INTO `customer_request_in_progress` VALUES (1,13,19,NULL,9,9,9,'2026-03-21 04:27:38',NULL,0,NULL,'2026-03-21 04:27:38','2026-03-21 04:27:38'),(2,16,27,NULL,9,9,52,'2026-03-23 11:07:00','2026-03-23 11:07:00',100,NULL,'2026-03-23 04:07:36','2026-03-23 04:07:36'),(3,15,32,NULL,9,9,52,'2026-03-23 21:41:00','2026-03-23 21:41:00',0,NULL,'2026-03-23 14:42:46','2026-03-23 14:42:46'),(4,20,36,NULL,9,9,9,'2026-03-24 11:04:00','2026-03-24 11:04:00',30,NULL,'2026-03-24 04:04:44','2026-03-24 04:04:44');
/*!40000 ALTER TABLE `customer_request_in_progress` ENABLE KEYS */;
UNLOCK TABLES;

--
-- Table structure for table `customer_request_not_executed`
--

DROP TABLE IF EXISTS `customer_request_not_executed`;
/*!40101 SET @saved_cs_client     = @@character_set_client */;
/*!50503 SET character_set_client = utf8mb4 */;
CREATE TABLE `customer_request_not_executed` (
  `id` bigint unsigned NOT NULL AUTO_INCREMENT COMMENT 'ID dòng trạng thái',
  `request_case_id` bigint unsigned NOT NULL COMMENT 'Yêu cầu',
  `status_instance_id` bigint unsigned DEFAULT NULL COMMENT 'Instance trạng thái',
  `notes` text COMMENT 'Ghi chú',
  `created_by` bigint unsigned DEFAULT NULL COMMENT 'Người tạo',
  `updated_by` bigint unsigned DEFAULT NULL COMMENT 'Người cập nhật',
  `decision_by_user_id` bigint unsigned DEFAULT NULL COMMENT 'Người xác nhận không thực hiện',
  `decision_at` datetime DEFAULT NULL COMMENT 'Ngày xác nhận không thực hiện',
  `decision_reason` text COMMENT 'Lý do không thực hiện',
  `created_at` timestamp NULL DEFAULT NULL,
  `updated_at` timestamp NULL DEFAULT NULL,
  PRIMARY KEY (`id`),
  UNIQUE KEY `uq_crs_a5b5df9af3_inst` (`status_instance_id`),
  KEY `idx_crs_a5b5df9af3_case` (`request_case_id`),
  KEY `customer_request_not_executed_created_by_index` (`created_by`),
  KEY `customer_request_not_executed_updated_by_index` (`updated_by`),
  KEY `customer_request_not_executed_decision_by_user_id_index` (`decision_by_user_id`),
  CONSTRAINT `fk_crs_a5b5df9af3_case` FOREIGN KEY (`request_case_id`) REFERENCES `customer_request_cases` (`id`) ON DELETE CASCADE,
  CONSTRAINT `fk_crs_a5b5df9af3_inst` FOREIGN KEY (`status_instance_id`) REFERENCES `customer_request_status_instances` (`id`) ON DELETE SET NULL,
  CONSTRAINT `fk_customer_request_not_executed_created_by` FOREIGN KEY (`created_by`) REFERENCES `internal_users` (`id`) ON DELETE SET NULL,
  CONSTRAINT `fk_customer_request_not_executed_decision_by_user_id` FOREIGN KEY (`decision_by_user_id`) REFERENCES `internal_users` (`id`) ON DELETE SET NULL,
  CONSTRAINT `fk_customer_request_not_executed_updated_by` FOREIGN KEY (`updated_by`) REFERENCES `internal_users` (`id`) ON DELETE SET NULL
) ENGINE=InnoDB AUTO_INCREMENT=2 DEFAULT CHARSET=utf8mb4 COLLATE=utf8mb4_0900_ai_ci COMMENT='Trạng thái không thực hiện';
/*!40101 SET character_set_client = @saved_cs_client */;

--
-- Dumping data for table `customer_request_not_executed`
--

LOCK TABLES `customer_request_not_executed` WRITE;
/*!40000 ALTER TABLE `customer_request_not_executed` DISABLE KEYS */;
INSERT INTO `customer_request_not_executed` VALUES (1,17,30,NULL,9,9,9,'2026-03-23 11:17:00',NULL,'2026-03-23 04:17:09','2026-03-23 04:17:09');
/*!40000 ALTER TABLE `customer_request_not_executed` ENABLE KEYS */;
UNLOCK TABLES;

--
-- Table structure for table `customer_request_pending_dispatch`
--

DROP TABLE IF EXISTS `customer_request_pending_dispatch`;
/*!40101 SET @saved_cs_client     = @@character_set_client */;
/*!50503 SET character_set_client = utf8mb4 */;
CREATE TABLE `customer_request_pending_dispatch` (
  `id` bigint unsigned NOT NULL AUTO_INCREMENT,
  `request_case_id` bigint unsigned NOT NULL COMMENT 'Yêu cầu',
  `status_instance_id` bigint unsigned DEFAULT NULL COMMENT 'Instance trạng thái',
  `notes` text COMMENT 'Ghi chú',
  `created_by` bigint unsigned DEFAULT NULL COMMENT 'Người tạo',
  `updated_by` bigint unsigned DEFAULT NULL COMMENT 'Người cập nhật',
  `dispatch_note` text COMMENT 'Ghi chú từ Creator khi giao PM',
  `estimated_hours_by_creator` decimal(8,2) DEFAULT NULL COMMENT 'Ước lượng giờ của Creator',
  `created_at` timestamp NULL DEFAULT NULL,
  `updated_at` timestamp NULL DEFAULT NULL,
  PRIMARY KEY (`id`),
  UNIQUE KEY `uq_crs_d5f006055b_inst` (`status_instance_id`),
  KEY `idx_crs_d5f006055b_case` (`request_case_id`),
  KEY `customer_request_pending_dispatch_created_by_index` (`created_by`),
  KEY `customer_request_pending_dispatch_updated_by_index` (`updated_by`),
  CONSTRAINT `fk_crs_d5f006055b_case` FOREIGN KEY (`request_case_id`) REFERENCES `customer_request_cases` (`id`) ON DELETE CASCADE,
  CONSTRAINT `fk_crs_d5f006055b_inst` FOREIGN KEY (`status_instance_id`) REFERENCES `customer_request_status_instances` (`id`) ON DELETE SET NULL
) ENGINE=InnoDB AUTO_INCREMENT=2 DEFAULT CHARSET=utf8mb4 COLLATE=utf8mb4_0900_ai_ci COMMENT='Trạng thái chờ PM điều phối';
/*!40101 SET character_set_client = @saved_cs_client */;

--
-- Dumping data for table `customer_request_pending_dispatch`
--

LOCK TABLES `customer_request_pending_dispatch` WRITE;
/*!40000 ALTER TABLE `customer_request_pending_dispatch` DISABLE KEYS */;
INSERT INTO `customer_request_pending_dispatch` VALUES (1,15,23,NULL,9,9,NULL,NULL,'2026-03-22 14:22:27','2026-03-22 14:22:27');
/*!40000 ALTER TABLE `customer_request_pending_dispatch` ENABLE KEYS */;
UNLOCK TABLES;

--
-- Table structure for table `customer_request_plan_items`
--

DROP TABLE IF EXISTS `customer_request_plan_items`;
/*!40101 SET @saved_cs_client     = @@character_set_client */;
/*!50503 SET character_set_client = utf8mb4 */;
CREATE TABLE `customer_request_plan_items` (
  `id` bigint unsigned NOT NULL AUTO_INCREMENT,
  `plan_id` bigint unsigned NOT NULL,
  `request_case_id` bigint unsigned NOT NULL,
  `performer_user_id` bigint unsigned NOT NULL,
  `planned_hours` decimal(8,2) NOT NULL,
  `planned_start_date` date DEFAULT NULL,
  `planned_end_date` date DEFAULT NULL,
  `priority_order` smallint NOT NULL DEFAULT '0',
  `note` varchar(500) DEFAULT NULL,
  `actual_hours` decimal(8,2) NOT NULL DEFAULT '0.00',
  `actual_status` varchar(30) NOT NULL DEFAULT 'pending',
  `carried_to_plan_id` bigint unsigned DEFAULT NULL,
  `created_by` bigint unsigned DEFAULT NULL,
  `updated_by` bigint unsigned DEFAULT NULL,
  `created_at` timestamp NULL DEFAULT NULL,
  `updated_at` timestamp NULL DEFAULT NULL,
  PRIMARY KEY (`id`),
  UNIQUE KEY `uq_plan_case` (`plan_id`,`request_case_id`),
  KEY `idx_item_plan` (`plan_id`),
  KEY `idx_item_performer` (`performer_user_id`,`planned_start_date`)
) ENGINE=InnoDB DEFAULT CHARSET=utf8mb4 COLLATE=utf8mb4_0900_ai_ci;
/*!40101 SET character_set_client = @saved_cs_client */;

--
-- Dumping data for table `customer_request_plan_items`
--

LOCK TABLES `customer_request_plan_items` WRITE;
/*!40000 ALTER TABLE `customer_request_plan_items` DISABLE KEYS */;
/*!40000 ALTER TABLE `customer_request_plan_items` ENABLE KEYS */;
UNLOCK TABLES;

--
-- Table structure for table `customer_request_plans`
--

DROP TABLE IF EXISTS `customer_request_plans`;
/*!40101 SET @saved_cs_client     = @@character_set_client */;
/*!50503 SET character_set_client = utf8mb4 */;
CREATE TABLE `customer_request_plans` (
  `id` bigint unsigned NOT NULL AUTO_INCREMENT,
  `plan_code` varchar(30) NOT NULL,
  `plan_type` varchar(20) NOT NULL,
  `period_start` date NOT NULL,
  `period_end` date NOT NULL,
  `dispatcher_user_id` bigint unsigned NOT NULL,
  `status` varchar(20) NOT NULL DEFAULT 'draft',
  `note` text,
  `total_planned_hours` decimal(10,2) NOT NULL DEFAULT '0.00',
  `created_by` bigint unsigned DEFAULT NULL,
  `updated_by` bigint unsigned DEFAULT NULL,
  `created_at` timestamp NULL DEFAULT NULL,
  `updated_at` timestamp NULL DEFAULT NULL,
  `deleted_at` timestamp NULL DEFAULT NULL,
  PRIMARY KEY (`id`),
  UNIQUE KEY `customer_request_plans_plan_code_unique` (`plan_code`),
  KEY `idx_plan_period` (`plan_type`,`period_start`),
  KEY `idx_plan_dispatcher` (`dispatcher_user_id`)
) ENGINE=InnoDB DEFAULT CHARSET=utf8mb4 COLLATE=utf8mb4_0900_ai_ci;
/*!40101 SET character_set_client = @saved_cs_client */;

--
-- Dumping data for table `customer_request_plans`
--

LOCK TABLES `customer_request_plans` WRITE;
/*!40000 ALTER TABLE `customer_request_plans` DISABLE KEYS */;
/*!40000 ALTER TABLE `customer_request_plans` ENABLE KEYS */;
UNLOCK TABLES;

--
-- Table structure for table `customer_request_returned_to_manager`
--

DROP TABLE IF EXISTS `customer_request_returned_to_manager`;
/*!40101 SET @saved_cs_client     = @@character_set_client */;
/*!50503 SET character_set_client = utf8mb4 */;
CREATE TABLE `customer_request_returned_to_manager` (
  `id` bigint unsigned NOT NULL AUTO_INCREMENT COMMENT 'ID dòng trạng thái',
  `request_case_id` bigint unsigned NOT NULL COMMENT 'Yêu cầu',
  `status_instance_id` bigint unsigned DEFAULT NULL COMMENT 'Instance trạng thái',
  `notes` text COMMENT 'Ghi chú',
  `created_by` bigint unsigned DEFAULT NULL COMMENT 'Người tạo',
  `updated_by` bigint unsigned DEFAULT NULL COMMENT 'Người cập nhật',
  `returned_by_user_id` bigint unsigned DEFAULT NULL COMMENT 'Người chuyển trả',
  `returned_at` datetime DEFAULT NULL COMMENT 'Ngày chuyển trả',
  `return_reason` text COMMENT 'Lý do chuyển trả',
  `created_at` timestamp NULL DEFAULT NULL,
  `updated_at` timestamp NULL DEFAULT NULL,
  PRIMARY KEY (`id`),
  UNIQUE KEY `uq_crs_941a4fdbc6_inst` (`status_instance_id`),
  KEY `idx_crs_941a4fdbc6_case` (`request_case_id`),
  KEY `customer_request_returned_to_manager_created_by_index` (`created_by`),
  KEY `customer_request_returned_to_manager_updated_by_index` (`updated_by`),
  KEY `customer_request_returned_to_manager_returned_by_user_id_index` (`returned_by_user_id`),
  CONSTRAINT `fk_crs_941a4fdbc6_case` FOREIGN KEY (`request_case_id`) REFERENCES `customer_request_cases` (`id`) ON DELETE CASCADE,
  CONSTRAINT `fk_crs_941a4fdbc6_inst` FOREIGN KEY (`status_instance_id`) REFERENCES `customer_request_status_instances` (`id`) ON DELETE SET NULL,
  CONSTRAINT `fk_customer_request_returned_to_manager_created_by` FOREIGN KEY (`created_by`) REFERENCES `internal_users` (`id`) ON DELETE SET NULL,
  CONSTRAINT `fk_customer_request_returned_to_manager_returned_by_user_id` FOREIGN KEY (`returned_by_user_id`) REFERENCES `internal_users` (`id`) ON DELETE SET NULL,
  CONSTRAINT `fk_customer_request_returned_to_manager_updated_by` FOREIGN KEY (`updated_by`) REFERENCES `internal_users` (`id`) ON DELETE SET NULL
) ENGINE=InnoDB AUTO_INCREMENT=4 DEFAULT CHARSET=utf8mb4 COLLATE=utf8mb4_0900_ai_ci COMMENT='Trạng thái chuyển trả người quản lý';
/*!40101 SET character_set_client = @saved_cs_client */;

--
-- Dumping data for table `customer_request_returned_to_manager`
--

LOCK TABLES `customer_request_returned_to_manager` WRITE;
/*!40000 ALTER TABLE `customer_request_returned_to_manager` DISABLE KEYS */;
INSERT INTO `customer_request_returned_to_manager` VALUES (1,2,13,NULL,9,9,9,'2026-03-18 00:00:00','Chuyển trả cho Đăng','2026-03-18 07:51:19','2026-03-18 07:51:19'),(2,11,20,NULL,9,9,9,'2026-03-21 14:50:00','Task lỗi','2026-03-21 07:51:01','2026-03-21 07:51:01'),(3,19,34,NULL,9,9,9,'2026-03-24 10:12:00',NULL,'2026-03-24 03:12:47','2026-03-24 03:12:47');
/*!40000 ALTER TABLE `customer_request_returned_to_manager` ENABLE KEYS */;
UNLOCK TABLES;

--
-- Table structure for table `customer_request_status_attachments`
--

DROP TABLE IF EXISTS `customer_request_status_attachments`;
/*!40101 SET @saved_cs_client     = @@character_set_client */;
/*!50503 SET character_set_client = utf8mb4 */;
CREATE TABLE `customer_request_status_attachments` (
  `id` bigint unsigned NOT NULL AUTO_INCREMENT COMMENT 'ID liên kết file đính kèm',
  `request_case_id` bigint unsigned NOT NULL COMMENT 'Yêu cầu',
  `status_instance_id` bigint unsigned NOT NULL COMMENT 'Instance trạng thái',
  `attachment_id` bigint unsigned DEFAULT NULL COMMENT 'File đính kèm',
  `created_by` bigint unsigned DEFAULT NULL COMMENT 'Người tạo',
  `updated_by` bigint unsigned DEFAULT NULL COMMENT 'Người cập nhật',
  `created_at` timestamp NULL DEFAULT NULL,
  `updated_at` timestamp NULL DEFAULT NULL,
  PRIMARY KEY (`id`),
  KEY `fk_customer_request_status_attachments_case` (`request_case_id`),
  KEY `idx_customer_request_status_attachments_lookup` (`status_instance_id`,`attachment_id`),
  KEY `customer_request_status_attachments_created_by_index` (`created_by`),
  KEY `customer_request_status_attachments_updated_by_index` (`updated_by`),
  KEY `fk_customer_request_status_attachments_attachment_id` (`attachment_id`),
  CONSTRAINT `fk_customer_request_status_attachments_attachment_id` FOREIGN KEY (`attachment_id`) REFERENCES `attachments` (`id`) ON DELETE SET NULL,
  CONSTRAINT `fk_customer_request_status_attachments_case` FOREIGN KEY (`request_case_id`) REFERENCES `customer_request_cases` (`id`) ON DELETE CASCADE,
  CONSTRAINT `fk_customer_request_status_attachments_created_by` FOREIGN KEY (`created_by`) REFERENCES `internal_users` (`id`) ON DELETE SET NULL,
  CONSTRAINT `fk_customer_request_status_attachments_instance` FOREIGN KEY (`status_instance_id`) REFERENCES `customer_request_status_instances` (`id`) ON DELETE CASCADE,
  CONSTRAINT `fk_customer_request_status_attachments_updated_by` FOREIGN KEY (`updated_by`) REFERENCES `internal_users` (`id`) ON DELETE SET NULL
) ENGINE=InnoDB DEFAULT CHARSET=utf8mb4 COLLATE=utf8mb4_0900_ai_ci COMMENT='Liên kết file đính kèm theo từng trạng thái yêu cầu';
/*!40101 SET character_set_client = @saved_cs_client */;

--
-- Dumping data for table `customer_request_status_attachments`
--

LOCK TABLES `customer_request_status_attachments` WRITE;
/*!40000 ALTER TABLE `customer_request_status_attachments` DISABLE KEYS */;
/*!40000 ALTER TABLE `customer_request_status_attachments` ENABLE KEYS */;
UNLOCK TABLES;

--
-- Table structure for table `customer_request_status_catalogs`
--

DROP TABLE IF EXISTS `customer_request_status_catalogs`;
/*!40101 SET @saved_cs_client     = @@character_set_client */;
/*!50503 SET character_set_client = utf8mb4 */;
CREATE TABLE `customer_request_status_catalogs` (
  `id` bigint unsigned NOT NULL AUTO_INCREMENT COMMENT 'ID trạng thái',
  `status_code` varchar(80) NOT NULL COMMENT 'Mã trạng thái tiếng Anh',
  `status_name_vi` varchar(255) NOT NULL COMMENT 'Tên trạng thái tiếng Việt',
  `table_name` varchar(120) NOT NULL COMMENT 'Tên bảng trạng thái',
  `sort_order` smallint unsigned NOT NULL DEFAULT '0' COMMENT 'Thứ tự hiển thị',
  `is_active` tinyint(1) NOT NULL DEFAULT '1' COMMENT 'Còn sử dụng',
  `created_at` timestamp NULL DEFAULT NULL,
  `updated_at` timestamp NULL DEFAULT NULL,
  PRIMARY KEY (`id`),
  UNIQUE KEY `customer_request_status_catalogs_status_code_unique` (`status_code`)
) ENGINE=InnoDB AUTO_INCREMENT=13 DEFAULT CHARSET=utf8mb4 COLLATE=utf8mb4_0900_ai_ci COMMENT='Danh mục trạng thái workflow yêu cầu khách hàng';
/*!40101 SET character_set_client = @saved_cs_client */;

--
-- Dumping data for table `customer_request_status_catalogs`
--

LOCK TABLES `customer_request_status_catalogs` WRITE;
/*!40000 ALTER TABLE `customer_request_status_catalogs` DISABLE KEYS */;
INSERT INTO `customer_request_status_catalogs` VALUES (1,'new_intake','Mới tiếp nhận','customer_request_cases',10,1,'2026-03-17 00:29:22','2026-03-17 02:12:48'),(2,'waiting_customer_feedback','Đợi phản hồi từ khách hàng','customer_request_waiting_customer_feedbacks',20,1,'2026-03-17 00:29:22','2026-03-17 00:29:22'),(3,'in_progress','Đang xử lý','customer_request_in_progress',30,1,'2026-03-17 00:29:22','2026-03-17 00:29:22'),(4,'not_executed','Không thực hiện','customer_request_not_executed',40,1,'2026-03-17 00:29:22','2026-03-17 00:29:22'),(5,'completed','Hoàn thành','customer_request_completed',50,1,'2026-03-17 00:29:22','2026-03-17 00:29:22'),(6,'customer_notified','Báo khách hàng','customer_request_customer_notified',60,1,'2026-03-17 00:29:22','2026-03-17 00:29:22'),(7,'returned_to_manager','Chuyển trả người quản lý','customer_request_returned_to_manager',70,1,'2026-03-17 00:29:22','2026-03-17 00:29:22'),(8,'analysis','Phân tích','customer_request_analysis',80,1,'2026-03-17 00:29:22','2026-03-17 00:29:22'),(9,'pending_dispatch','Chờ PM điều phối','customer_request_pending_dispatch',15,0,'2026-03-21 05:51:52','2026-03-23 13:12:20'),(10,'dispatched','Đã phân công','customer_request_dispatched',18,0,'2026-03-21 05:51:52','2026-03-23 13:12:20'),(11,'coding','Đang lập trình','customer_request_coding',35,1,'2026-03-21 05:51:52','2026-03-21 05:51:52'),(12,'dms_transfer','Chuyển DMS','customer_request_dms_transfer',38,1,'2026-03-21 05:51:52','2026-03-21 05:51:52');
/*!40000 ALTER TABLE `customer_request_status_catalogs` ENABLE KEYS */;
UNLOCK TABLES;

--
-- Table structure for table `customer_request_status_instances`
--

DROP TABLE IF EXISTS `customer_request_status_instances`;
/*!40101 SET @saved_cs_client     = @@character_set_client */;
/*!50503 SET character_set_client = utf8mb4 */;
CREATE TABLE `customer_request_status_instances` (
  `id` bigint unsigned NOT NULL AUTO_INCREMENT COMMENT 'ID instance trạng thái',
  `request_case_id` bigint unsigned NOT NULL COMMENT 'Yêu cầu',
  `status_code` varchar(80) NOT NULL COMMENT 'Mã trạng thái',
  `status_table` varchar(120) NOT NULL COMMENT 'Tên bảng trạng thái',
  `status_row_id` bigint unsigned DEFAULT NULL COMMENT 'ID dòng trạng thái thực tế',
  `previous_instance_id` bigint unsigned DEFAULT NULL COMMENT 'Instance trạng thái trước',
  `next_instance_id` bigint unsigned DEFAULT NULL COMMENT 'Instance trạng thái sau',
  `decision_context_code` varchar(80) DEFAULT NULL COMMENT 'Mã context decision nghiệp vụ',
  `decision_outcome_code` varchar(80) DEFAULT NULL COMMENT 'Kết quả chọn trong decision',
  `decision_source_status_code` varchar(80) DEFAULT NULL COMMENT 'Trạng thái nguồn phát sinh decision',
  `entered_at` datetime DEFAULT NULL COMMENT 'Thời điểm vào trạng thái',
  `exited_at` datetime DEFAULT NULL COMMENT 'Thời điểm rời trạng thái',
  `is_current` tinyint(1) NOT NULL DEFAULT '1' COMMENT 'Có phải trạng thái hiện tại',
  `created_by` bigint unsigned DEFAULT NULL COMMENT 'Người tạo instance',
  `updated_by` bigint unsigned DEFAULT NULL COMMENT 'Người cập nhật instance',
  `created_at` timestamp NULL DEFAULT NULL,
  `updated_at` timestamp NULL DEFAULT NULL,
  PRIMARY KEY (`id`),
  KEY `idx_customer_request_status_instances_case_status` (`request_case_id`,`status_code`),
  KEY `customer_request_status_instances_previous_instance_id_index` (`previous_instance_id`),
  KEY `customer_request_status_instances_next_instance_id_index` (`next_instance_id`),
  KEY `customer_request_status_instances_created_by_index` (`created_by`),
  KEY `customer_request_status_instances_updated_by_index` (`updated_by`),
  CONSTRAINT `fk_customer_request_status_instances_case` FOREIGN KEY (`request_case_id`) REFERENCES `customer_request_cases` (`id`) ON DELETE CASCADE,
  CONSTRAINT `fk_customer_request_status_instances_created_by` FOREIGN KEY (`created_by`) REFERENCES `internal_users` (`id`) ON DELETE SET NULL,
  CONSTRAINT `fk_customer_request_status_instances_updated_by` FOREIGN KEY (`updated_by`) REFERENCES `internal_users` (`id`) ON DELETE SET NULL
) ENGINE=InnoDB AUTO_INCREMENT=39 DEFAULT CHARSET=utf8mb4 COLLATE=utf8mb4_0900_ai_ci COMMENT='Chuỗi trạng thái thực tế của từng yêu cầu';
/*!40101 SET character_set_client = @saved_cs_client */;

--
-- Dumping data for table `customer_request_status_instances`
--

LOCK TABLES `customer_request_status_instances` WRITE;
/*!40000 ALTER TABLE `customer_request_status_instances` DISABLE KEYS */;
INSERT INTO `customer_request_status_instances` VALUES (1,1,'new_intake','customer_request_cases',1,NULL,NULL,NULL,NULL,NULL,'2026-03-17 14:02:39',NULL,1,9,9,'2026-03-17 07:02:39','2026-03-17 07:03:26'),(2,2,'new_intake','customer_request_cases',2,NULL,3,NULL,NULL,NULL,'2026-03-17 14:21:41','2026-03-18 00:00:00',0,9,9,'2026-03-17 07:21:41','2026-03-18 03:47:02'),(3,2,'waiting_customer_feedback','customer_request_waiting_customer_feedbacks',1,2,13,NULL,NULL,NULL,'2026-03-18 00:00:00','2026-03-18 00:00:00',0,9,9,'2026-03-18 03:47:02','2026-03-18 07:51:19'),(11,10,'new_intake','customer_request_cases',10,NULL,12,NULL,NULL,NULL,'2026-03-18 12:52:30','2026-03-18 00:00:00',0,9,9,'2026-03-18 05:52:30','2026-03-18 07:49:55'),(12,10,'waiting_customer_feedback','customer_request_waiting_customer_feedbacks',2,11,NULL,NULL,NULL,NULL,'2026-03-18 00:00:00',NULL,1,9,9,'2026-03-18 07:49:55','2026-03-18 07:49:55'),(13,2,'returned_to_manager','customer_request_returned_to_manager',1,3,NULL,NULL,NULL,NULL,'2026-03-18 00:00:00',NULL,1,9,9,'2026-03-18 07:51:19','2026-03-18 07:51:19'),(14,11,'new_intake','customer_request_cases',11,NULL,15,NULL,NULL,NULL,'2026-03-18 14:55:28','2026-03-18 00:00:00',0,9,9,'2026-03-18 07:55:28','2026-03-18 15:34:06'),(15,11,'waiting_customer_feedback','customer_request_waiting_customer_feedbacks',3,14,20,NULL,NULL,NULL,'2026-03-18 00:00:00','2026-03-21 14:50:00',0,9,9,'2026-03-18 15:34:06','2026-03-21 07:51:01'),(16,12,'new_intake','customer_request_cases',12,NULL,17,NULL,NULL,NULL,'2026-03-18 23:05:53','2026-03-19 00:00:00',0,9,9,'2026-03-18 23:05:53','2026-03-18 23:11:23'),(17,12,'waiting_customer_feedback','customer_request_waiting_customer_feedbacks',4,16,NULL,NULL,NULL,NULL,'2026-03-19 00:00:00',NULL,1,9,9,'2026-03-18 23:11:23','2026-03-18 23:11:23'),(18,13,'new_intake','customer_request_cases',13,NULL,19,NULL,NULL,NULL,'2026-03-21 04:27:38','2026-03-21 04:27:38',0,9,9,'2026-03-21 04:27:38','2026-03-21 04:27:38'),(19,13,'in_progress','customer_request_in_progress',1,18,NULL,NULL,NULL,NULL,'2026-03-21 04:27:38',NULL,1,9,9,'2026-03-21 04:27:38','2026-03-21 04:27:38'),(20,11,'returned_to_manager','customer_request_returned_to_manager',2,15,NULL,NULL,NULL,NULL,'2026-03-21 14:50:00',NULL,1,9,9,'2026-03-21 07:51:01','2026-03-21 07:51:01'),(21,14,'new_intake','customer_request_cases',14,NULL,24,NULL,NULL,NULL,'2026-03-22 09:41:31','2026-03-23 00:00:00',0,9,9,'2026-03-22 09:41:31','2026-03-22 23:41:04'),(22,15,'new_intake','customer_request_cases',15,NULL,23,NULL,NULL,NULL,'2026-03-22 13:54:14','2026-03-22 14:22:27',0,9,9,'2026-03-22 13:54:14','2026-03-22 14:22:27'),(23,15,'new_intake','customer_request_cases',15,22,32,NULL,NULL,NULL,'2026-03-22 14:22:27','2026-03-23 21:41:00',0,9,9,'2026-03-22 14:22:27','2026-03-23 14:42:46'),(24,14,'waiting_customer_feedback','customer_request_waiting_customer_feedbacks',5,21,NULL,NULL,NULL,NULL,'2026-03-23 00:00:00',NULL,1,9,9,'2026-03-22 23:41:04','2026-03-22 23:41:04'),(25,16,'new_intake','customer_request_cases',16,NULL,26,NULL,NULL,NULL,'2026-03-23 04:04:44','2026-03-23 00:00:00',0,9,9,'2026-03-23 04:04:44','2026-03-23 04:06:44'),(26,16,'waiting_customer_feedback','customer_request_waiting_customer_feedbacks',6,25,27,NULL,NULL,NULL,'2026-03-23 00:00:00','2026-03-23 11:07:00',0,9,9,'2026-03-23 04:06:44','2026-03-23 04:07:36'),(27,16,'in_progress','customer_request_in_progress',2,26,NULL,NULL,NULL,NULL,'2026-03-23 11:07:00',NULL,1,9,9,'2026-03-23 04:07:36','2026-03-23 04:07:36'),(28,17,'new_intake','customer_request_cases',17,NULL,29,NULL,NULL,NULL,'2026-03-23 04:09:32','2026-03-23 00:00:00',0,9,9,'2026-03-23 04:09:32','2026-03-23 04:10:32'),(29,17,'waiting_customer_feedback','customer_request_waiting_customer_feedbacks',7,28,30,NULL,NULL,NULL,'2026-03-23 00:00:00','2026-03-23 11:17:00',0,9,9,'2026-03-23 04:10:32','2026-03-23 04:17:09'),(30,17,'not_executed','customer_request_not_executed',1,29,NULL,NULL,NULL,NULL,'2026-03-23 11:17:00',NULL,1,9,9,'2026-03-23 04:17:09','2026-03-23 04:17:09'),(31,18,'new_intake','customer_request_cases',18,NULL,NULL,NULL,NULL,NULL,'2026-03-23 10:15:28',NULL,1,9,9,'2026-03-23 10:15:28','2026-03-23 10:15:28'),(32,15,'in_progress','customer_request_in_progress',3,23,NULL,NULL,NULL,NULL,'2026-03-23 21:41:00',NULL,1,9,9,'2026-03-23 14:42:46','2026-03-23 14:42:46'),(33,19,'new_intake','customer_request_cases',19,NULL,34,NULL,NULL,NULL,'2026-03-23 23:48:07','2026-03-24 10:12:00',0,9,9,'2026-03-23 23:48:07','2026-03-24 03:12:47'),(34,19,'returned_to_manager','customer_request_returned_to_manager',3,33,NULL,NULL,NULL,NULL,'2026-03-24 10:12:00',NULL,1,9,9,'2026-03-24 03:12:47','2026-03-24 03:12:47'),(35,20,'new_intake','customer_request_cases',20,NULL,36,NULL,NULL,NULL,'2026-03-24 04:03:36','2026-03-24 11:04:00',0,9,9,'2026-03-24 04:03:36','2026-03-24 04:04:44'),(36,20,'in_progress','customer_request_in_progress',4,35,NULL,NULL,NULL,NULL,'2026-03-24 11:04:00',NULL,1,9,9,'2026-03-24 04:04:44','2026-03-24 04:04:44'),(37,21,'new_intake','customer_request_cases',21,NULL,NULL,NULL,NULL,NULL,'2026-03-24 10:08:00',NULL,1,9,9,'2026-03-24 10:08:00','2026-03-24 10:08:00'),(38,22,'new_intake','customer_request_cases',22,NULL,NULL,NULL,NULL,NULL,'2026-03-24 10:08:46',NULL,1,9,9,'2026-03-24 10:08:46','2026-03-24 10:08:46');
/*!40000 ALTER TABLE `customer_request_status_instances` ENABLE KEYS */;
UNLOCK TABLES;

--
-- Table structure for table `customer_request_status_ref_tasks`
--

DROP TABLE IF EXISTS `customer_request_status_ref_tasks`;
/*!40101 SET @saved_cs_client     = @@character_set_client */;
/*!50503 SET character_set_client = utf8mb4 */;
CREATE TABLE `customer_request_status_ref_tasks` (
  `id` bigint unsigned NOT NULL AUTO_INCREMENT COMMENT 'ID liên kết task tham chiếu',
  `request_case_id` bigint unsigned NOT NULL COMMENT 'Yêu cầu',
  `status_instance_id` bigint unsigned NOT NULL COMMENT 'Instance trạng thái',
  `ref_task_id` bigint unsigned DEFAULT NULL COMMENT 'Task tham chiếu',
  `created_by` bigint unsigned DEFAULT NULL COMMENT 'Người tạo',
  `updated_by` bigint unsigned DEFAULT NULL COMMENT 'Người cập nhật',
  `created_at` timestamp NULL DEFAULT NULL,
  `updated_at` timestamp NULL DEFAULT NULL,
  PRIMARY KEY (`id`),
  KEY `fk_customer_request_status_ref_tasks_case` (`request_case_id`),
  KEY `idx_customer_request_status_ref_tasks_lookup` (`status_instance_id`,`ref_task_id`),
  KEY `customer_request_status_ref_tasks_created_by_index` (`created_by`),
  KEY `customer_request_status_ref_tasks_updated_by_index` (`updated_by`),
  KEY `fk_customer_request_status_ref_tasks_ref_task_id` (`ref_task_id`),
  CONSTRAINT `fk_customer_request_status_ref_tasks_case` FOREIGN KEY (`request_case_id`) REFERENCES `customer_request_cases` (`id`) ON DELETE CASCADE,
  CONSTRAINT `fk_customer_request_status_ref_tasks_created_by` FOREIGN KEY (`created_by`) REFERENCES `internal_users` (`id`) ON DELETE SET NULL,
  CONSTRAINT `fk_customer_request_status_ref_tasks_instance` FOREIGN KEY (`status_instance_id`) REFERENCES `customer_request_status_instances` (`id`) ON DELETE CASCADE,
  CONSTRAINT `fk_customer_request_status_ref_tasks_ref_task_id` FOREIGN KEY (`ref_task_id`) REFERENCES `request_ref_tasks` (`id`) ON DELETE SET NULL,
  CONSTRAINT `fk_customer_request_status_ref_tasks_updated_by` FOREIGN KEY (`updated_by`) REFERENCES `internal_users` (`id`) ON DELETE SET NULL
) ENGINE=InnoDB AUTO_INCREMENT=6 DEFAULT CHARSET=utf8mb4 COLLATE=utf8mb4_0900_ai_ci COMMENT='Liên kết task tham chiếu theo từng trạng thái yêu cầu';
/*!40101 SET character_set_client = @saved_cs_client */;

--
-- Dumping data for table `customer_request_status_ref_tasks`
--

LOCK TABLES `customer_request_status_ref_tasks` WRITE;
/*!40000 ALTER TABLE `customer_request_status_ref_tasks` DISABLE KEYS */;
INSERT INTO `customer_request_status_ref_tasks` VALUES (1,11,14,8,9,9,'2026-03-18 07:55:28','2026-03-18 07:55:28'),(2,12,16,205,9,9,'2026-03-18 23:05:53','2026-03-18 23:05:53'),(3,12,16,8,9,9,'2026-03-18 23:05:53','2026-03-18 23:05:53'),(4,14,21,206,9,9,'2026-03-22 09:41:31','2026-03-22 09:41:31'),(5,14,24,207,9,9,'2026-03-22 23:41:04','2026-03-22 23:41:04');
/*!40000 ALTER TABLE `customer_request_status_ref_tasks` ENABLE KEYS */;
UNLOCK TABLES;

--
-- Table structure for table `customer_request_status_transitions`
--

DROP TABLE IF EXISTS `customer_request_status_transitions`;
/*!40101 SET @saved_cs_client     = @@character_set_client */;
/*!50503 SET character_set_client = utf8mb4 */;
CREATE TABLE `customer_request_status_transitions` (
  `id` bigint unsigned NOT NULL AUTO_INCREMENT COMMENT 'ID cấu hình chuyển trạng thái',
  `from_status_code` varchar(80) NOT NULL COMMENT 'Trạng thái đi',
  `to_status_code` varchar(80) NOT NULL COMMENT 'Trạng thái đến',
  `direction` varchar(20) NOT NULL DEFAULT 'forward' COMMENT 'Hướng chuyển trạng thái',
  `is_default` tinyint(1) NOT NULL DEFAULT '0' COMMENT 'Luồng mặc định',
  `is_active` tinyint(1) NOT NULL DEFAULT '1' COMMENT 'Còn hiệu lực',
  `sort_order` smallint unsigned NOT NULL DEFAULT '0' COMMENT 'Thứ tự ưu tiên',
  `notes` text COMMENT 'Ghi chú cấu hình',
  `created_at` timestamp NULL DEFAULT NULL,
  `updated_at` timestamp NULL DEFAULT NULL,
  PRIMARY KEY (`id`),
  UNIQUE KEY `uq_customer_request_status_transitions` (`from_status_code`,`to_status_code`,`direction`),
  KEY `idx_customer_request_status_transitions_from` (`from_status_code`,`is_active`)
) ENGINE=InnoDB AUTO_INCREMENT=53 DEFAULT CHARSET=utf8mb4 COLLATE=utf8mb4_0900_ai_ci COMMENT='Cấu hình chuyển bước workflow yêu cầu khách hàng';
/*!40101 SET character_set_client = @saved_cs_client */;

--
-- Dumping data for table `customer_request_status_transitions`
--

LOCK TABLES `customer_request_status_transitions` WRITE;
/*!40000 ALTER TABLE `customer_request_status_transitions` DISABLE KEYS */;
INSERT INTO `customer_request_status_transitions` VALUES (1,'new_intake','waiting_customer_feedback','forward',0,1,30,'Từ tiếp nhận chờ khách hàng bổ sung','2026-03-23 13:12:20','2026-03-23 13:12:20'),(2,'new_intake','in_progress','forward',0,1,40,'Performer nhận việc trực tiếp từ tiếp nhận','2026-03-23 13:12:20','2026-03-23 13:12:20'),(3,'new_intake','analysis','forward',0,1,50,'Từ tiếp nhận chuyển BA phân tích','2026-03-23 13:12:20','2026-03-23 13:12:20'),(4,'new_intake','returned_to_manager','forward',0,1,60,'Performer trả PM trực tiếp từ tiếp nhận','2026-03-23 13:12:20','2026-03-23 13:12:20'),(5,'new_intake','not_executed','forward',0,1,20,'Từ tiếp nhận chuyển không thực hiện','2026-03-23 13:12:20','2026-03-23 13:12:20'),(6,'waiting_customer_feedback','in_progress','forward',1,1,10,NULL,'2026-03-17 00:29:22','2026-03-17 00:29:22'),(7,'waiting_customer_feedback','returned_to_manager','forward',0,1,20,NULL,'2026-03-17 00:29:22','2026-03-17 00:29:22'),(8,'waiting_customer_feedback','not_executed','forward',0,1,30,NULL,'2026-03-17 00:29:22','2026-03-17 00:29:22'),(9,'analysis','in_progress','forward',1,1,10,NULL,'2026-03-17 00:29:22','2026-03-17 00:29:22'),(10,'analysis','returned_to_manager','forward',0,1,20,NULL,'2026-03-17 00:29:22','2026-03-17 00:29:22'),(11,'analysis','not_executed','forward',0,1,30,NULL,'2026-03-17 00:29:22','2026-03-17 00:29:22'),(12,'returned_to_manager','analysis','forward',1,1,10,NULL,'2026-03-17 00:29:22','2026-03-17 00:29:22'),(13,'returned_to_manager','in_progress','forward',0,1,20,'PM giao lại performer trực tiếp','2026-03-23 13:12:20','2026-03-23 13:12:20'),(14,'returned_to_manager','waiting_customer_feedback','forward',0,1,30,NULL,'2026-03-17 00:29:22','2026-03-17 00:29:22'),(15,'returned_to_manager','not_executed','forward',0,1,40,NULL,'2026-03-17 00:29:22','2026-03-17 00:29:22'),(16,'in_progress','completed','forward',1,1,10,NULL,'2026-03-17 00:29:22','2026-03-17 00:29:22'),(17,'in_progress','waiting_customer_feedback','forward',0,1,20,NULL,'2026-03-17 00:29:22','2026-03-17 00:29:22'),(18,'in_progress','analysis','forward',0,1,30,NULL,'2026-03-17 00:29:22','2026-03-17 00:29:22'),(19,'in_progress','returned_to_manager','forward',0,1,40,NULL,'2026-03-17 00:29:22','2026-03-17 00:29:22'),(20,'in_progress','not_executed','forward',0,1,50,NULL,'2026-03-17 00:29:22','2026-03-17 00:29:22'),(21,'completed','customer_notified','forward',1,1,10,NULL,'2026-03-17 00:29:22','2026-03-17 00:29:22'),(22,'completed','in_progress','backward',0,1,20,NULL,'2026-03-17 00:29:22','2026-03-17 00:29:22'),(23,'customer_notified','completed','backward',1,1,10,NULL,'2026-03-17 00:29:22','2026-03-17 00:29:22'),(24,'waiting_customer_feedback','new_intake','backward',0,1,40,NULL,'2026-03-17 00:29:22','2026-03-17 00:29:22'),(25,'analysis','new_intake','backward',0,1,40,NULL,'2026-03-17 00:29:22','2026-03-17 00:29:22'),(26,'returned_to_manager','new_intake','backward',0,1,50,NULL,'2026-03-17 00:29:22','2026-03-17 00:29:22'),(27,'in_progress','new_intake','backward',0,1,60,NULL,'2026-03-17 00:29:22','2026-03-17 00:29:22'),(28,'in_progress','analysis','backward',0,1,70,NULL,'2026-03-17 00:29:22','2026-03-17 00:29:22'),(29,'in_progress','returned_to_manager','backward',0,1,80,NULL,'2026-03-17 00:29:22','2026-03-17 00:29:22'),(30,'not_executed','returned_to_manager','backward',1,1,10,NULL,'2026-03-17 00:29:22','2026-03-17 00:29:22'),(31,'not_executed','analysis','backward',0,1,20,NULL,'2026-03-17 00:29:22','2026-03-17 00:29:22'),(32,'not_executed','new_intake','backward',0,1,30,NULL,'2026-03-17 00:29:22','2026-03-17 00:29:22'),(43,'analysis','coding','forward',0,1,40,'BA chuyển sang lập trình','2026-03-21 05:51:52','2026-03-21 05:51:52'),(44,'analysis','dms_transfer','forward',0,1,50,'BA chuyển sang DMS','2026-03-21 05:51:52','2026-03-21 05:51:52'),(45,'coding','completed','forward',1,1,10,'Lập trình hoàn thành (mặc định)','2026-03-21 05:51:52','2026-03-21 05:51:52'),(46,'coding','returned_to_manager','forward',0,1,20,'Dev trả lại PM','2026-03-21 05:51:52','2026-03-21 05:51:52'),(47,'dms_transfer','completed','forward',1,1,10,'DMS hoàn thành (mặc định)','2026-03-21 05:51:52','2026-03-21 05:51:52'),(48,'dms_transfer','returned_to_manager','forward',0,1,20,'DMS trả lại PM','2026-03-21 05:51:52','2026-03-21 05:51:52'),(51,'coding','analysis','backward',0,1,30,'Dev yêu cầu phân tích lại','2026-03-21 05:51:52','2026-03-21 05:51:52'),(52,'dms_transfer','analysis','backward',0,1,30,'DMS yêu cầu phân tích lại','2026-03-21 05:51:52','2026-03-21 05:51:52');
/*!40000 ALTER TABLE `customer_request_status_transitions` ENABLE KEYS */;
UNLOCK TABLES;

--
-- Table structure for table `customer_request_waiting_customer_feedbacks`
--

DROP TABLE IF EXISTS `customer_request_waiting_customer_feedbacks`;
/*!40101 SET @saved_cs_client     = @@character_set_client */;
/*!50503 SET character_set_client = utf8mb4 */;
CREATE TABLE `customer_request_waiting_customer_feedbacks` (
  `id` bigint unsigned NOT NULL AUTO_INCREMENT COMMENT 'ID dòng trạng thái',
  `request_case_id` bigint unsigned NOT NULL COMMENT 'Yêu cầu',
  `status_instance_id` bigint unsigned DEFAULT NULL COMMENT 'Instance trạng thái',
  `notes` text COMMENT 'Ghi chú',
  `created_by` bigint unsigned DEFAULT NULL COMMENT 'Người tạo',
  `updated_by` bigint unsigned DEFAULT NULL COMMENT 'Người cập nhật',
  `feedback_request_content` text COMMENT 'Nội dung yêu cầu khách hàng phản hồi',
  `feedback_requested_at` datetime DEFAULT NULL COMMENT 'Ngày gửi yêu cầu phản hồi',
  `customer_due_at` datetime DEFAULT NULL COMMENT 'Hạn phản hồi của khách hàng',
  `customer_feedback_at` datetime DEFAULT NULL COMMENT 'Ngày khách hàng phản hồi',
  `customer_feedback_content` text COMMENT 'Nội dung khách hàng phản hồi',
  `created_at` timestamp NULL DEFAULT NULL,
  `updated_at` timestamp NULL DEFAULT NULL,
  PRIMARY KEY (`id`),
  UNIQUE KEY `uq_crs_8692e4d6a4_inst` (`status_instance_id`),
  KEY `idx_crs_8692e4d6a4_case` (`request_case_id`),
  KEY `customer_request_waiting_customer_feedbacks_created_by_index` (`created_by`),
  KEY `customer_request_waiting_customer_feedbacks_updated_by_index` (`updated_by`),
  CONSTRAINT `fk_crs_8692e4d6a4_case` FOREIGN KEY (`request_case_id`) REFERENCES `customer_request_cases` (`id`) ON DELETE CASCADE,
  CONSTRAINT `fk_crs_8692e4d6a4_inst` FOREIGN KEY (`status_instance_id`) REFERENCES `customer_request_status_instances` (`id`) ON DELETE SET NULL,
  CONSTRAINT `fk_customer_request_waiting_customer_feedbacks_created_by` FOREIGN KEY (`created_by`) REFERENCES `internal_users` (`id`) ON DELETE SET NULL,
  CONSTRAINT `fk_customer_request_waiting_customer_feedbacks_updated_by` FOREIGN KEY (`updated_by`) REFERENCES `internal_users` (`id`) ON DELETE SET NULL
) ENGINE=InnoDB AUTO_INCREMENT=8 DEFAULT CHARSET=utf8mb4 COLLATE=utf8mb4_0900_ai_ci COMMENT='Trạng thái đợi phản hồi từ khách hàng';
/*!40101 SET character_set_client = @saved_cs_client */;

--
-- Dumping data for table `customer_request_waiting_customer_feedbacks`
--

LOCK TABLES `customer_request_waiting_customer_feedbacks` WRITE;
/*!40000 ALTER TABLE `customer_request_waiting_customer_feedbacks` DISABLE KEYS */;
INSERT INTO `customer_request_waiting_customer_feedbacks` VALUES (1,2,3,NULL,9,9,'khách hàng cần chốt','2026-03-18 00:00:00','2026-03-18 00:00:00',NULL,NULL,'2026-03-18 03:47:02','2026-03-18 03:47:02'),(2,10,12,NULL,9,9,NULL,'2026-03-18 00:00:00','2026-03-18 00:00:00',NULL,NULL,'2026-03-18 07:49:55','2026-03-18 07:49:55'),(3,11,15,NULL,9,9,NULL,'2026-03-18 00:00:00','2026-03-18 00:00:00',NULL,NULL,'2026-03-18 15:34:06','2026-03-18 15:34:06'),(4,12,17,NULL,9,9,NULL,'2026-03-19 00:00:00','2026-03-19 00:00:00',NULL,NULL,'2026-03-18 23:11:23','2026-03-18 23:11:23'),(5,14,24,NULL,9,9,NULL,'2026-03-23 00:00:00',NULL,NULL,NULL,'2026-03-22 23:41:04','2026-03-22 23:41:04'),(6,16,26,NULL,9,9,'yêu cầu khách hàng bổ sung thông tin máy','2026-03-23 00:00:00',NULL,NULL,NULL,'2026-03-23 04:06:44','2026-03-23 04:06:44'),(7,17,29,NULL,9,9,'Yêu KH cung cấp thông tin XN','2026-03-23 00:00:00',NULL,NULL,NULL,'2026-03-23 04:10:32','2026-03-23 04:10:32');
/*!40000 ALTER TABLE `customer_request_waiting_customer_feedbacks` ENABLE KEYS */;
UNLOCK TABLES;

--
-- Table structure for table `customer_request_worklogs`
--

DROP TABLE IF EXISTS `customer_request_worklogs`;
/*!40101 SET @saved_cs_client     = @@character_set_client */;
/*!50503 SET character_set_client = utf8mb4 */;
CREATE TABLE `customer_request_worklogs` (
  `id` bigint unsigned NOT NULL AUTO_INCREMENT COMMENT 'ID worklog',
  `request_case_id` bigint unsigned NOT NULL COMMENT 'Yêu cầu',
  `status_instance_id` bigint unsigned NOT NULL COMMENT 'Instance trạng thái',
  `status_code` varchar(80) NOT NULL COMMENT 'Mã trạng thái',
  `performed_by_user_id` bigint unsigned DEFAULT NULL COMMENT 'Người thực hiện',
  `work_content` text NOT NULL COMMENT 'Nội dung worklog',
  `work_started_at` datetime DEFAULT NULL COMMENT 'Giờ bắt đầu',
  `work_ended_at` datetime DEFAULT NULL COMMENT 'Giờ kết thúc',
  `hours_spent` decimal(8,2) DEFAULT NULL COMMENT 'Số giờ thực hiện',
  `created_by` bigint unsigned DEFAULT NULL COMMENT 'Người tạo',
  `updated_by` bigint unsigned DEFAULT NULL COMMENT 'Người cập nhật',
  `created_at` timestamp NULL DEFAULT NULL,
  `updated_at` timestamp NULL DEFAULT NULL,
  `work_date` date DEFAULT NULL COMMENT 'Ngày thực hiện',
  `activity_type_code` varchar(50) DEFAULT NULL COMMENT 'Mã loại công việc',
  `is_billable` tinyint(1) DEFAULT NULL COMMENT 'Có tính phí khách hàng hay không',
  `is_auto_transition` tinyint(1) DEFAULT NULL COMMENT 'Worklog phát sinh từ auto transition',
  `transition_id` bigint unsigned DEFAULT NULL COMMENT 'Transition liên quan nếu có',
  PRIMARY KEY (`id`),
  KEY `fk_customer_request_worklogs_status_instance` (`status_instance_id`),
  KEY `idx_customer_request_worklogs_case_status` (`request_case_id`,`status_instance_id`),
  KEY `customer_request_worklogs_performed_by_user_id_index` (`performed_by_user_id`),
  KEY `customer_request_worklogs_created_by_index` (`created_by`),
  KEY `customer_request_worklogs_updated_by_index` (`updated_by`),
  KEY `idx_crw_case_date_id` (`request_case_id`,`work_date`,`id`),
  KEY `idx_crw_instance_date_id` (`status_instance_id`,`work_date`,`id`),
  KEY `idx_crw_performer_date_id` (`performed_by_user_id`,`work_date`,`id`),
  KEY `idx_crw_billable_date_id` (`is_billable`,`work_date`,`id`),
  KEY `idx_crw_activity_date_id` (`activity_type_code`,`work_date`,`id`),
  CONSTRAINT `fk_customer_request_worklogs_case` FOREIGN KEY (`request_case_id`) REFERENCES `customer_request_cases` (`id`) ON DELETE CASCADE,
  CONSTRAINT `fk_customer_request_worklogs_created_by` FOREIGN KEY (`created_by`) REFERENCES `internal_users` (`id`) ON DELETE SET NULL,
  CONSTRAINT `fk_customer_request_worklogs_performed_by_user_id` FOREIGN KEY (`performed_by_user_id`) REFERENCES `internal_users` (`id`) ON DELETE SET NULL,
  CONSTRAINT `fk_customer_request_worklogs_status_instance` FOREIGN KEY (`status_instance_id`) REFERENCES `customer_request_status_instances` (`id`) ON DELETE CASCADE,
  CONSTRAINT `fk_customer_request_worklogs_updated_by` FOREIGN KEY (`updated_by`) REFERENCES `internal_users` (`id`) ON DELETE SET NULL
) ENGINE=InnoDB AUTO_INCREMENT=2 DEFAULT CHARSET=utf8mb4 COLLATE=utf8mb4_0900_ai_ci COMMENT='Worklog dùng chung cho toàn bộ trạng thái yêu cầu khách hàng';
/*!40101 SET character_set_client = @saved_cs_client */;

--
-- Dumping data for table `customer_request_worklogs`
--

LOCK TABLES `customer_request_worklogs` WRITE;
/*!40000 ALTER TABLE `customer_request_worklogs` DISABLE KEYS */;
INSERT INTO `customer_request_worklogs` VALUES (1,22,38,'new_intake',9,'Đang thực hiện',NULL,NULL,0.90,9,9,'2026-03-24 10:12:14','2026-03-24 10:12:14','2026-03-24','OTHER',1,NULL,NULL);
/*!40000 ALTER TABLE `customer_request_worklogs` ENABLE KEYS */;
UNLOCK TABLES;

--
-- Table structure for table `customers`
--

DROP TABLE IF EXISTS `customers`;
/*!40101 SET @saved_cs_client     = @@character_set_client */;
/*!50503 SET character_set_client = utf8mb4 */;
CREATE TABLE `customers` (
  `id` bigint unsigned NOT NULL AUTO_INCREMENT,
  `customer_code` varchar(100) CHARACTER SET utf8mb4 COLLATE utf8mb4_unicode_ci DEFAULT NULL,
  `customer_name` varchar(255) CHARACTER SET utf8mb4 COLLATE utf8mb4_unicode_ci NOT NULL,
  `tax_code` varchar(20) CHARACTER SET utf8mb4 COLLATE utf8mb4_unicode_ci DEFAULT NULL,
  `address` varchar(255) CHARACTER SET utf8mb4 COLLATE utf8mb4_unicode_ci DEFAULT NULL,
  `is_active` tinyint(1) NOT NULL DEFAULT '1',
  `created_at` timestamp NULL DEFAULT CURRENT_TIMESTAMP,
  `created_by` bigint unsigned DEFAULT NULL,
  `updated_at` timestamp NULL DEFAULT NULL ON UPDATE CURRENT_TIMESTAMP,
  `updated_by` bigint unsigned DEFAULT NULL,
  `deleted_at` timestamp NULL DEFAULT NULL,
  PRIMARY KEY (`id`),
  UNIQUE KEY `customer_code` (`customer_code`),
  KEY `idx_customers_deleted_at` (`deleted_at`)
) ENGINE=InnoDB AUTO_INCREMENT=99 DEFAULT CHARSET=utf8mb4 COLLATE=utf8mb4_unicode_ci COMMENT='Bảng 25: Khách hàng doanh nghiệp';
/*!40101 SET character_set_client = @saved_cs_client */;

--
-- Dumping data for table `customers`
--

LOCK TABLES `customers` WRITE;
/*!40000 ALTER TABLE `customers` DISABLE KEYS */;
INSERT INTO `customers` VALUES (1,'KH001','Ngân hàng Vietcombank','0100112437','198 Trần Quang Khải, Hoàn Kiếm, Hà Nội',1,'2026-02-23 08:16:35',NULL,'2026-02-23 08:19:41',NULL,NULL),(2,'KH002','Tập đoàn Petrolimex','0100107370','Số 1 Khâm Thiên, Đống Đa, Hà Nội',1,'2026-02-23 08:16:35',NULL,'2026-02-23 08:19:41',NULL,NULL),(3,'93007','Bệnh viện Sản - Nhi Hậu Giang','0101234567',NULL,1,'2026-02-25 01:03:51',NULL,'2026-02-25 01:03:51',NULL,NULL),(4,'93008','Bệnh viện Tâm thần - Da liễu Hậu Giang','0109876543',NULL,1,'2026-02-25 01:03:51',NULL,'2026-02-25 01:03:51',NULL,NULL),(5,'93100','Bệnh viện Phổi Hậu Giang','0118518519',NULL,1,'2026-02-25 01:03:51',NULL,'2026-02-25 01:03:51',NULL,NULL),(6,'93002','Trung tâm Y tế khu vực Vị Thủy','0127160495','Số 02 Nguyễn Trãi',1,'2026-02-25 01:03:51',NULL,'2026-02-26 20:27:32',1,NULL),(7,'93003','Trung tâm Y tế khu vực Long Mỹ','0135802471',NULL,1,'2026-02-25 01:03:51',NULL,'2026-02-25 01:03:51',NULL,NULL),(8,'93004','Trung tâm Y tế khu vực Phụng Hiệp','0144444447',NULL,1,'2026-02-25 01:03:51',NULL,'2026-02-25 01:03:51',NULL,NULL),(9,'93089','Phòng khám đa khoa KV Kinh Cùng','0153086423',NULL,1,'2026-02-25 01:03:51',NULL,'2026-02-25 01:03:51',NULL,NULL),(10,'93090','Phòng khám đa khoa KV Búng Tàu','0161728399',NULL,1,'2026-02-25 01:03:51',NULL,'2026-02-25 01:03:51',NULL,NULL),(11,'93108','Trung tâm Y tế Thành phố Ngã Bảy','0170370375',NULL,1,'2026-02-25 01:03:51',NULL,'2026-02-25 01:03:51',NULL,NULL),(12,'93005','Trung tâm Y tế Khu vực Châu Thành','0179012351',NULL,1,'2026-02-25 01:03:51',NULL,'2026-02-25 01:03:51',NULL,NULL),(13,'93006','Trung tâm Y tế khu vực Châu Thành A','0187654327',NULL,1,'2026-02-25 01:03:51',NULL,'2026-02-25 01:03:51',NULL,NULL),(14,'93016','Bệnh viện đa khoa khu vực Ngã Bảy','0196296303',NULL,1,'2026-02-25 01:03:51',NULL,'2026-02-25 01:03:51',NULL,NULL),(15,'93078','Trung tâm Y tế Huyện Long Mỹ','0204938279',NULL,1,'2026-02-25 01:03:51',NULL,'2026-02-25 01:03:51',NULL,NULL),(16,'93105','TT Phòng, Chống HIV/AIDS tỉnh Hậu Giang','0213580255',NULL,1,'2026-02-25 01:03:51',NULL,'2026-02-25 01:03:51',NULL,NULL),(17,'93106','Phòng khám đa khoa Thiên Tâm','0222222231',NULL,1,'2026-02-25 01:03:51',NULL,'2026-02-25 01:03:51',NULL,NULL),(18,'93107','Phòng khám đa khoa CARE MEDIC CẦN THƠ','0230864207',NULL,1,'2026-02-25 01:03:51',NULL,'2026-02-25 01:03:51',NULL,NULL),(19,'93109','Phòng khám đa khoa thuộc Trung tâm Y tế thành phố Vị Thanh','0239506183',NULL,1,'2026-02-25 01:03:51',NULL,'2026-02-25 01:03:51',NULL,NULL),(20,'93122','PHÒNG KHÁM ĐA KHOA TÂM AN','0248148159',NULL,1,'2026-02-25 01:03:52',NULL,'2026-02-25 01:03:52',NULL,NULL),(21,'93129','Phòng khám đa khoa Medic Tây Đô','0256790135',NULL,1,'2026-02-25 01:03:52',NULL,'2026-02-25 01:03:52',NULL,NULL),(22,'93130','Phòng khám đa khoa Tâm Phúc Cần Thơ','0265432111',NULL,1,'2026-02-25 01:03:52',NULL,'2026-02-25 01:03:52',NULL,NULL),(23,'93457','TTYT Dự phòng Tỉnh Hậu Giang','0274074087',NULL,1,'2026-02-25 01:03:52',NULL,'2026-02-25 01:03:52',NULL,NULL),(24,'93048','Trạm y tế xã Vị Thủy','0282716063',NULL,1,'2026-02-25 01:03:52',NULL,'2026-02-25 01:03:52',NULL,NULL),(25,'93049','Trạm Y tế Xã Vị Trung','0291358039',NULL,1,'2026-02-25 01:03:52',NULL,'2026-02-25 01:03:52',NULL,NULL),(26,'93050','Trạm Y tế Xã Vị Thủy','0300000015',NULL,1,'2026-02-25 01:03:52',NULL,'2026-02-25 01:03:52',NULL,NULL),(27,'93051','Trạm Y tế Xã Vị Thắng','0308641991',NULL,1,'2026-02-25 01:03:52',NULL,'2026-02-25 01:03:52',NULL,NULL),(28,'93052','Trạm y tế xã Vĩnh Thuận Đông','0317283967',NULL,1,'2026-02-25 01:03:52',NULL,'2026-02-25 01:03:52',NULL,NULL),(29,'93053','Trạm Y tế Xã Vĩnh Trung','0325925943',NULL,1,'2026-02-25 01:03:52',NULL,'2026-02-25 01:03:52',NULL,NULL),(30,'93054','Trạm y tế xã Vĩnh Tường','0334567919',NULL,1,'2026-02-25 01:03:52',NULL,'2026-02-25 01:03:52',NULL,NULL),(31,'93055','Trạm Y tế Xã Vị Đông','0343209895',NULL,1,'2026-02-25 01:03:52',NULL,'2026-02-25 01:03:52',NULL,NULL),(32,'93057','Trạm Y tế Xã Vị Bình','0351851871',NULL,1,'2026-02-25 01:03:52',NULL,'2026-02-25 01:03:52',NULL,NULL),(33,'93080','Trạm y tế xã Vị Thanh 1','0360493847',NULL,1,'2026-02-25 01:03:52',NULL,'2026-02-25 01:03:52',NULL,NULL),(34,'93019','Trạm Y tế phường Long Bình','0369135823',NULL,1,'2026-02-25 01:03:52',NULL,'2026-02-25 01:03:52',NULL,NULL),(35,'93058','TYT P. Thuận An (TYT TT Long Mỹ)','0377777799',NULL,1,'2026-02-25 01:03:52',NULL,'2026-02-25 01:03:52',NULL,NULL),(36,'93059','Trạm Y tế Xã Long Bình','0386419775',NULL,1,'2026-02-25 01:03:52',NULL,'2026-02-25 01:03:52',NULL,NULL),(37,'93060','Trạm Y tế Xã Long Trị','0395061751',NULL,1,'2026-02-25 01:03:52',NULL,'2026-02-25 01:03:52',NULL,NULL),(38,'93061','Trạm Y tế phường Long Phú 1','0403703727',NULL,1,'2026-02-25 01:03:52',NULL,'2026-02-25 01:03:52',NULL,NULL),(39,'93062','Trạm Y tế Xã Thuận Hưng','0412345703',NULL,1,'2026-02-25 01:03:52',NULL,'2026-02-25 01:03:52',NULL,NULL),(40,'93064','Trạm Y tế Xã Vĩnh Viễn','0420987679',NULL,1,'2026-02-25 01:03:52',NULL,'2026-02-25 01:03:52',NULL,NULL),(41,'93065','Trạm Y tế Xã Lương Tâm','0429629655',NULL,1,'2026-02-25 01:03:52',NULL,'2026-02-25 01:03:52',NULL,NULL),(42,'93066','Trạm Y tế xã Xà Phiên','0438271631',NULL,1,'2026-02-25 01:03:52',NULL,'2026-02-25 01:03:52',NULL,NULL),(43,'93092','Trạm y tế phường Trà Lồng','0446913607',NULL,1,'2026-02-25 01:03:52',NULL,'2026-02-25 01:03:52',NULL,NULL),(44,'93093','Trạm Y tế Thị trấn Trà Lồng','0455555583',NULL,1,'2026-02-25 01:03:52',NULL,'2026-02-25 01:03:52',NULL,NULL),(45,'93094','Trạm Y tế Xã Tân Phú','0464197559',NULL,1,'2026-02-25 01:03:52',NULL,'2026-02-25 01:03:52',NULL,NULL),(46,'93095','Trạm y tế xã Thuận Hòa','0472839535',NULL,1,'2026-02-25 01:03:52',NULL,'2026-02-25 01:03:52',NULL,NULL),(47,'93096','Trạm Y tế Xã Vĩnh Viễn A','0481481511',NULL,1,'2026-02-25 01:03:52',NULL,'2026-02-25 01:03:52',NULL,NULL),(48,'93097','Trạm Y tế phường Long Mỹ','0490123487',NULL,1,'2026-02-25 01:03:52',NULL,'2026-02-25 01:03:52',NULL,NULL),(49,'93098','Trạm Y tế Xã Lương Nghĩa','0498765463',NULL,1,'2026-02-25 01:03:52',NULL,'2026-02-25 01:03:52',NULL,NULL),(50,'93104','TYT phường Bình Thạnh','0507407439',NULL,1,'2026-02-25 01:03:52',NULL,'2026-02-25 01:03:52',NULL,NULL),(51,'93035','Trạm Y tế Thị trấn Cây Dương','0516049415',NULL,1,'2026-02-25 01:03:52',NULL,'2026-02-25 01:03:52',NULL,NULL),(52,'93036','Trạm Y tế Xã Tân Bình','0524691391',NULL,1,'2026-02-25 01:03:52',NULL,'2026-02-25 01:03:52',NULL,NULL),(53,'93037','Trạm Y tế Xã Bình Thành','0533333367',NULL,1,'2026-02-25 01:03:52',NULL,'2026-02-25 01:03:52',NULL,NULL),(54,'93038','Trạm Y tế Xã Thạnh Hòa','0541975343',NULL,1,'2026-02-25 01:03:52',NULL,'2026-02-25 01:03:52',NULL,NULL),(55,'93039','Trạm Y tế Xã Long Thạnh','0550617319',NULL,1,'2026-02-25 01:03:52',NULL,'2026-02-25 01:03:52',NULL,NULL),(56,'93040','Trạm Y tế Xã Phụng Hiệp','0559259295',NULL,1,'2026-02-25 01:03:52',NULL,'2026-02-25 01:03:52',NULL,NULL),(57,'93041','Trạm Y tế Xã Hòa Mỹ','0567901271',NULL,1,'2026-02-25 01:03:52',NULL,'2026-02-25 01:03:52',NULL,NULL),(58,'93042','Trạm Y tế Xã Hòa An','0576543247',NULL,1,'2026-02-25 01:03:52',NULL,'2026-02-25 01:03:52',NULL,NULL),(59,'93043','Trạm Y tế Xã Phương Bình','0585185223',NULL,1,'2026-02-25 01:03:52',NULL,'2026-02-25 01:03:52',NULL,NULL),(60,'93044','Trạm Y tế Xã Hiệp Hưng','0593827199',NULL,1,'2026-02-25 01:03:52',NULL,'2026-02-25 01:03:52',NULL,NULL),(61,'93045','Trạm Y tế Xã Tân Phước Hưng','0602469175',NULL,1,'2026-02-25 01:03:52',NULL,'2026-02-25 01:03:52',NULL,NULL),(62,'93046','Trạm Y tế Xã Phương Phú','0611111151',NULL,1,'2026-02-25 01:03:52',NULL,'2026-02-25 01:03:52',NULL,NULL),(63,'93047','Trạm Y tế Xã Tân Long','0619753127',NULL,1,'2026-02-25 01:03:52',NULL,'2026-02-25 01:03:52',NULL,NULL),(64,'93067','Trạm Y tế Phường Ngã Bảy','0628395103',NULL,1,'2026-02-25 01:03:52',NULL,'2026-02-25 01:03:52',NULL,NULL),(65,'93071','Trạm Y tế Xã Đại Thành','0637037079',NULL,1,'2026-02-25 01:03:52',NULL,'2026-02-25 01:03:52',NULL,NULL),(66,'93026','Trạm Y tế Thị trấn Ngã Sáu','0645679055',NULL,1,'2026-02-25 01:03:52',NULL,'2026-02-25 01:03:52',NULL,NULL),(67,'93027','Trạm Y tế xã Đông Phước','0654321031',NULL,1,'2026-02-25 01:03:52',NULL,'2026-02-25 01:03:52',NULL,NULL),(68,'93028','Trạm Y tế Xã Phú An','0662963007',NULL,1,'2026-02-25 01:03:52',NULL,'2026-02-25 01:03:52',NULL,NULL),(69,'93029','Trạm Y tế Xã Đông Phú','0671604983',NULL,1,'2026-02-25 01:03:52',NULL,'2026-02-25 01:03:52',NULL,NULL),(70,'93030','Trạm Y tế Xã Phú Hữu','0680246959',NULL,1,'2026-02-25 01:03:53',NULL,'2026-02-25 01:03:53',NULL,NULL),(71,'93031','Trạm Y tế xã Châu Thành','0688888935',NULL,1,'2026-02-25 01:03:53',NULL,'2026-02-25 01:03:53',NULL,NULL),(72,'93032','Trạm Y tế Xã Đông Phước','0697530911',NULL,1,'2026-02-25 01:03:53',NULL,'2026-02-25 01:03:53',NULL,NULL),(73,'93033','Trạm Y tế Xã Đông Phước A','0706172887',NULL,1,'2026-02-25 01:03:53',NULL,'2026-02-25 01:03:53',NULL,NULL),(74,'93087','Phòng khám đa khoa KV Phú Tân','0714814863',NULL,1,'2026-02-25 01:03:53',NULL,'2026-02-25 01:03:53',NULL,NULL),(75,'93018','Trạm Y tế Thị trấn Một Ngàn','0723456839',NULL,1,'2026-02-25 01:03:53',NULL,'2026-02-25 01:03:53',NULL,NULL),(76,'93020','Trạm Y tế Trường Long Tây','0732098815',NULL,1,'2026-02-25 01:03:53',NULL,'2026-02-25 01:03:53',NULL,NULL),(77,'93022','Trạm Y tế Xã Tân Hòa','0740740791',NULL,1,'2026-02-25 01:03:53',NULL,'2026-02-25 01:03:53',NULL,NULL),(78,'93023','Trạm Y tế Xã Nhơn Nghĩa A','0749382767',NULL,1,'2026-02-25 01:03:53',NULL,'2026-02-25 01:03:53',NULL,NULL),(79,'93024','Trạm Y tế Xã Thạnh Xuân',NULL,NULL,1,'2026-02-25 01:03:53',NULL,'2026-02-25 01:03:53',NULL,NULL),(80,'93025','Trạm Y tế Xã Tân Phú Thạnh',NULL,NULL,1,'2026-02-25 01:03:53',NULL,'2026-02-25 01:03:53',NULL,NULL),(81,'93073','Trạm Y tế Bảy Ngàn',NULL,NULL,1,'2026-02-25 01:03:53',NULL,'2026-02-25 01:03:53',NULL,NULL),(82,'93083','Trạm y tế thị trấn Rạch Gòi',NULL,NULL,1,'2026-02-25 01:03:53',NULL,'2026-02-25 01:03:53',NULL,NULL),(83,'93084','Trạm y tế thị trấn Cái Tắc',NULL,NULL,1,'2026-02-25 01:03:53',NULL,'2026-02-25 01:03:53',NULL,NULL),(84,'93086','Trạm Y tế Xã Trường Long A',NULL,NULL,1,'2026-02-25 01:03:53',NULL,'2026-02-25 01:03:53',NULL,NULL),(85,'93063','Trạm Y tế Xã Vĩnh Thuận Đông',NULL,NULL,1,'2026-02-25 01:03:53',NULL,'2026-02-25 01:03:53',NULL,NULL),(86,'93101','YTCQ Cty TNHH Lộc Tài II',NULL,NULL,1,'2026-02-25 01:03:53',NULL,'2026-02-25 01:03:53',NULL,NULL),(87,'93068','Trạm Y tế Phường Lái Hiếu',NULL,NULL,1,'2026-02-25 01:03:53',NULL,'2026-02-25 01:03:53',NULL,NULL),(88,'93069','Trạm Y tế Phường Hiệp Thành',NULL,NULL,1,'2026-02-25 01:03:53',NULL,'2026-02-25 01:03:53',NULL,NULL),(89,'93070','Trạm Y tế Xã Hiệp Lợi',NULL,NULL,1,'2026-02-25 01:03:53',NULL,'2026-02-25 01:03:53',NULL,NULL),(90,'93072','Trạm Y tế Xã Tân Thành',NULL,NULL,1,'2026-02-25 01:03:53',NULL,'2026-02-25 01:03:53',NULL,NULL),(91,'93009','Trạm y tế phường Vị Thanh',NULL,NULL,1,'2026-02-25 01:03:53',NULL,'2026-02-25 01:03:53',NULL,NULL),(92,'93010','Trạm Y tế Phường III',NULL,NULL,1,'2026-02-25 01:03:53',NULL,'2026-02-25 01:03:53',NULL,NULL),(93,'93011','Trạm Y tế Phường IV',NULL,NULL,1,'2026-02-25 01:03:53',NULL,'2026-02-25 01:03:53',NULL,NULL),(94,'93012','Trạm Y tế Phường V',NULL,NULL,1,'2026-02-25 01:03:53',NULL,'2026-02-25 01:03:53',NULL,NULL),(95,'93013','Trạm Y tế Phường VII',NULL,NULL,1,'2026-02-25 01:03:53',NULL,'2026-02-25 01:03:53',NULL,NULL),(96,'93014','Trạm Y tế Phường Vị Tân',NULL,NULL,1,'2026-02-25 01:03:53',NULL,'2026-02-25 01:03:53',NULL,NULL),(97,'93015','Trạm Y tế Xã Hỏa Lựu',NULL,NULL,1,'2026-02-25 01:03:53',NULL,'2026-02-25 01:03:53',NULL,NULL),(98,'93017','Trạm Y tế Xã Hỏa Tiế渁',NULL,NULL,1,'2026-02-25 01:03:53',NULL,'2026-02-25 01:03:53',NULL,NULL);
/*!40000 ALTER TABLE `customers` ENABLE KEYS */;
UNLOCK TABLES;

--
-- Table structure for table `department_weekly_schedule_entries`
--

DROP TABLE IF EXISTS `department_weekly_schedule_entries`;
/*!40101 SET @saved_cs_client     = @@character_set_client */;
/*!50503 SET character_set_client = utf8mb4 */;
CREATE TABLE `department_weekly_schedule_entries` (
  `id` bigint unsigned NOT NULL AUTO_INCREMENT,
  `schedule_id` bigint unsigned NOT NULL,
  `calendar_date` date NOT NULL,
  `session` enum('MORNING','AFTERNOON') NOT NULL,
  `sort_order` smallint unsigned NOT NULL DEFAULT '10',
  `work_content` text NOT NULL,
  `location` varchar(255) DEFAULT NULL,
  `participant_text` text,
  `created_at` timestamp NULL DEFAULT CURRENT_TIMESTAMP,
  `updated_at` timestamp NULL DEFAULT NULL ON UPDATE CURRENT_TIMESTAMP,
  `created_by` bigint unsigned DEFAULT NULL,
  `updated_by` bigint unsigned DEFAULT NULL,
  PRIMARY KEY (`id`),
  KEY `idx_dept_week_schedule_entry_group` (`schedule_id`,`calendar_date`,`session`),
  KEY `idx_dept_week_schedule_entry_date` (`calendar_date`),
  CONSTRAINT `fk_dept_week_schedule_entry_calendar` FOREIGN KEY (`calendar_date`) REFERENCES `monthly_calendars` (`date`) ON DELETE RESTRICT,
  CONSTRAINT `fk_dept_week_schedule_entry_schedule` FOREIGN KEY (`schedule_id`) REFERENCES `department_weekly_schedules` (`id`) ON DELETE CASCADE
) ENGINE=InnoDB AUTO_INCREMENT=16 DEFAULT CHARSET=utf8mb4 COLLATE=utf8mb4_0900_ai_ci;
/*!40101 SET character_set_client = @saved_cs_client */;

--
-- Dumping data for table `department_weekly_schedule_entries`
--

LOCK TABLES `department_weekly_schedule_entries` WRITE;
/*!40000 ALTER TABLE `department_weekly_schedule_entries` DISABLE KEYS */;
INSERT INTO `department_weekly_schedule_entries` VALUES (8,2,'2026-03-16','AFTERNOON',10,'Hop3 Hop2Hop3 Hop2Hop3 Hop2Hop3 Hop2Hop3 Hop2Hop3 Hop2','Hop3 Hop2',NULL,'2026-03-15 03:10:36','2026-03-15 03:10:36',9,9),(9,2,'2026-03-16','MORNING',10,'Hop1','Hop1Hop1Hop1Hop1Hop1',NULL,'2026-03-15 03:10:36','2026-03-15 03:10:36',9,9),(10,2,'2026-03-16','MORNING',20,'Hop2','Hop2 Hop2 Hop2 Hop2 Hop2',NULL,'2026-03-15 03:10:36','2026-03-15 03:10:36',9,9),(11,2,'2026-03-17','MORNING',10,'Thứ Ba - 17/03 Thứ Ba - 17/03','Thứ Ba - 17/03',NULL,'2026-03-15 03:10:36','2026-03-15 03:10:36',9,9),(12,2,'2026-03-17','MORNING',20,'Thứ Ba - 18/03 Thứ Ba - 18/03 Thứ Ba - 18/03','Thứ Ba - 18/03',NULL,'2026-03-15 03:10:36','2026-03-15 03:10:36',9,9),(13,1,'2026-03-16','AFTERNOON',10,'Họp với bệnh viện UB','Số 70 Đồng Khởi',NULL,'2026-03-16 00:36:35','2026-03-16 00:36:35',9,9),(14,1,'2026-03-16','MORNING',10,'7h30, Đi họp với Sở giáo dục_update','Sở Nông nghiệp',NULL,'2026-03-16 00:36:35','2026-03-16 07:56:38',9,9),(15,1,'2026-03-16','MORNING',20,'Họp đột xuất với phòng GP2','GP2',NULL,'2026-03-16 02:36:46','2026-03-16 08:01:23',9,9);
/*!40000 ALTER TABLE `department_weekly_schedule_entries` ENABLE KEYS */;
UNLOCK TABLES;

--
-- Table structure for table `department_weekly_schedule_entry_participants`
--

DROP TABLE IF EXISTS `department_weekly_schedule_entry_participants`;
/*!40101 SET @saved_cs_client     = @@character_set_client */;
/*!50503 SET character_set_client = utf8mb4 */;
CREATE TABLE `department_weekly_schedule_entry_participants` (
  `id` bigint unsigned NOT NULL AUTO_INCREMENT,
  `entry_id` bigint unsigned NOT NULL,
  `user_id` bigint unsigned DEFAULT NULL,
  `participant_name_snapshot` varchar(255) DEFAULT NULL,
  `sort_order` smallint unsigned NOT NULL DEFAULT '10',
  `created_at` timestamp NULL DEFAULT CURRENT_TIMESTAMP,
  `updated_at` timestamp NULL DEFAULT NULL ON UPDATE CURRENT_TIMESTAMP,
  PRIMARY KEY (`id`),
  KEY `idx_dept_week_schedule_participant_entry` (`entry_id`,`sort_order`),
  KEY `fk_dept_week_schedule_participant_user` (`user_id`),
  CONSTRAINT `fk_dept_week_schedule_participant_entry` FOREIGN KEY (`entry_id`) REFERENCES `department_weekly_schedule_entries` (`id`) ON DELETE CASCADE,
  CONSTRAINT `fk_dept_week_schedule_participant_user` FOREIGN KEY (`user_id`) REFERENCES `internal_users` (`id`) ON DELETE SET NULL
) ENGINE=InnoDB AUTO_INCREMENT=68 DEFAULT CHARSET=utf8mb4 COLLATE=utf8mb4_0900_ai_ci;
/*!40101 SET character_set_client = @saved_cs_client */;

--
-- Dumping data for table `department_weekly_schedule_entry_participants`
--

LOCK TABLES `department_weekly_schedule_entry_participants` WRITE;
/*!40000 ALTER TABLE `department_weekly_schedule_entry_participants` DISABLE KEYS */;
INSERT INTO `department_weekly_schedule_entry_participants` VALUES (23,8,27,'Đinh Minh Hoành',10,'2026-03-15 03:10:36','2026-03-15 03:10:36'),(24,8,46,'Dương Tố Như',20,'2026-03-15 03:10:36','2026-03-15 03:10:36'),(25,8,40,'Dương Hãi Băng',30,'2026-03-15 03:10:36','2026-03-15 03:10:36'),(26,8,18,'Châu Kim Tuấn',40,'2026-03-15 03:10:36','2026-03-15 03:10:36'),(27,9,46,'Dương Tố Như',10,'2026-03-15 03:10:36','2026-03-15 03:10:36'),(28,9,27,'Đinh Minh Hoành',20,'2026-03-15 03:10:36','2026-03-15 03:10:36'),(29,9,30,'Hồ Quốc Thảo',30,'2026-03-15 03:10:36','2026-03-15 03:10:36'),(30,10,46,'Dương Tố Như',10,'2026-03-15 03:10:36','2026-03-15 03:10:36'),(31,10,27,'Đinh Minh Hoành',20,'2026-03-15 03:10:36','2026-03-15 03:10:36'),(32,10,18,'Châu Kim Tuấn',30,'2026-03-15 03:10:36','2026-03-15 03:10:36'),(33,11,27,'Đinh Minh Hoành',10,'2026-03-15 03:10:36','2026-03-15 03:10:36'),(34,11,46,'Dương Tố Như',20,'2026-03-15 03:10:36','2026-03-15 03:10:36'),(35,11,40,'Dương Hãi Băng',30,'2026-03-15 03:10:36','2026-03-15 03:10:36'),(36,11,18,'Châu Kim Tuấn',40,'2026-03-15 03:10:36','2026-03-15 03:10:36'),(37,12,27,'Đinh Minh Hoành',10,'2026-03-15 03:10:36','2026-03-15 03:10:36'),(38,12,46,'Dương Tố Như',20,'2026-03-15 03:10:36','2026-03-15 03:10:36'),(39,12,40,'Dương Hãi Băng',30,'2026-03-15 03:10:36','2026-03-15 03:10:36'),(40,12,18,'Châu Kim Tuấn',40,'2026-03-15 03:10:36','2026-03-15 03:10:36'),(47,13,40,'Dương Hãi Băng',10,'2026-03-16 02:36:46','2026-03-16 02:36:46'),(48,13,27,'Đinh Minh Hoành',20,'2026-03-16 02:36:46','2026-03-16 02:36:46'),(49,13,46,'Dương Tố Như',30,'2026-03-16 02:36:46','2026-03-16 02:36:46'),(62,14,18,'Châu Kim Tuấn',10,'2026-03-16 08:01:17','2026-03-16 08:01:17'),(63,14,40,'Dương Hãi Băng',20,'2026-03-16 08:01:17','2026-03-16 08:01:17'),(64,14,46,'Dương Tố Như',30,'2026-03-16 08:01:17','2026-03-16 08:01:17'),(65,15,9,'Phan Văn Rở',10,'2026-03-16 08:01:23','2026-03-16 08:01:23'),(66,15,33,'Phan Nguyễn Trọng Phát',20,'2026-03-16 08:01:23','2026-03-16 08:01:23'),(67,15,35,'Hồ Văn Trọng',30,'2026-03-16 08:01:23','2026-03-16 08:01:23');
/*!40000 ALTER TABLE `department_weekly_schedule_entry_participants` ENABLE KEYS */;
UNLOCK TABLES;

--
-- Table structure for table `department_weekly_schedules`
--

DROP TABLE IF EXISTS `department_weekly_schedules`;
/*!40101 SET @saved_cs_client     = @@character_set_client */;
/*!50503 SET character_set_client = utf8mb4 */;
CREATE TABLE `department_weekly_schedules` (
  `id` bigint unsigned NOT NULL AUTO_INCREMENT,
  `department_id` bigint unsigned NOT NULL,
  `week_start_date` date NOT NULL,
  `created_at` timestamp NULL DEFAULT CURRENT_TIMESTAMP,
  `updated_at` timestamp NULL DEFAULT NULL ON UPDATE CURRENT_TIMESTAMP,
  `created_by` bigint unsigned DEFAULT NULL,
  `updated_by` bigint unsigned DEFAULT NULL,
  PRIMARY KEY (`id`),
  UNIQUE KEY `uq_dept_week_schedule` (`department_id`,`week_start_date`),
  KEY `idx_dept_week_schedule_start` (`week_start_date`),
  CONSTRAINT `fk_dept_week_schedule_department` FOREIGN KEY (`department_id`) REFERENCES `departments` (`id`) ON DELETE CASCADE
) ENGINE=InnoDB AUTO_INCREMENT=3 DEFAULT CHARSET=utf8mb4 COLLATE=utf8mb4_0900_ai_ci;
/*!40101 SET character_set_client = @saved_cs_client */;

--
-- Dumping data for table `department_weekly_schedules`
--

LOCK TABLES `department_weekly_schedules` WRITE;
/*!40000 ALTER TABLE `department_weekly_schedules` DISABLE KEYS */;
INSERT INTO `department_weekly_schedules` VALUES (1,2,'2026-03-16','2026-03-14 23:18:02','2026-03-14 23:18:02',9,9),(2,4,'2026-03-16','2026-03-15 00:20:00','2026-03-15 00:20:00',9,9);
/*!40000 ALTER TABLE `department_weekly_schedules` ENABLE KEYS */;
UNLOCK TABLES;

--
-- Table structure for table `departments`
--

DROP TABLE IF EXISTS `departments`;
/*!40101 SET @saved_cs_client     = @@character_set_client */;
/*!50503 SET character_set_client = utf8mb4 */;
CREATE TABLE `departments` (
  `id` bigint unsigned NOT NULL AUTO_INCREMENT,
  `uuid` char(36) CHARACTER SET utf8mb4 COLLATE utf8mb4_unicode_ci NOT NULL DEFAULT (uuid()),
  `dept_code` varchar(50) CHARACTER SET utf8mb4 COLLATE utf8mb4_unicode_ci NOT NULL,
  `dept_name` varchar(150) CHARACTER SET utf8mb4 COLLATE utf8mb4_unicode_ci NOT NULL,
  `parent_id` bigint unsigned DEFAULT NULL,
  `dept_path` varchar(255) CHARACTER SET utf8mb4 COLLATE utf8mb4_unicode_ci NOT NULL COMMENT 'Định dạng 1/2/5/',
  `status` enum('ACTIVE','INACTIVE') CHARACTER SET utf8mb4 COLLATE utf8mb4_unicode_ci NOT NULL DEFAULT 'ACTIVE',
  `created_at` timestamp NULL DEFAULT CURRENT_TIMESTAMP,
  `created_by` bigint unsigned DEFAULT NULL,
  `updated_at` timestamp NULL DEFAULT NULL ON UPDATE CURRENT_TIMESTAMP,
  `updated_by` bigint unsigned DEFAULT NULL,
  `deleted_at` timestamp NULL DEFAULT NULL,
  PRIMARY KEY (`id`),
  UNIQUE KEY `uuid` (`uuid`),
  UNIQUE KEY `dept_code` (`dept_code`),
  KEY `fk_dept_parent` (`parent_id`),
  KEY `idx_departments_deleted_at` (`deleted_at`),
  CONSTRAINT `fk_dept_parent` FOREIGN KEY (`parent_id`) REFERENCES `departments` (`id`) ON DELETE SET NULL
) ENGINE=InnoDB AUTO_INCREMENT=8 DEFAULT CHARSET=utf8mb4 COLLATE=utf8mb4_unicode_ci COMMENT='Bảng 8: Cơ cấu tổ chức phòng ban';
/*!40101 SET character_set_client = @saved_cs_client */;

--
-- Dumping data for table `departments`
--

LOCK TABLES `departments` WRITE;
/*!40000 ALTER TABLE `departments` DISABLE KEYS */;
INSERT INTO `departments` VALUES (1,'9370dd70-10c8-11f1-a6f1-c80ff292045c','TTKDGP','Trung tâm Kinh doanh Giải pháp',4,'1/','ACTIVE','2026-02-23 08:01:47',NULL,'2026-03-01 06:47:46',NULL,NULL),(2,'93742430-10c8-11f1-a6f1-c80ff292045c','PGP2','Phòng giải Pháp 2',1,'1/2/','ACTIVE','2026-02-23 08:01:47',NULL,'2026-03-01 07:09:55',NULL,NULL),(3,'9376de78-10c8-11f1-a6f1-c80ff292045c','TTH','Tổ tổng hợp',1,'1/3/','ACTIVE','2026-02-23 08:01:47',NULL,'2026-03-01 07:12:58',NULL,NULL),(4,'abbbb6be-124b-11f1-a6f1-c80ff292045c','BGĐVT','Ban giám đốc Viễn Thông',NULL,'4/','ACTIVE','2026-02-25 06:12:43',NULL,'2026-02-25 13:12:43',NULL,NULL),(5,'d7cf53ac-1578-11f1-8c5f-24a3c6f67e95','PGP1','Phòng Giải pháp 1',1,'1/5/','ACTIVE','2026-03-01 07:13:38',NULL,'2026-03-01 07:13:38',NULL,NULL),(6,'e161e722-1578-11f1-8c5f-24a3c6f67e95','PKT','Phòng Kế toán',4,'4/6/','ACTIVE','2026-03-01 07:13:54',NULL,'2026-03-01 07:13:54',NULL,NULL),(7,'e7f8f562-25fe-11f1-bf74-3bb3d1fd8089','VTNK','VNPT Ninh Kiều',4,'4/7/','ACTIVE','2026-03-22 14:53:36',NULL,'2026-03-22 14:53:36',NULL,NULL);
/*!40000 ALTER TABLE `departments` ENABLE KEYS */;
UNLOCK TABLES;

--
-- Table structure for table `document_product_links`
--

DROP TABLE IF EXISTS `document_product_links`;
/*!40101 SET @saved_cs_client     = @@character_set_client */;
/*!50503 SET character_set_client = utf8mb4 */;
CREATE TABLE `document_product_links` (
  `id` bigint unsigned NOT NULL AUTO_INCREMENT,
  `document_id` bigint unsigned NOT NULL,
  `product_id` bigint unsigned NOT NULL,
  `created_by` bigint unsigned DEFAULT NULL,
  `created_at` timestamp NULL DEFAULT CURRENT_TIMESTAMP,
  PRIMARY KEY (`id`),
  UNIQUE KEY `uq_document_product_links_pair` (`document_id`,`product_id`),
  KEY `idx_document_product_links_product` (`product_id`),
  CONSTRAINT `document_product_links_document_id_foreign` FOREIGN KEY (`document_id`) REFERENCES `documents` (`id`) ON DELETE CASCADE,
  CONSTRAINT `document_product_links_product_id_foreign` FOREIGN KEY (`product_id`) REFERENCES `products` (`id`) ON DELETE CASCADE
) ENGINE=InnoDB AUTO_INCREMENT=8 DEFAULT CHARSET=utf8mb4 COLLATE=utf8mb4_0900_ai_ci;
/*!40101 SET character_set_client = @saved_cs_client */;

--
-- Dumping data for table `document_product_links`
--

LOCK TABLES `document_product_links` WRITE;
/*!40000 ALTER TABLE `document_product_links` DISABLE KEYS */;
INSERT INTO `document_product_links` VALUES (4,1,1,NULL,'2026-02-25 13:17:00'),(5,2,2,NULL,'2026-02-25 13:17:00'),(7,4,1,1,'2026-02-25 07:18:02');
/*!40000 ALTER TABLE `document_product_links` ENABLE KEYS */;
UNLOCK TABLES;

--
-- Table structure for table `document_types`
--

DROP TABLE IF EXISTS `document_types`;
/*!40101 SET @saved_cs_client     = @@character_set_client */;
/*!50503 SET character_set_client = utf8mb4 */;
CREATE TABLE `document_types` (
  `id` bigint unsigned NOT NULL AUTO_INCREMENT,
  `type_code` varchar(50) CHARACTER SET utf8mb4 COLLATE utf8mb4_unicode_ci NOT NULL,
  `type_name` varchar(100) CHARACTER SET utf8mb4 COLLATE utf8mb4_unicode_ci NOT NULL,
  `created_at` timestamp NULL DEFAULT CURRENT_TIMESTAMP,
  `created_by` bigint unsigned DEFAULT NULL,
  `updated_at` timestamp NULL DEFAULT NULL ON UPDATE CURRENT_TIMESTAMP,
  `updated_by` bigint unsigned DEFAULT NULL,
  PRIMARY KEY (`id`),
  UNIQUE KEY `type_code` (`type_code`)
) ENGINE=InnoDB AUTO_INCREMENT=4 DEFAULT CHARSET=utf8mb4 COLLATE=utf8mb4_unicode_ci COMMENT='Bảng 31: Loại tài liệu';
/*!40101 SET character_set_client = @saved_cs_client */;

--
-- Dumping data for table `document_types`
--

LOCK TABLES `document_types` WRITE;
/*!40000 ALTER TABLE `document_types` DISABLE KEYS */;
INSERT INTO `document_types` VALUES (1,'DT001','Hợp đồng kinh tế','2026-02-23 08:16:35',NULL,'2026-02-23 08:19:41',NULL),(2,'DT002','Biên bản nghiệm thu','2026-02-23 08:16:35',NULL,'2026-02-23 08:19:41',NULL),(3,'DT_PRICING','Văn bản giá sản phẩm','2026-02-25 07:18:02',NULL,NULL,NULL);
/*!40000 ALTER TABLE `document_types` ENABLE KEYS */;
UNLOCK TABLES;

--
-- Table structure for table `documents`
--

DROP TABLE IF EXISTS `documents`;
/*!40101 SET @saved_cs_client     = @@character_set_client */;
/*!50503 SET character_set_client = utf8mb4 */;
CREATE TABLE `documents` (
  `id` bigint unsigned NOT NULL AUTO_INCREMENT,
  `document_code` varchar(50) CHARACTER SET utf8mb4 COLLATE utf8mb4_unicode_ci NOT NULL,
  `document_name` varchar(255) CHARACTER SET utf8mb4 COLLATE utf8mb4_unicode_ci NOT NULL,
  `document_type_id` bigint unsigned NOT NULL,
  `customer_id` bigint unsigned DEFAULT NULL,
  `project_id` bigint unsigned DEFAULT NULL,
  `expiry_date` date DEFAULT NULL,
  `status` enum('ACTIVE','SUSPENDED','EXPIRED') CHARACTER SET utf8mb4 COLLATE utf8mb4_unicode_ci DEFAULT 'ACTIVE',
  `created_at` timestamp NULL DEFAULT CURRENT_TIMESTAMP,
  `created_by` bigint unsigned DEFAULT NULL,
  `updated_at` timestamp NULL DEFAULT NULL ON UPDATE CURRENT_TIMESTAMP,
  `updated_by` bigint unsigned DEFAULT NULL,
  `deleted_at` timestamp NULL DEFAULT NULL,
  PRIMARY KEY (`id`),
  UNIQUE KEY `document_code` (`document_code`),
  KEY `fk_doc_type` (`document_type_id`),
  KEY `fk_doc_proj` (`project_id`),
  KEY `idx_documents_customer_id` (`customer_id`),
  KEY `idx_documents_deleted_at` (`deleted_at`),
  CONSTRAINT `fk_doc_customer` FOREIGN KEY (`customer_id`) REFERENCES `customers` (`id`) ON DELETE SET NULL,
  CONSTRAINT `fk_doc_proj` FOREIGN KEY (`project_id`) REFERENCES `projects` (`id`),
  CONSTRAINT `fk_doc_type` FOREIGN KEY (`document_type_id`) REFERENCES `document_types` (`id`)
) ENGINE=InnoDB AUTO_INCREMENT=6 DEFAULT CHARSET=utf8mb4 COLLATE=utf8mb4_unicode_ci COMMENT='Bảng 32: Hồ sơ / Công văn / Tài liệu';
/*!40101 SET character_set_client = @saved_cs_client */;

--
-- Dumping data for table `documents`
--

LOCK TABLES `documents` WRITE;
/*!40000 ALTER TABLE `documents` DISABLE KEYS */;
INSERT INTO `documents` VALUES (1,'DOC001','Hợp đồng VNPT HIS - Bản chính',1,1,1,'2026-12-31','ACTIVE','2026-02-23 08:16:35',NULL,'2026-02-23 08:19:41',NULL,NULL),(2,'DOC002','Biên bản nghiệm thu giai đoạn 1',2,2,2,'2026-09-30','ACTIVE','2026-02-23 08:16:35',NULL,'2026-02-23 08:19:41',NULL,NULL),(4,'PRC_TEST_1772029082','Văn bản giá test',3,NULL,NULL,'2026-02-25','ACTIVE','2026-02-25 14:18:02',1,'2026-02-26 02:33:29',1,NULL),(5,'SMOKE_DOC_1772626222','Smoke Security Document',1,1,NULL,NULL,'ACTIVE','2026-03-04 12:10:23',9,'2026-03-04 05:11:10',9,'2026-03-04 05:11:10');
/*!40000 ALTER TABLE `documents` ENABLE KEYS */;
UNLOCK TABLES;

--
-- Table structure for table `dunning_logs`
--

DROP TABLE IF EXISTS `dunning_logs`;
/*!40101 SET @saved_cs_client     = @@character_set_client */;
/*!50503 SET character_set_client = utf8mb4 */;
CREATE TABLE `dunning_logs` (
  `id` bigint unsigned NOT NULL AUTO_INCREMENT,
  `invoice_id` bigint unsigned NOT NULL,
  `customer_id` bigint unsigned NOT NULL,
  `dunning_level` tinyint NOT NULL DEFAULT '1' COMMENT '1=nhắc lần 1, 2=nhắc lần 2, 3=cảnh báo',
  `sent_at` timestamp NOT NULL DEFAULT CURRENT_TIMESTAMP,
  `sent_via` varchar(30) NOT NULL DEFAULT 'SYSTEM' COMMENT 'SYSTEM | EMAIL | MANUAL',
  `message` text COMMENT 'Nội dung nhắc',
  `response_note` text COMMENT 'Ghi chú phản hồi từ KH',
  `created_by` bigint unsigned DEFAULT NULL,
  `created_at` timestamp NULL DEFAULT NULL,
  `updated_at` timestamp NULL DEFAULT NULL,
  PRIMARY KEY (`id`),
  KEY `idx_dl_invoice` (`invoice_id`),
  KEY `idx_dl_customer` (`customer_id`),
  KEY `idx_dl_level` (`dunning_level`),
  CONSTRAINT `dunning_logs_customer_id_foreign` FOREIGN KEY (`customer_id`) REFERENCES `customers` (`id`),
  CONSTRAINT `dunning_logs_invoice_id_foreign` FOREIGN KEY (`invoice_id`) REFERENCES `invoices` (`id`)
) ENGINE=InnoDB DEFAULT CHARSET=utf8mb4 COLLATE=utf8mb4_0900_ai_ci;
/*!40101 SET character_set_client = @saved_cs_client */;

--
-- Dumping data for table `dunning_logs`
--

LOCK TABLES `dunning_logs` WRITE;
/*!40000 ALTER TABLE `dunning_logs` DISABLE KEYS */;
/*!40000 ALTER TABLE `dunning_logs` ENABLE KEYS */;
UNLOCK TABLES;

--
-- Table structure for table `failed_jobs`
--

DROP TABLE IF EXISTS `failed_jobs`;
/*!40101 SET @saved_cs_client     = @@character_set_client */;
/*!50503 SET character_set_client = utf8mb4 */;
CREATE TABLE `failed_jobs` (
  `id` bigint unsigned NOT NULL AUTO_INCREMENT,
  `uuid` varchar(255) CHARACTER SET utf8mb4 COLLATE utf8mb4_unicode_ci NOT NULL,
  `connection` text CHARACTER SET utf8mb4 COLLATE utf8mb4_unicode_ci NOT NULL,
  `queue` text CHARACTER SET utf8mb4 COLLATE utf8mb4_unicode_ci NOT NULL,
  `payload` longtext CHARACTER SET utf8mb4 COLLATE utf8mb4_unicode_ci NOT NULL,
  `exception` longtext CHARACTER SET utf8mb4 COLLATE utf8mb4_unicode_ci NOT NULL,
  `failed_at` timestamp NOT NULL DEFAULT CURRENT_TIMESTAMP,
  PRIMARY KEY (`id`),
  UNIQUE KEY `uuid` (`uuid`)
) ENGINE=InnoDB DEFAULT CHARSET=utf8mb4 COLLATE=utf8mb4_unicode_ci COMMENT='Bảng 5: Các job bị lỗi';
/*!40101 SET character_set_client = @saved_cs_client */;

--
-- Dumping data for table `failed_jobs`
--

LOCK TABLES `failed_jobs` WRITE;
/*!40000 ALTER TABLE `failed_jobs` DISABLE KEYS */;
/*!40000 ALTER TABLE `failed_jobs` ENABLE KEYS */;
UNLOCK TABLES;

--
-- Table structure for table `feedback_requests`
--

DROP TABLE IF EXISTS `feedback_requests`;
/*!40101 SET @saved_cs_client     = @@character_set_client */;
/*!50503 SET character_set_client = utf8mb4 */;
CREATE TABLE `feedback_requests` (
  `id` bigint unsigned NOT NULL AUTO_INCREMENT,
  `uuid` char(36) NOT NULL COMMENT 'UUID góp ý',
  `title` varchar(255) NOT NULL COMMENT 'Tiêu đề góp ý',
  `description` text COMMENT 'Nội dung chi tiết góp ý',
  `priority` enum('UNRATED','LOW','MEDIUM','HIGH') NOT NULL DEFAULT 'UNRATED' COMMENT 'Mức độ ưu tiên',
  `status` enum('OPEN','IN_PROGRESS','RESOLVED','CLOSED','CANCELLED') NOT NULL DEFAULT 'OPEN' COMMENT 'Trạng thái xử lý góp ý',
  `created_by` bigint unsigned DEFAULT NULL COMMENT 'Người tạo góp ý',
  `updated_by` bigint unsigned DEFAULT NULL COMMENT 'Người cập nhật cuối',
  `status_changed_by` bigint unsigned DEFAULT NULL COMMENT 'Người đổi trạng thái gần nhất',
  `status_changed_at` datetime DEFAULT NULL COMMENT 'Thời gian đổi trạng thái gần nhất',
  `deleted_at` timestamp NULL DEFAULT NULL,
  `created_at` timestamp NULL DEFAULT NULL,
  `updated_at` timestamp NULL DEFAULT NULL,
  PRIMARY KEY (`id`),
  UNIQUE KEY `uq_feedback_requests_uuid` (`uuid`),
  KEY `idx_feedback_creator_status_created` (`created_by`,`status`,`created_at`),
  KEY `idx_feedback_status_priority_created` (`status`,`priority`,`created_at`)
) ENGINE=InnoDB AUTO_INCREMENT=3 DEFAULT CHARSET=utf8mb4 COLLATE=utf8mb4_0900_ai_ci;
/*!40101 SET character_set_client = @saved_cs_client */;

--
-- Dumping data for table `feedback_requests`
--

LOCK TABLES `feedback_requests` WRITE;
/*!40000 ALTER TABLE `feedback_requests` DISABLE KEYS */;
INSERT INTO `feedback_requests` VALUES (1,'38fa9cf6-8364-40da-882a-cbc05d0fba73','Hệ thống lỗi','Cần điều chỉnh chức năng để xử lý','LOW','IN_PROGRESS',9,9,9,'2026-03-18 08:43:49',NULL,'2026-03-17 23:51:32','2026-03-19 02:10:24'),(2,'b55b4008-d98c-4de0-b7d6-2098aa86a66d','Góp ý','Mô tả góp ý','MEDIUM','RESOLVED',9,9,9,'2026-03-18 08:44:02',NULL,'2026-03-18 00:49:34','2026-03-19 02:12:14');
/*!40000 ALTER TABLE `feedback_requests` ENABLE KEYS */;
UNLOCK TABLES;

--
-- Table structure for table `feedback_responses`
--

DROP TABLE IF EXISTS `feedback_responses`;
/*!40101 SET @saved_cs_client     = @@character_set_client */;
/*!50503 SET character_set_client = utf8mb4 */;
CREATE TABLE `feedback_responses` (
  `id` bigint unsigned NOT NULL AUTO_INCREMENT,
  `feedback_id` bigint unsigned NOT NULL COMMENT 'Góp ý cha',
  `content` text NOT NULL COMMENT 'Nội dung phản hồi',
  `is_admin_response` tinyint(1) NOT NULL DEFAULT '0' COMMENT 'Có phải phản hồi của admin',
  `created_by` bigint unsigned DEFAULT NULL COMMENT 'Người tạo phản hồi',
  `deleted_at` timestamp NULL DEFAULT NULL,
  `created_at` timestamp NULL DEFAULT NULL,
  `updated_at` timestamp NULL DEFAULT NULL,
  PRIMARY KEY (`id`),
  KEY `idx_feedback_responses_feedback_created` (`feedback_id`,`created_at`),
  CONSTRAINT `fk_feedback_responses_feedback` FOREIGN KEY (`feedback_id`) REFERENCES `feedback_requests` (`id`) ON DELETE CASCADE
) ENGINE=InnoDB AUTO_INCREMENT=3 DEFAULT CHARSET=utf8mb4 COLLATE=utf8mb4_0900_ai_ci;
/*!40101 SET character_set_client = @saved_cs_client */;

--
-- Dumping data for table `feedback_responses`
--

LOCK TABLES `feedback_responses` WRITE;
/*!40000 ALTER TABLE `feedback_responses` DISABLE KEYS */;
INSERT INTO `feedback_responses` VALUES (1,2,'Đã xử lý',1,9,NULL,'2026-03-18 00:49:56','2026-03-18 00:49:56'),(2,2,'Chưa xong',1,9,NULL,'2026-03-18 01:40:59','2026-03-18 01:40:59');
/*!40000 ALTER TABLE `feedback_responses` ENABLE KEYS */;
UNLOCK TABLES;

--
-- Table structure for table `integration_settings`
--

DROP TABLE IF EXISTS `integration_settings`;
/*!40101 SET @saved_cs_client     = @@character_set_client */;
/*!50503 SET character_set_client = utf8mb4 */;
CREATE TABLE `integration_settings` (
  `id` bigint unsigned NOT NULL AUTO_INCREMENT,
  `provider` varchar(100) NOT NULL,
  `is_enabled` tinyint(1) NOT NULL DEFAULT '0',
  `contract_expiry_warning_days` smallint unsigned DEFAULT NULL,
  `contract_payment_warning_days` smallint unsigned DEFAULT NULL,
  `account_email` varchar(255) DEFAULT NULL,
  `access_key_id` varchar(255) DEFAULT NULL,
  `folder_id` varchar(255) DEFAULT NULL,
  `bucket_name` varchar(255) DEFAULT NULL,
  `bucket_id` varchar(255) DEFAULT NULL,
  `region` varchar(100) DEFAULT NULL,
  `endpoint` varchar(255) DEFAULT NULL,
  `scopes` varchar(500) DEFAULT NULL,
  `impersonate_user` varchar(255) DEFAULT NULL,
  `file_prefix` varchar(100) DEFAULT NULL,
  `service_account_json` longtext,
  `secret_access_key` longtext,
  `last_tested_at` timestamp NULL DEFAULT NULL,
  `last_test_status` varchar(20) DEFAULT NULL,
  `last_test_message` varchar(500) DEFAULT NULL,
  `created_by` bigint unsigned DEFAULT NULL,
  `updated_by` bigint unsigned DEFAULT NULL,
  `created_at` timestamp NULL DEFAULT NULL,
  `updated_at` timestamp NULL DEFAULT NULL,
  PRIMARY KEY (`id`),
  UNIQUE KEY `integration_settings_provider_unique` (`provider`)
) ENGINE=InnoDB AUTO_INCREMENT=8 DEFAULT CHARSET=utf8mb4 COLLATE=utf8mb4_0900_ai_ci;
/*!40101 SET character_set_client = @saved_cs_client */;

--
-- Dumping data for table `integration_settings`
--

LOCK TABLES `integration_settings` WRITE;
/*!40000 ALTER TABLE `integration_settings` DISABLE KEYS */;
INSERT INTO `integration_settings` VALUES (1,'GOOGLE_DRIVE',1,30,30,'vnptcto-qlcv@vnpt-business-488523.iam.gserviceaccount.com',NULL,'0ACo8mc678CdLUk9PVA',NULL,NULL,NULL,NULL,'https://www.googleapis.com/auth/drive.file',NULL,'VNPT','eyJpdiI6Ijkza3VmekZXTUNrZDJSN2RIYlJ4RHc9PSIsInZhbHVlIjoia2tRRHFHdEo1NHRjdEx0dFRWQjNtNWt6Qk5MOXR2VWs3b3ZUNkdLTHRBTXF1Mk04c1lLQS8rVXduS044TUZITDlpZ1FsT2NJcWRzVjduVWlJYUhPekhQcHdpQi9sOWhSZ3lYQjhWVnNPa3A0aGIxcTJTNFAxMzNhNGNJNVV1WFpRRFhnNjhvcDJQVTcxQVBNOFBkM2NkMVZIaEZzSDVHc3g2b2RUbnhqVlJrOTR1VTN1S1RVL1hrL2owazhISE4vczFBVVl2ZFo5ZTZuM1gwOXYrVGY1d2FrdG1Ed1BSNC84VGdmMGVtNUxLdFZqY1JDU2svdjZrSHR5My9MS0hGeTExc0R2M0RLQVBhQm5oQzJnTXFqMUF5ckVKSnpmTXRSTFZrMUxGZlZvOE84TGdleHRka0JLQ0F4b2FQU2V5bi9kNHZHMGJ3Wkx5TE9SbGxBRml2NWtsY2Q4ZlcrdVhmVGV6SVRXd2NOU3NjZlRxNlVHaE9WeklIczZFYjhFN1dIRDF1T2kzVkJ2SkhyR2FvOSszdEJvMURLUGx0SGFjejVmdUg2M1oxRlluM2NhU1psM3pGNEExRExObEZOODkwVFdwdzVnUGpoekpYMHcyc1ZISGlGY29sNzA4ME5oQzBvajVxZTE4aVFEbjJjcFZ5RmdhZHJuemROeWVENzJua3g1WkdPamlPVk1HbjVCU3dZbStiZ0VIRC8rdFQwZlB5OEdyMWFYUzc0TUljRmIwQyt6Vk1EME1Wam92QzFjcVMrWkVuRjkrRXBWU3MxVERWdE91c3QzaUs5cTVCRG9qTDlpVDdSbCtyL1JCNDk0VnRuWXV6elBZekJUV3czQ2JDZGxWY1pLT1Vub0c5bGZNTkVpN2hnUzlXVXFjT0pYekwxckFmbE52MTJZY2Rrcy9Qb0JwaDRuQ0Rwa0l2S1hCRk9IcWVWSjJLNi9KZmVzdmZoNVRNdG0yY3kveXlCS3UxY2trRjBBcm0xSS9oZ3J5WXY5Sll2WENMT1psWThUMlZzcSsvWWV6ZDlxZm43TWRrWTFvTXJnRjN1cGduMmcxSFF6eFZKS1pvZFVUVDRLblVIM0RlQXExOFd5bE1TcnBpdk9xRFNUcnJpaFpoa0FMNFEyQkVyL1lqY0RmWXJMWlJrMjlSVXFGTGdybEw4SHYvL2dEZFA1OHJGSTY2ZEw0bGpkKzcreUxrVUg3MmRtOXdyUWxsT1lUaDhrL3M1M1d0cUNvNUkyOTkvME1BUGNEV0lrWGMxcGdaTG5ERXBnUVpOUHdEalhYMy8xei9SaWJIN1h3S2FDVDhuLzRPNU9KRWdRenN5bWJ3UEVBRWFkNnF4cFRRVFBFdzhFZzQ5Ti8yT0xTMm93M2xHZFo0TVB5VTdiVTRuOXp2OXNLZ0oxOG1qZ0pWR3o3bzdTTy9BV1ZGeDY2OThzSkdGZXR6MHl6eEVta3I4WWl4WkRYOFRqYUJNOGUwY0ZlQ0ZiQ0FML08rR09kTWs5TzYvblZWZUEvbDRJbGIzQUR4cU1yQXQxYmNCckhQNkRYZXVEUi8yWGhTaDZEWFRCQnZzWGwwbEV1WUtPOUdJaDVwTVJFOU9tNUsrVW9YMkVENnFWVjBxZnlubG1PZnJMNGhVNXBMWmx0bmgyN0c1R1hRRmZNOWg4Ukh2M2JNME9ubTFqZyt4bkk2ZkM5UzlYaU5Iei9BOTkrbWFaakZDVlRKNHNQbk5CZkFxRXF6bTNObk81ZVk0UXIvbytmejhWYkp1UW9pSk03Y0RMMmZWNnlWNy9zTkhicjRmMnJmdmpSc0crQ2VFdldjaEFGaG5xK0ZYamVweUl5TENHK2dNMUtRMlFkRU9DVjU5Mmh0THkwNUVOTmluMEZCN2xBbDNEZWdHclhiQVRGdzFZQUFPSTIvNXZIQjBSeDhEOHFuKzRWWTNGa0xMYnROeEVTWDl2dmxaL2pac25hQjVLZkV6R0p4RTg2eUZOVmhQb3FyaU9oYWVxZXhQSW5ET3dxbDZQWDVsWjVXTStsNytFY2sxeGpjZDhnNTA0UlRXRWFZNmJBYkhqdHAyNitMRzgxb28xUVZIbE1xWFJTNDVnckFwZTJKeUtCdnh0cTN1WWRjQjZUeEt1bUFocDd4M2sxUllxano5TkxjbzNKMmU2V0Q4TDExaDVFMll3T3dhbnl4ekM2ZlpwdXRLN3NNbU1xU2JkR3FzQVJkVFB2cTVJcnVxM3UwUjFOdlJNYklOOEpKTjdEa2Q2K1djcm11WFFTRWFBaWV5RWR5SFNyYkdrbm8reExmNUd6alRvY0RzVDZMOVlJWG1PNytNd3dXWEllMXFETytKdjVEQzJxYkFveFcyZnhXWU85QkVxWUNBVXRCVHJHOUxKd3FBdG9tRWRzOHJDbkFoQ2NXd0JQY0UwK3FkN0pzeUdTM25LRTNDdFhJM0tXSmJ6bDk4ZnhVRlFabTFEcXZMNVpCbXV4d3JPb2gvek9UTWlWNHJnQ2hoalJzNEkyVEpZUllXQVpJL2NzZnJPRVVhNlhtK2lzcEROWWVsVC9QUThQcytodjU3Z0MyYUE3cHpITTFLdDZBLzNPNklpZmlVQ1Z4bjFaa09HS3FkTEVaV3dyN2liTWxEYXVObDBpSWVod0hPeFFQQnZLb1NzV0ZWcWovU2ZEVFE3UERYUXN3emdGSVUvQkpYTE9mWGtaRlNyUWJHVG5Ic3BncHc2dDI2MWRYL2s5d3NJb2JQY1pQalZlMEVSU0gwTWlFakJyZWcvTDd3QjNjaksrMWg2eEtOclBZeEdiSWgvaitOYmFYZ2doSGZ1aFJaZHRVa0JDMUIzM3dTSWZPL1h3MkY3bTFXU2d5a29NcEppNVpFWGN1VXpzWEtKZVhlTFk2dXhqZC9IRHBoZXpJcXM1dm4wWmpZK0syYkc3VXJwZDcwbGVJcDliV3ppVGdUcmtsUEpEcWFVZjVSMnJpSmthSTlObTBRaGFidFFYYzltZFBLQkpWNU9XbWFtTVlBK3AxTnpRSmRhZkozclZXajExTThTMzM5b2Q0U3RDUXRHNjBBOUNnajV0NUdORDkvejczOUUyN1h1VmNQL21HWm5UYnQ3aGFjMVIzUi9KTE8xdjVGbkFCbWZnRHlHNVZRRUhzY2QyM3FOVFMyc3p0bk1yZUJ3SWkrZDgrYWgwYzQvUXZBRnZQQ3pMZGZIMGZyNnVucVRqMGNHMjhYMFg0UTlpQS8yZm5RQWNqT05CSWxpUDlFdWxxNFAvSFJuYXFWaFlmTG8rWVBiWHpxTDFHK1VLQ3kzWDBWR1BZN0ZLUDd5blFuaFVpR3B4V2ZOaEZrUUhid045c2lDR0NiOXpTY1dBeDhOQk9VVXJlanpMQjdydWRnRW9FdmJpa3VmUVBnK2trbWpkcFRqN2FBeDBNQ2JYOG4zOUkvMXMyQ0U1NUV5UnFLalJOUUViZkVzRFdxUk50clRGaHlmdklHM1NtcGtYMURIc1QzbkRTV2Rhd1gvR2lxYXB2SktxZjVGOUxoK0RkUTd5R001NGluKzEydkZiK3BpUDlXNkx3NFphaUJ2ZjdLdlB6Z2sybTRaTlBmSEF1ZEI0OHc1ZnA5WWtELzBWcDRSY0ZBRWJlZEo2dHJmQlF3R21XcVVNL08yNzMreXJKdXZGMXQwZE5sYjY4QTcvenpuMDkrbWJrNXJuanVvcGhQYmZsd25jQkdvcngvTCtjcnJFWWdGNjU4dVAyNnMrSDBKWFgzOEZad0podXEyUGRCUTYwcEg3eWlPcTMxd3UzTUcvZm5ETFBOS2JhZWFRa2RVdjRFdUxRTFNWRUMyUmJnWUVocHdoM0xkVGptbWxsMGFBaFVEZ1Z2RUJVdGJDU2tHTzNET3VXY25UNEpBTVZXK2Q5SHE3RUE5Z3VHRmlLdEcrNWEyeXpnMHdHRCt3ZWk5Tlk5THN4a2I1VnY1VGxscllqSElySzBwTWxzTFJDbjZzb2NLU3Q1RVJKNkMxN0VBOVRrRlMxZy9PYWdUVkU5bUFYcnBibC8wMmkrOVh1TkpYOFdRNDA0Tm1qR2dRU0FuKzk5MVBsdUxoOWpDanZ6YUFRUWd3bFY4aldDb2J0REpOaUJSQmY4V3N1RlZqM1RVTXYzallBVnpmMFFhVE4yVlFvWU5GND0iLCJtYWMiOiI0ZmMxZWY2ZDNmZDcxZTUwNmEyZTJiZTc2ZTM5ZDU5MWRhNDY5NGMwYWI4NTY0YWUxOWZjMmJkOGUzYjJiMGQ3IiwidGFnIjoiIn0=',NULL,'2026-03-08 07:13:22','FAILED','Google Drive không tìm thấy thư mục đích. Hãy kiểm tra lại Folder ID và quyền chia sẻ cho Service Account.',NULL,9,'2026-02-25 15:58:39','2026-03-08 07:13:22'),(2,'CONTRACT_ALERT',1,30,30,NULL,NULL,NULL,NULL,NULL,NULL,NULL,NULL,NULL,NULL,NULL,NULL,NULL,NULL,NULL,NULL,NULL,'2026-02-27 00:25:47','2026-02-27 00:25:47'),(3,'CONTRACT_PAYMENT_ALERT',1,NULL,30,NULL,NULL,NULL,NULL,NULL,NULL,NULL,NULL,NULL,NULL,NULL,NULL,NULL,NULL,NULL,NULL,NULL,'2026-02-27 01:09:34','2026-02-27 01:09:34'),(4,'BACKBLAZE_B2',1,NULL,NULL,NULL,'00438a9b40088580000000007',NULL,'upload-storage-app','93f8ca298bf4d00098c80518','us-west-004','https://s3.us-west-004.backblazeb2.com',NULL,NULL,'VNPT',NULL,'eyJpdiI6IlIxNUtZWTl5SDgrUlFXakxmeGJUNXc9PSIsInZhbHVlIjoiZGxVR21TaE1GcGVheko1MlFPVy85RlJuRnZzQVpyQWt2dXpZTGNIcnc4cz0iLCJtYWMiOiI3OTkxMDJkNDRkMmE4YjViYTYxZmJjOTI3MTExMTliZmVkMmVjYWQ2OTAzOWFkYmM0MTA3MDFlNDk2NWEyOGJkIiwidGFnIjoiIn0=',NULL,NULL,'Cấu hình đã thay đổi. Vui lòng kiểm tra kết nối lại.',NULL,9,'2026-03-08 21:28:17','2026-03-17 05:27:53'),(5,'contract_renewal_grace_days',1,NULL,NULL,NULL,NULL,NULL,NULL,NULL,NULL,NULL,NULL,NULL,NULL,NULL,NULL,NULL,NULL,NULL,NULL,NULL,'2026-03-24 10:23:43','2026-03-24 10:23:43'),(6,'contract_renewal_penalty_rate_per_day',1,NULL,NULL,NULL,NULL,NULL,NULL,NULL,NULL,NULL,NULL,NULL,NULL,NULL,NULL,NULL,NULL,NULL,NULL,NULL,'2026-03-24 10:23:43','2026-03-24 10:23:43'),(7,'contract_renewal_max_penalty_rate',1,NULL,NULL,NULL,NULL,NULL,NULL,NULL,NULL,NULL,NULL,NULL,NULL,NULL,NULL,NULL,NULL,NULL,NULL,NULL,'2026-03-24 10:23:43','2026-03-24 10:23:43');
/*!40000 ALTER TABLE `integration_settings` ENABLE KEYS */;
UNLOCK TABLES;

--
-- Table structure for table `internal_users`
--

DROP TABLE IF EXISTS `internal_users`;
/*!40101 SET @saved_cs_client     = @@character_set_client */;
/*!50503 SET character_set_client = utf8mb4 */;
CREATE TABLE `internal_users` (
  `id` bigint unsigned NOT NULL AUTO_INCREMENT,
  `uuid` char(36) CHARACTER SET utf8mb4 COLLATE utf8mb4_unicode_ci NOT NULL DEFAULT (uuid()),
  `user_code` varchar(50) CHARACTER SET utf8mb4 COLLATE utf8mb4_unicode_ci NOT NULL,
  `username` varchar(50) CHARACTER SET utf8mb4 COLLATE utf8mb4_unicode_ci NOT NULL,
  `password` varchar(255) CHARACTER SET utf8mb4 COLLATE utf8mb4_unicode_ci NOT NULL,
  `active_tab_token` varchar(64) CHARACTER SET utf8mb4 COLLATE utf8mb4_unicode_ci DEFAULT NULL COMMENT 'Token tab đang active — request từ tab khác nhận 401 TAB_EVICTED',
  `tab_token_set_at` timestamp NULL DEFAULT NULL COMMENT 'Thời điểm cấp token cho tab hiện tại',
  `remember_token` varchar(100) CHARACTER SET utf8mb4 COLLATE utf8mb4_unicode_ci DEFAULT NULL,
  `full_name` varchar(100) CHARACTER SET utf8mb4 COLLATE utf8mb4_unicode_ci NOT NULL,
  `job_title_raw` varchar(255) CHARACTER SET utf8mb4 COLLATE utf8mb4_unicode_ci DEFAULT NULL COMMENT 'Chức danh gốc',
  `email` varchar(100) CHARACTER SET utf8mb4 COLLATE utf8mb4_unicode_ci NOT NULL,
  `email_verified_at` timestamp NULL DEFAULT NULL,
  `date_of_birth` date DEFAULT NULL COMMENT 'Ngày sinh',
  `gender` enum('MALE','FEMALE','OTHER') CHARACTER SET utf8mb4 COLLATE utf8mb4_unicode_ci DEFAULT NULL COMMENT 'Giới tính',
  `phone_number` varchar(20) CHARACTER SET utf8mb4 COLLATE utf8mb4_unicode_ci DEFAULT NULL,
  `status` enum('ACTIVE','INACTIVE','BANNED','SUSPENDED') CHARACTER SET utf8mb4 COLLATE utf8mb4_unicode_ci NOT NULL DEFAULT 'ACTIVE',
  `department_id` bigint unsigned NOT NULL,
  `position_id` bigint unsigned DEFAULT NULL,
  `ip_address` varchar(45) CHARACTER SET utf8mb4 COLLATE utf8mb4_unicode_ci DEFAULT NULL COMMENT 'IP máy tính',
  `vpn_status` enum('YES','NO') CHARACTER SET utf8mb4 COLLATE utf8mb4_unicode_ci DEFAULT 'NO' COMMENT 'Trạng thái VPN',
  `created_at` timestamp NULL DEFAULT CURRENT_TIMESTAMP,
  `created_by` bigint unsigned DEFAULT NULL,
  `updated_at` timestamp NULL DEFAULT NULL ON UPDATE CURRENT_TIMESTAMP,
  `updated_by` bigint unsigned DEFAULT NULL,
  `must_change_password` tinyint NOT NULL DEFAULT '0',
  `password_changed_at` timestamp NULL DEFAULT NULL,
  `password_reset_required_at` timestamp NULL DEFAULT NULL,
  PRIMARY KEY (`id`),
  UNIQUE KEY `uuid` (`uuid`),
  UNIQUE KEY `user_code` (`user_code`),
  UNIQUE KEY `username` (`username`),
  UNIQUE KEY `email` (`email`),
  KEY `fk_user_dept` (`department_id`),
  KEY `fk_user_pos` (`position_id`),
  KEY `idx_internal_users_pwd_change_status` (`must_change_password`,`status`),
  KEY `idx_users_active_tab_token` (`active_tab_token`),
  CONSTRAINT `fk_internal_users_department_id` FOREIGN KEY (`department_id`) REFERENCES `departments` (`id`) ON DELETE RESTRICT,
  CONSTRAINT `fk_user_pos` FOREIGN KEY (`position_id`) REFERENCES `positions` (`id`) ON DELETE SET NULL
) ENGINE=InnoDB AUTO_INCREMENT=53 DEFAULT CHARSET=utf8mb4 COLLATE=utf8mb4_unicode_ci COMMENT='Bảng 14: Thông tin nhân sự & Tài khoản đăng nhập';
/*!40101 SET character_set_client = @saved_cs_client */;

--
-- Dumping data for table `internal_users`
--

LOCK TABLES `internal_users` WRITE;
/*!40000 ALTER TABLE `internal_users` DISABLE KEYS */;
INSERT INTO `internal_users` VALUES (1,'5fa8c238-10c2-11f1-a6f1-c80ff292045c','ADMIN001','admin','$2y$12$bL4oXvqPEemRgPC.MBzE8.haF8TAV0UCHAGt0efZwgrbf8/bzAYwW',NULL,NULL,NULL,'System Admin',NULL,'admin@vnpt.vn',NULL,NULL,NULL,NULL,'INACTIVE',4,NULL,NULL,'NO','2026-02-23 14:17:23',NULL,'2026-03-04 04:54:27',NULL,1,NULL,'2026-03-04 04:54:27'),(7,'619bab6d-d37f-4059-8b10-4fc7adfe767c','VNPT022327','thihq.stg','$2y$12$HliWx5aPfDXAvpio15qyV.mHBbWnPdLTIu8.F7L1EMrofAhOe7ova',NULL,NULL,NULL,'Hứa Quốc Thi','Phó GĐ phòng Giải pháp','thihq.stg@vnpt.vn',NULL,'1982-11-10','MALE',NULL,'ACTIVE',2,4,'Wifi','NO','2026-03-01 07:44:10',NULL,'2026-03-24 14:54:46',NULL,0,NULL,NULL),(8,'a7b9e45a-d636-439f-b033-745a4d803b54','VNPT022635','minhln.hgi','$2y$12$/4VtnwCQs.j3t/6yI3VYPunn94TatbT/AGAhwBMMx91ii1UjcS2Uu',NULL,NULL,NULL,'Lê Nhựt Minh','Phó GĐ phòng Giải pháp','minhln.hgi@vnpt.vn',NULL,'1991-06-15','MALE',NULL,'ACTIVE',2,4,NULL,'NO','2026-03-01 07:44:11',NULL,'2026-03-01 14:50:21',NULL,0,NULL,NULL),(9,'dbdbdd05-d50c-4ec6-84cd-82af25d38fc5','VNPT022600','ropv.hgi','$2y$12$Jc2gWDpSSwGNMz2RaI1bAug62MmjxvLuEKmR7JpOX5wftnEBuXK0y','1db0ac3f9f0349f2f5a05148a65076c83f6fb6a59917b126c59f630533947169','2026-03-24 14:57:52',NULL,'Phan Văn Rở','GĐ phòng Giải pháp','ropv.hgi@vnpt.vn',NULL,'1990-12-29','MALE','0945200052','ACTIVE',2,3,'10.92.22.99','NO','2026-03-01 07:44:11',NULL,'2026-03-24 14:57:52',NULL,0,'2026-03-20 14:06:00',NULL),(10,'5ae7bf97-8424-4656-a486-9085755bb5e6','VNPT022612','traopt.hgi','$2y$12$3vAx5tL5cr71OqLW9JS1Vu9/Bm/awr0PHozUNDRw5Lt81Rg5xf51K',NULL,NULL,NULL,'Phạm Thanh Trào','Kỹ sư lập trình','traopt.hgi@vnpt.vn',NULL,'1998-04-19','MALE',NULL,'ACTIVE',2,5,'10.92.22.32','NO','2026-03-01 07:44:11',NULL,'2026-03-01 14:50:21',NULL,0,NULL,NULL),(11,'3f6d95e2-588d-453c-b995-1e778b5bc8be','VNPT022609','vupqh.hgi','$2y$12$gPVBym6JiC0r3CMGp4JpKOR0vwJO.rEkgIAcZbq1bkpuY8n8iJt0S',NULL,NULL,NULL,'Phan Quang Huy Vũ','Kỹ sư lập trình','vupqh.hgi@vnpt.vn',NULL,'1999-01-12','MALE',NULL,'ACTIVE',2,5,'10.99.22.39','NO','2026-03-01 07:44:11',NULL,'2026-03-01 14:50:22',NULL,0,NULL,NULL),(12,'270c22d2-3dc0-4a14-b13d-d1f831754c76','VNPT022608','triph.hgi','$2y$12$SFrtGoBaP3ZkOZezCO09DOEAa1ci3txYLW0yjHJ2U1CHZ/M2SwzXe',NULL,NULL,NULL,'Phạm Hữu Trí','Kỹ sư lập trình','triph.hgi@vnpt.vn',NULL,'2000-01-18','MALE',NULL,'ACTIVE',2,5,'10.92.22.34','NO','2026-03-01 07:44:11',NULL,'2026-03-01 14:50:22',NULL,0,NULL,NULL),(13,'97ea5c08-b27b-4c06-b730-0563e1d93faf','VNPT022606','kinhng.hgi','$2y$12$a/oeWjj1qTpC/w16PxSQj.gSpbTX0bAPUEXNkAOjwXVC4RugvzzHG',NULL,NULL,NULL,'Nguyễn Gia Kính','Kỹ sư lập trình','kinhng.hgi@vnpt.vn',NULL,'2001-04-01','MALE',NULL,'ACTIVE',2,5,'10.92.22.35','NO','2026-03-01 07:44:11',NULL,'2026-03-01 14:50:22',NULL,0,NULL,NULL),(14,'53b6f865-9314-4378-8f77-eed2d07072f0','VNPT022605','hvkhoi.hgi','$2y$12$tG9PaAgmmKU.T..WiJAFSepuxf55dRVdIPNU3iaz.4x095shx.zgG',NULL,NULL,NULL,'Huỳnh Văn Khôi','Kỹ sư lập trình','hvkhoi.hgi@vnpt.vn',NULL,'2000-10-01','MALE',NULL,'ACTIVE',2,5,'10.92.22.84','NO','2026-03-01 07:44:11',NULL,'2026-03-01 14:50:23',NULL,0,NULL,NULL),(15,'9040fbf5-f0af-465b-b6d3-9dc5848855eb','VNPT022602','quynhtm.hgi','$2y$12$9RHmGgyhMWpT4BPLIbJtiuz6m6sLl1CsWKr2zYT/0nfU/bxG408Z.',NULL,NULL,NULL,'Trần Mạnh Quỳnh','Kỹ sư lập trình','quynhtm.hgi@vnpt.vn',NULL,'1999-09-17','MALE',NULL,'ACTIVE',2,5,'10.92.22.40','NO','2026-03-01 07:44:11',NULL,'2026-03-01 14:50:23',NULL,0,NULL,NULL),(16,'527766ca-1ebd-4bcb-8457-0938c8bc90c4','VNPT022601','dangth.hgi','$2y$12$MWKPPeF.HiyKtb0EV/Vake60.mUmzVwxiWQDbEIU8sDXjhFjeA8fq',NULL,NULL,NULL,'Tống Hải Đăng','Kỹ sư lập trình','dangth.hgi@vnpt.vn',NULL,'1993-04-26','MALE',NULL,'ACTIVE',2,5,'10.92.22.31','NO','2026-03-01 07:44:11',NULL,'2026-03-01 14:50:23',NULL,0,NULL,NULL),(17,'e3de6f11-476d-4a3b-b83c-afc280d4ae14','VNPT022468','ngahq.stg','$2y$12$wpHZdFHPu1X0eBXFaC6FZeY9eXdCg.zJsXmjiL79KLogYLMrlKTde',NULL,NULL,NULL,'Huỳnh Quỳnh Nga','Chuyên viên Tư vấn Giải pháp','ngahq.stg@vnpt.vn',NULL,'1977-03-25','FEMALE',NULL,'ACTIVE',2,5,NULL,'NO','2026-03-01 07:44:11',NULL,'2026-03-01 14:50:24',NULL,0,NULL,NULL),(18,'1151dc9f-dc7e-4355-9607-5704238caadf','VNPT022408','tuanck.stg','$2y$12$lm6fABj3hsD8mMtH2Dk7quQLxSk4YEwnO1uA4d9cWiCaIiGrR4Zwq',NULL,NULL,NULL,'Châu Kim Tuấn','Nhân viên Hỗ trợ Kỹ thuật Dịch vụ','tuanck.stg@vnpt.vn',NULL,'1992-04-16','MALE',NULL,'ACTIVE',2,5,NULL,'NO','2026-03-01 07:44:11',NULL,'2026-03-01 14:50:24',NULL,0,NULL,NULL),(19,'3ffccdec-30ee-48c7-ba4f-e77b4b00c57b','VNPT022391','hieuth.stg','$2y$12$JWmNVtChCVcIZCBbiKKGieo.iBAuUoPGqfMObB/jlKXWMEb72Dpli',NULL,NULL,NULL,'Thạch Hoàng Hiếu','Kỹ sư lập trình','hieuth.stg@vnpt.vn',NULL,'1993-12-15','MALE',NULL,'ACTIVE',2,5,'10.97.13.231','NO','2026-03-01 07:44:11',NULL,'2026-03-01 14:50:24',NULL,0,NULL,NULL),(20,'dd4600c9-c084-476e-87b1-cbf2b7f7f9f0','VNPT022348','quyennt.stg','$2y$12$pTOyXEhnNpvXjtYKINukWezVZ.rcM52TY.WTwNcTClzrpSCef/SEC',NULL,NULL,NULL,'Nguyễn Tú Quyên','Chuyên viên Tư vấn Giải pháp','quyennt.stg@vnpt.vn',NULL,'1993-01-01','FEMALE',NULL,'ACTIVE',2,5,'10.97.13.134','NO','2026-03-01 07:44:11',NULL,'2026-03-01 14:50:25',NULL,0,NULL,NULL),(21,'edad8b27-6d40-4600-b55f-4994fb6f71f1','VNPT022347','tamlt.stg','$2y$12$1X5NlfDf2o/.YR83V6Agw.RoAsUCfLul30VzxH0.lM6oFhXWUL.8e',NULL,NULL,NULL,'Lương Thiện Tâm','Kỹ sư lập trình','tamlt.stg@vnpt.vn',NULL,'1992-02-24','MALE',NULL,'ACTIVE',2,5,'10.97.13.179','NO','2026-03-01 07:44:11',NULL,'2026-03-01 14:50:25',NULL,0,NULL,NULL),(22,'ac86f299-4829-42f6-bf17-a0b13e406f34','VNPT022346','hiepvv.stg','$2y$12$6Zdp4eb8eClIF7LFy43XpO.bNHomZBJNZw1Mo9crUAdPRZqY2hECq',NULL,NULL,NULL,'Võ Văn Hiệp','Kỹ sư quản trị cơ sở dữ liệu','hiepvv.stg@vnpt.vn',NULL,'1993-04-30','MALE',NULL,'ACTIVE',2,5,'Wifi','NO','2026-03-01 07:44:11',NULL,'2026-03-01 14:50:25',NULL,0,NULL,NULL),(23,'0714da9f-70c1-4b9b-8a04-109db13f893e','VNPT022345','nhibc.stg','$2y$12$J3VEmYkh.wla3j5iyVLqpuqFXIb2FVUoDZQDgWHG9JJxz9HLN0dpC',NULL,NULL,NULL,'Bùi Cẩm Nhi','Kỹ sư Lập trình','nhibc.stg@vnpt.vn',NULL,'1993-09-11','FEMALE',NULL,'ACTIVE',2,5,NULL,'NO','2026-03-01 07:44:11',NULL,'2026-03-01 14:50:26',NULL,0,NULL,NULL),(24,'0177ed17-8edf-40a1-bb78-754a3e411911','VNPT022343','cantd.stg','$2y$12$HPR3ERA2e.4jIwQnlgQqcOO91zjFzxkr16KBz0kc3VoiSOcvZdwAi',NULL,NULL,NULL,'Thái Đình Cẩn','Kỹ sư lập trình','cantd.stg@vnpt.vn',NULL,'1995-10-15','MALE',NULL,'ACTIVE',2,5,'10.97.13.128','NO','2026-03-01 07:44:11',NULL,'2026-03-01 14:50:26',NULL,0,NULL,NULL),(25,'e17bbb71-5354-4095-a45e-6c8ad78e2c62','VNPT022341','hoatc.stg','$2y$12$HMJjV84gyCXPXPtGHtHsG.yRqKAo.M3kZc/Ih5CNnshmS4WTHbkVe',NULL,NULL,NULL,'Trần Chí Hòa','Kỹ sư lập trình','hoatc.stg@vnpt.vn',NULL,'2002-01-01','MALE',NULL,'ACTIVE',2,5,'10.92.22.59','NO','2026-03-01 07:44:11',NULL,'2026-03-01 14:50:26',NULL,0,NULL,NULL),(26,'e7accd3d-d1ea-42c3-be85-c1b969737d0e','VNPT022333','dongnh.stg','$2y$12$kb2tKCiZe9HxkfL7Vo4FjeT41MaDW5wCqN/FjTt0tw3YgOsOaNlR.',NULL,NULL,NULL,'Nguyễn Hoàng Đông','Kỹ sư lập trình','dongnh.stg@vnpt.vn',NULL,'1993-07-19','MALE',NULL,'ACTIVE',2,5,'10.92.22.50','NO','2026-03-01 07:44:11',NULL,'2026-03-01 14:50:27',NULL,0,NULL,NULL),(27,'4d9c2813-5171-4fb0-bea0-088ef50a52a5','VNPT022329','hoanhdm.stg','$2y$12$avCjV8LcbN8S2G77psV9M.spcI1c9ysET1w1rf4kFkbUidrsu6VGS',NULL,NULL,NULL,'Đinh Minh Hoành','Kỹ sư lập trình','hoanhdm.stg@vnpt.vn',NULL,'1993-04-22','MALE',NULL,'ACTIVE',2,5,'10.97.13.235','NO','2026-03-01 07:44:11',NULL,'2026-03-01 14:50:27',NULL,0,NULL,NULL),(28,'2c47ab70-087b-4c40-9c5f-33672769e1e7','VNPT022328','minhnc.stg','$2y$12$WMR5iP4efjgTPWoHLEjBted0COdjP7qt9iMuXK7WvD9f2HT.Dt89G',NULL,NULL,NULL,'Nguyễn Công Minh','Kỹ sư lập trình','minhnc.stg@vnpt.vn',NULL,'1993-09-27','MALE',NULL,'ACTIVE',2,5,'10.92.22.46','NO','2026-03-01 07:44:11',NULL,'2026-03-01 14:50:27',NULL,0,NULL,NULL),(29,'ab5fa3aa-0216-4d6d-9363-52f5363bbdfb','VNPT022233','tienptt.cto','$2y$12$ki.j5g9GdK/ErbXzoP6/L.1H.4.m83NW7fDkNasrR8xsxobPqPHqa',NULL,NULL,NULL,'Phan Thị Thủy Tiên','Kỹ sư lập trình','tienptt.cto@vnpt.vn',NULL,'1997-04-10','FEMALE',NULL,'ACTIVE',2,5,'10.92.22.168','NO','2026-03-01 07:44:11',NULL,'2026-03-01 14:50:28',NULL,0,NULL,NULL),(30,'58ce257a-7be4-4944-ab35-336a55bc29d1','VNPT022232','thaohq.cto','$2y$12$PeA28nWzX3ACgabebjUSK.81UnIzVXCVWgQxXlPfVvAebVcjvf7oS',NULL,NULL,NULL,'Hồ Quốc Thảo','Kỹ sư lập trình','thaohq.cto@vnpt.vn',NULL,'1996-10-21','MALE',NULL,'ACTIVE',2,5,'10.92.22.18','NO','2026-03-01 07:44:11',NULL,'2026-03-01 14:50:28',NULL,0,NULL,NULL),(31,'9165ab6b-936a-4cf9-b20f-92eaea80d34a','VNPT022216','nunn.cto','$2y$12$FkAo7fbnv14C/39dKpG.J.Lpnj.zseTkcEwu/OcxCeNlQPAyVbtEK',NULL,NULL,NULL,'Nguyễn Ngọc Nữ','Chuyên viên Tư vấn Giải pháp','nunn.cto@vnpt.vn',NULL,'1994-03-12','FEMALE',NULL,'ACTIVE',2,5,'10.92.22.53','NO','2026-03-01 07:44:11',NULL,'2026-03-01 14:50:28',NULL,0,NULL,NULL),(32,'9b26b469-b753-4c2a-b733-b4e89d74346a','VNPT022209','thinhpp.cto','$2y$12$ReMYXbyq4z/Df3VdlxoxsOL1bz8W.MHhYxo.lHmXAgJQuNU1ubZCG',NULL,NULL,NULL,'Phan Phú Thịnh','Kỹ sư lập trình','thinhpp.cto@vnpt.vn',NULL,'2001-04-23','MALE',NULL,'ACTIVE',2,5,'10.92.22.78','NO','2026-03-01 07:44:11',NULL,'2026-03-01 14:50:29',NULL,0,NULL,NULL),(33,'6b849286-8dd1-4770-b724-c7ead1e25e0b','VNPT022206','phatpnt.cto','$2y$12$gxSTaJi7vwCKUvvEDZTB4.s93KlflSDedqxh7bq6VnYZ367DaeDLO',NULL,NULL,NULL,'Phan Nguyễn Trọng Phát','Kỹ sư lập trình','phatpnt.cto@vnpt.vn',NULL,'1999-08-08','MALE',NULL,'ACTIVE',2,5,'10.92.22.14','NO','2026-03-01 07:44:11',NULL,'2026-03-01 14:50:29',NULL,0,NULL,NULL),(34,'d9c922b2-3f48-452d-95dc-f713ecd0c57c','VNPT022204','khanhtt.cto','$2y$12$L5VVNlLLYKBCMkjezsYsaO.7H8av./9KhPQnRdyVGj5msscnXPRly',NULL,NULL,NULL,'Trần Tuấn Khanh','Kỹ sư lập trình','khanhtt.cto@vnpt.vn',NULL,'1997-06-06','MALE',NULL,'ACTIVE',2,5,'10.92.22.10','NO','2026-03-01 07:44:11',NULL,'2026-03-01 14:50:29',NULL,0,NULL,NULL),(35,'4eb6df2c-91d4-4a9b-8175-3b96089a8315','VNPT022203','tronghv.cto','$2y$12$7UsQm3T3uzLy8Zm65bVIo.DvV85RWUrsfcT47Be..JYDymUnrLD.a',NULL,NULL,NULL,'Hồ Văn Trọng','Kỹ sư lập trình','tronghv.cto@vnpt.vn',NULL,'1998-06-13','MALE',NULL,'ACTIVE',2,5,'10.92.22.63','NO','2026-03-01 07:44:11',NULL,'2026-03-01 14:50:30',NULL,0,NULL,NULL),(36,'7350eea0-4626-4871-99e7-b06758d17521','CTV091020','ducldt.cto','$2y$12$G8S48CczGYELvvkifebCtOb41B4ot8eNHbFS8sfJOISjhvCcWc5pO',NULL,NULL,NULL,'Lê Đào Thiên Đức','Nhân viên Hỗ trợ Kỹ thuật Dịch vụ','ducldt.cto@vnpt.vn',NULL,'2001-03-26','MALE',NULL,'ACTIVE',2,5,'10.92.22.62','NO','2026-03-01 07:44:11',NULL,'2026-03-01 14:50:30',NULL,0,NULL,NULL),(37,'ba4caf20-6b8c-4e7c-9ab0-168d3c70cb9b','CTV088035','quoctm.stg','$2y$12$fDr/Zw997TB0c57dzW2TLur4f1tKNpfjyem4mq2cUJeOwiyIi49e.',NULL,NULL,NULL,'Trịnh Minh Quốc','Nhân viên Hỗ trợ Kỹ thuật Dịch vụ','quoctm.stg@vnpt.vn',NULL,'2001-06-23','MALE',NULL,'ACTIVE',2,5,'10.97.13.67','NO','2026-03-01 07:44:11',NULL,'2026-03-01 14:50:31',NULL,0,NULL,NULL),(38,'af95c475-493f-4ce4-b289-7f23d9142ef6','CTV088032','vanlta.stg','$2y$12$nwepc6QXV/3yU5eJFphAEOAjxKJ/6D2CNKgrvR/xsoUp0EjmqScyC',NULL,NULL,NULL,'Lê Trà Ánh Vân','Nhân viên Hỗ trợ Kỹ thuật Dịch vụ','vanlta.stg@vnpt.vn',NULL,'2001-10-31','FEMALE',NULL,'ACTIVE',2,5,'10.97.13.101','NO','2026-03-01 07:44:11',NULL,'2026-03-01 14:50:31',NULL,0,NULL,NULL),(39,'cd776994-84ce-4b00-a6f8-368f47a66fbd','CTV087612','dangnh.hgi','$2y$12$y.2QiuCbnzOPwFWk0JttW.7qMwqkj5v7OTlv/0Kr1XBoV5b4dsL5i',NULL,NULL,NULL,'Nguyễn Hải Đăng','Kỹ sư lập trình','dangnh.hgi@vnpt.vn',NULL,'2001-05-17','MALE',NULL,'ACTIVE',2,5,'10.92.22.37','NO','2026-03-01 07:44:11',NULL,'2026-03-01 14:50:31',NULL,0,NULL,NULL),(40,'996095fb-339c-489e-8d6c-c4efc72bdf44','CTV087413','bangdh.hgi','$2y$12$cIpll1/v1ulPXax0b5TvVeWirC56kTlc0xqUeTJ3d/ptsxZRnsoPO',NULL,NULL,NULL,'Dương Hãi Băng','Kỹ sư lập trình','bangdh.hgi@vnpt.vn',NULL,'2002-08-06','MALE',NULL,'ACTIVE',2,5,'10.92.22.33','NO','2026-03-01 07:44:11',NULL,'2026-03-01 14:50:32',NULL,0,NULL,NULL),(41,'97bff328-2cd4-4bc3-b50a-56c7171e5f43','CTV086403','ngocnu.stg','$2y$12$IyMwKOekIOvUsF1icAVxTemoGIENg838XwfKZGgkb/xxRA7px4gcG',NULL,NULL,NULL,'Vỏ Thị Ngọc Nữ','Kỹ sư lập trình','ngocnu.stg@vnpt.vn',NULL,'2000-01-19','FEMALE',NULL,'ACTIVE',2,5,NULL,'NO','2026-03-01 07:44:11',NULL,'2026-03-01 14:50:32',NULL,0,NULL,NULL),(42,'cddfb237-e5e8-48a3-a293-69cff353f750','CTV086013','huytcq.cto','$2y$12$K7LsbEgcYU5UL/fZ0PuZbuFory6UpIUVOW7VlKu3yz1QN7zB0Cckm',NULL,NULL,NULL,'Trương Công Quốc Huy','Kỹ sư quản trị cơ sở dữ liệu','huytcq.cto@vnpt.vn',NULL,'1998-11-03','MALE',NULL,'ACTIVE',2,5,'10.92.22.42','NO','2026-03-01 07:44:11',NULL,'2026-03-01 14:50:32',NULL,0,NULL,NULL),(43,'2cff229d-5366-4162-acb7-af3e808adc8c','CTV085761','lapnv.hgi','$2y$12$Nns0YM18XTBHCEPYdOYEIOdEEkD66T1Y19gWErJv2QM5OqD.WvfeC',NULL,NULL,NULL,'Nguyễn Vĩnh Lạp','Kỹ sư lập trình','lapnv.hgi@vnpt.vn',NULL,'2000-02-01','MALE',NULL,'ACTIVE',2,5,'10.92.22.38','NO','2026-03-01 07:44:11',NULL,'2026-03-01 14:50:33',NULL,0,NULL,NULL),(44,'de26c0c2-c72c-4fa3-a21b-28b275f0b455','CTV083161','thuanph.hgi','$2y$12$SDzJ0g43tPg7tES2/EqwDOuShq3awVuGfUwaZA5ZYh5njqkgvz1Y.',NULL,NULL,NULL,'Phan Hữu Thuận','Kỹ sư lập trình','thuanph.hgi@vnpt.vn',NULL,'1999-01-19','MALE',NULL,'ACTIVE',2,5,'10.92.22.41','NO','2026-03-01 07:44:11',NULL,'2026-03-01 14:50:33',NULL,0,NULL,NULL),(45,'deb03cfa-93fc-499e-a490-53bfb163f972','CTV080346','kietvh.cto','$2y$12$gF5pll7Jh1WYkgcu.TeIfuFLvsbGd0Vm2NDL98GK2kQbEaJVhbmmW',NULL,NULL,NULL,'Võ Hoàng Kiệt','Chuyên viên Tư vấn Giải pháp','kietvh.cto@vnpt.vn',NULL,'2000-05-29','MALE',NULL,'ACTIVE',2,5,'10.92.22.52','NO','2026-03-01 07:44:11',NULL,'2026-03-01 14:50:33',NULL,0,NULL,NULL),(46,'9c796fa9-36c5-4bf1-9edf-6ce2ffef6fdc','CTV079744','nhudt.cto','$2y$12$Pf34I.xLD3FCptM.oQBx4.Yyg9hbFQ9Z6T16u02aDQTD90rM/tpw.',NULL,NULL,NULL,'Dương Tố Như','Nhân viên Hỗ trợ Kỹ thuật Dịch vụ','nhudt.cto@vnpt.vn',NULL,'2000-11-06','FEMALE',NULL,'ACTIVE',2,5,'Wifi','NO','2026-03-01 07:44:11',NULL,'2026-03-01 14:50:34',NULL,0,NULL,NULL),(47,'2d97bb12-9702-42d1-b214-7db88e6ab01f','CTV062802','tranthanhduy.cto','$2y$12$nkVyKd7.A7WfHnQh1GDcLuAwtU2rCH2q6tTaiiizAOHePNoIimbdC',NULL,NULL,NULL,'Trần Thanh Duy','Chuyên viên Tư vấn Giải pháp','tranthanhduy.cto@vnpt.vn',NULL,'1998-09-15','MALE',NULL,'ACTIVE',2,5,'10.92.22.174','NO','2026-03-01 07:44:12',NULL,'2026-03-01 14:50:34',NULL,0,NULL,NULL),(48,'695874e4-776e-4c25-b56d-96a858e3786b','CTV056887','hoangst.stg','$2y$12$FE7N4ZGL5QNtPYbJh267CeHLcUab62knJc.Ao9SuT.BckWCyYB.vm',NULL,NULL,NULL,'Sơn Thanh Hoàng','Kỹ sư lập trình','hoangst.stg@vnpt.vn',NULL,'1996-08-11','MALE',NULL,'ACTIVE',2,5,'Wifi','NO','2026-03-01 07:44:12',NULL,'2026-03-01 14:50:34',NULL,0,NULL,NULL),(49,'d102d6a5-8651-460d-b1a0-406fc65094a1','CTV050527','luanth.cto','$2y$12$oPN.N2yLQxOtpZGJkEJeaO6Ook/FJzc08JClm2h7mI1ZH89EraOei',NULL,NULL,NULL,'Trần Hoàng Luận','Chuyên viên Tư vấn Giải pháp','luanth.cto@vnpt.vn',NULL,'1997-10-20','MALE',NULL,'ACTIVE',2,5,'Wifi','YES','2026-03-01 07:44:12',NULL,'2026-03-02 02:34:46',NULL,0,NULL,NULL),(50,'f9df387b-db9e-484d-b84e-fd478777f2ab','CTV050523','truongnn.cto','$2y$12$s1HKNCi5X86dSX4wnTfWlulNYAKQ4XYlYewIAVwDHYAx6MCq9xwv.',NULL,NULL,NULL,'Nguyễn Nhựt Trường','Chuyên viên Tư vấn Giải pháp','truongnn.cto@vnpt.vn',NULL,'1996-12-28','MALE',NULL,'ACTIVE',2,5,'10.92.22.87','NO','2026-03-01 07:44:12',NULL,'2026-03-13 14:33:26',NULL,0,'2026-03-13 07:33:26',NULL),(51,'0e31dc9f-1616-4a82-8adb-ec56e25eee7d','VNPT022202','nhatv.cto','$2y$12$UylyfUfZqWAOotx.HNpgz.b7uQbyF0c/P8hKJknUvUqFTXjzNVqKe',NULL,NULL,NULL,'Trần Văn Nhã','Nhân viên Hỗ trợ Kỹ thuật Dịch vụ','nhatv.cto@vnpt.vn',NULL,'1995-05-19','MALE',NULL,'ACTIVE',2,5,'10.97.17.111','NO','2026-03-01 07:44:12',NULL,'2026-03-01 14:50:35',NULL,0,NULL,NULL),(52,'e82b34ac-ed3b-40fb-95c2-e8c8749f13fc','VNPT022342','mailtn.stg','$2y$12$iqZyFExCXwgdTv8Ag/q2z.UXBz9EGJ6uzqE6MwZLB9iDGcfd75equ',NULL,NULL,NULL,'Lý Thị Ngọc Mai','Nhân viên Hỗ trợ Kỹ thuật Dịch vụ','mailtn.stg@vnpt.vn',NULL,'1992-05-03','FEMALE',NULL,'ACTIVE',2,5,'10.97.13.111','NO','2026-03-01 07:44:12',NULL,'2026-03-01 14:50:36',NULL,0,NULL,NULL);
/*!40000 ALTER TABLE `internal_users` ENABLE KEYS */;
UNLOCK TABLES;

--
-- Table structure for table `invoice_items`
--

DROP TABLE IF EXISTS `invoice_items`;
/*!40101 SET @saved_cs_client     = @@character_set_client */;
/*!50503 SET character_set_client = utf8mb4 */;
CREATE TABLE `invoice_items` (
  `id` bigint unsigned NOT NULL AUTO_INCREMENT,
  `invoice_id` bigint unsigned NOT NULL,
  `product_id` bigint unsigned DEFAULT NULL,
  `description` varchar(500) NOT NULL COMMENT 'Mô tả dịch vụ/sản phẩm',
  `unit` varchar(50) DEFAULT NULL COMMENT 'Đơn vị tính',
  `quantity` decimal(12,2) NOT NULL DEFAULT '1.00',
  `unit_price` decimal(15,2) NOT NULL DEFAULT '0.00',
  `vat_rate` decimal(5,2) DEFAULT '10.00',
  `payment_schedule_id` bigint unsigned DEFAULT NULL COMMENT 'Map 1:1 với payment_schedule nếu có',
  `sort_order` int NOT NULL DEFAULT '0',
  `created_at` timestamp NULL DEFAULT NULL,
  `updated_at` timestamp NULL DEFAULT NULL,
  PRIMARY KEY (`id`),
  KEY `idx_ii_invoice` (`invoice_id`),
  CONSTRAINT `invoice_items_invoice_id_foreign` FOREIGN KEY (`invoice_id`) REFERENCES `invoices` (`id`) ON DELETE CASCADE
) ENGINE=InnoDB DEFAULT CHARSET=utf8mb4 COLLATE=utf8mb4_0900_ai_ci;
/*!40101 SET character_set_client = @saved_cs_client */;

--
-- Dumping data for table `invoice_items`
--

LOCK TABLES `invoice_items` WRITE;
/*!40000 ALTER TABLE `invoice_items` DISABLE KEYS */;
/*!40000 ALTER TABLE `invoice_items` ENABLE KEYS */;
UNLOCK TABLES;

--
-- Table structure for table `invoices`
--

DROP TABLE IF EXISTS `invoices`;
/*!40101 SET @saved_cs_client     = @@character_set_client */;
/*!50503 SET character_set_client = utf8mb4 */;
CREATE TABLE `invoices` (
  `id` bigint unsigned NOT NULL AUTO_INCREMENT,
  `invoice_code` varchar(50) NOT NULL COMMENT 'Mã hóa đơn: INV-YYYYMM-NNNN',
  `invoice_series` varchar(20) DEFAULT NULL COMMENT 'Ký hiệu hóa đơn (series)',
  `contract_id` bigint unsigned NOT NULL,
  `customer_id` bigint unsigned NOT NULL,
  `project_id` bigint unsigned DEFAULT NULL,
  `invoice_date` date NOT NULL COMMENT 'Ngày xuất hóa đơn',
  `due_date` date NOT NULL COMMENT 'Hạn thanh toán',
  `period_from` date DEFAULT NULL COMMENT 'Kỳ cước từ ngày',
  `period_to` date DEFAULT NULL COMMENT 'Kỳ cước đến ngày',
  `subtotal` decimal(15,2) NOT NULL DEFAULT '0.00' COMMENT 'Tổng trước thuế',
  `vat_rate` decimal(5,2) DEFAULT '10.00' COMMENT 'Thuế suất %',
  `vat_amount` decimal(15,2) NOT NULL DEFAULT '0.00' COMMENT 'Tiền thuế',
  `total_amount` decimal(15,2) NOT NULL DEFAULT '0.00' COMMENT 'Tổng sau thuế',
  `paid_amount` decimal(15,2) NOT NULL DEFAULT '0.00' COMMENT 'Đã thu (cập nhật từ receipts)',
  `status` varchar(30) NOT NULL DEFAULT 'DRAFT' COMMENT 'DRAFT | ISSUED | PARTIAL | PAID | CANCELLED | VOID',
  `notes` text,
  `data_scope` varchar(50) DEFAULT NULL,
  `created_by` bigint unsigned DEFAULT NULL,
  `updated_by` bigint unsigned DEFAULT NULL,
  `created_at` timestamp NULL DEFAULT NULL,
  `updated_at` timestamp NULL DEFAULT NULL,
  `deleted_at` timestamp NULL DEFAULT NULL,
  PRIMARY KEY (`id`),
  UNIQUE KEY `uq_inv_code` (`invoice_code`),
  KEY `idx_inv_contract` (`contract_id`),
  KEY `idx_inv_customer` (`customer_id`),
  KEY `idx_inv_status` (`status`),
  KEY `idx_inv_due_date` (`due_date`),
  KEY `idx_inv_date_status` (`invoice_date`,`status`),
  KEY `idx_inv_amounts` (`paid_amount`,`total_amount`),
  KEY `idx_inv_overdue_cover` (`status`,`deleted_at`,`due_date`,`total_amount`,`paid_amount`),
  KEY `idx_inv_cust_status` (`customer_id`,`status`,`deleted_at`),
  CONSTRAINT `invoices_contract_id_foreign` FOREIGN KEY (`contract_id`) REFERENCES `contracts` (`id`),
  CONSTRAINT `invoices_customer_id_foreign` FOREIGN KEY (`customer_id`) REFERENCES `customers` (`id`)
) ENGINE=InnoDB DEFAULT CHARSET=utf8mb4 COLLATE=utf8mb4_0900_ai_ci;
/*!40101 SET character_set_client = @saved_cs_client */;

--
-- Dumping data for table `invoices`
--

LOCK TABLES `invoices` WRITE;
/*!40000 ALTER TABLE `invoices` DISABLE KEYS */;
/*!40000 ALTER TABLE `invoices` ENABLE KEYS */;
UNLOCK TABLES;

--
-- Table structure for table `job_batches`
--

DROP TABLE IF EXISTS `job_batches`;
/*!40101 SET @saved_cs_client     = @@character_set_client */;
/*!50503 SET character_set_client = utf8mb4 */;
CREATE TABLE `job_batches` (
  `id` varchar(255) CHARACTER SET utf8mb4 COLLATE utf8mb4_unicode_ci NOT NULL,
  `name` varchar(255) CHARACTER SET utf8mb4 COLLATE utf8mb4_unicode_ci NOT NULL,
  `total_jobs` int NOT NULL,
  `pending_jobs` int NOT NULL,
  `failed_jobs` int NOT NULL,
  `failed_job_ids` longtext CHARACTER SET utf8mb4 COLLATE utf8mb4_unicode_ci NOT NULL,
  `options` mediumtext CHARACTER SET utf8mb4 COLLATE utf8mb4_unicode_ci,
  `cancelled_at` int DEFAULT NULL,
  `created_at` int NOT NULL,
  `finished_at` int DEFAULT NULL,
  PRIMARY KEY (`id`)
) ENGINE=InnoDB DEFAULT CHARSET=utf8mb4 COLLATE=utf8mb4_unicode_ci;
/*!40101 SET character_set_client = @saved_cs_client */;

--
-- Dumping data for table `job_batches`
--

LOCK TABLES `job_batches` WRITE;
/*!40000 ALTER TABLE `job_batches` DISABLE KEYS */;
/*!40000 ALTER TABLE `job_batches` ENABLE KEYS */;
UNLOCK TABLES;

--
-- Table structure for table `jobs`
--

DROP TABLE IF EXISTS `jobs`;
/*!40101 SET @saved_cs_client     = @@character_set_client */;
/*!50503 SET character_set_client = utf8mb4 */;
CREATE TABLE `jobs` (
  `id` bigint unsigned NOT NULL AUTO_INCREMENT,
  `queue` varchar(255) CHARACTER SET utf8mb4 COLLATE utf8mb4_unicode_ci NOT NULL,
  `payload` longtext CHARACTER SET utf8mb4 COLLATE utf8mb4_unicode_ci NOT NULL,
  `attempts` tinyint unsigned NOT NULL,
  `reserved_at` int unsigned DEFAULT NULL,
  `available_at` int unsigned NOT NULL,
  `created_at` int unsigned NOT NULL,
  PRIMARY KEY (`id`)
) ENGINE=InnoDB DEFAULT CHARSET=utf8mb4 COLLATE=utf8mb4_unicode_ci COMMENT='Bảng 4: Hàng đợi công việc';
/*!40101 SET character_set_client = @saved_cs_client */;

--
-- Dumping data for table `jobs`
--

LOCK TABLES `jobs` WRITE;
/*!40000 ALTER TABLE `jobs` DISABLE KEYS */;
/*!40000 ALTER TABLE `jobs` ENABLE KEYS */;
UNLOCK TABLES;

--
-- Table structure for table `leadership_directives`
--

DROP TABLE IF EXISTS `leadership_directives`;
/*!40101 SET @saved_cs_client     = @@character_set_client */;
/*!50503 SET character_set_client = utf8mb4 */;
CREATE TABLE `leadership_directives` (
  `id` bigint unsigned NOT NULL AUTO_INCREMENT,
  `directive_code` varchar(30) NOT NULL,
  `issued_by_user_id` bigint unsigned NOT NULL,
  `assigned_to_user_id` bigint unsigned NOT NULL,
  `cc_user_ids` json DEFAULT NULL,
  `directive_type` varchar(30) NOT NULL,
  `content` text NOT NULL,
  `priority` varchar(10) NOT NULL DEFAULT 'high',
  `source_type` varchar(30) DEFAULT NULL,
  `source_escalation_id` bigint unsigned DEFAULT NULL,
  `linked_case_ids` json DEFAULT NULL,
  `deadline` date DEFAULT NULL,
  `status` varchar(20) NOT NULL DEFAULT 'pending',
  `acknowledged_at` timestamp NULL DEFAULT NULL,
  `completed_at` timestamp NULL DEFAULT NULL,
  `completion_note` text,
  `created_by` bigint unsigned DEFAULT NULL,
  `updated_by` bigint unsigned DEFAULT NULL,
  `created_at` timestamp NULL DEFAULT NULL,
  `updated_at` timestamp NULL DEFAULT NULL,
  `deleted_at` timestamp NULL DEFAULT NULL,
  PRIMARY KEY (`id`),
  UNIQUE KEY `leadership_directives_directive_code_unique` (`directive_code`),
  KEY `idx_dir_issued` (`issued_by_user_id`),
  KEY `idx_dir_assigned` (`assigned_to_user_id`,`status`),
  KEY `idx_dir_source` (`source_type`,`source_escalation_id`)
) ENGINE=InnoDB DEFAULT CHARSET=utf8mb4 COLLATE=utf8mb4_0900_ai_ci;
/*!40101 SET character_set_client = @saved_cs_client */;

--
-- Dumping data for table `leadership_directives`
--

LOCK TABLES `leadership_directives` WRITE;
/*!40000 ALTER TABLE `leadership_directives` DISABLE KEYS */;
/*!40000 ALTER TABLE `leadership_directives` ENABLE KEYS */;
UNLOCK TABLES;

--
-- Table structure for table `migrations`
--

DROP TABLE IF EXISTS `migrations`;
/*!40101 SET @saved_cs_client     = @@character_set_client */;
/*!50503 SET character_set_client = utf8mb4 */;
CREATE TABLE `migrations` (
  `id` int unsigned NOT NULL AUTO_INCREMENT,
  `migration` varchar(255) CHARACTER SET utf8mb4 COLLATE utf8mb4_unicode_ci NOT NULL,
  `batch` int NOT NULL,
  PRIMARY KEY (`id`)
) ENGINE=InnoDB AUTO_INCREMENT=158 DEFAULT CHARSET=utf8mb4 COLLATE=utf8mb4_unicode_ci COMMENT='Bảng 1: Quản lý vết migration';
/*!40101 SET character_set_client = @saved_cs_client */;

--
-- Dumping data for table `migrations`
--

LOCK TABLES `migrations` WRITE;
/*!40000 ALTER TABLE `migrations` DISABLE KEYS */;
INSERT INTO `migrations` VALUES (1,'0001_01_01_000000_create_users_table',1),(2,'0001_01_01_000001_create_cache_table',1),(3,'0001_01_01_000002_create_jobs_table',1),(4,'2026_02_21_152322_create_personal_access_tokens_table',1),(5,'2026_02_23_134500_create_v5_enterprise_master_tables',1),(6,'2026_02_23_220000_add_extended_fields_to_employees_table',1),(7,'2026_02_23_220100_create_audit_logs_table',1),(9,'2026_02_25_153000_add_trial_status_to_projects_enum',2),(11,'2026_02_25_171000_refine_project_status_workflow',3),(12,'2026_02_24_180000_drop_legacy_employees_table',4),(13,'2026_02_25_090000_enforce_department_and_employee_constraints',4),(14,'2026_02_25_200000_create_document_product_links_table',4),(15,'2026_02_25_213000_create_integration_settings_table',5),(16,'2026_02_26_090000_create_auth_login_attempts_table',6),(17,'2026_02_26_091000_revoke_non_expiring_personal_access_tokens',6),(18,'2026_02_26_092000_harden_document_and_contract_integrity',6),(19,'2026_02_26_134500_optimize_support_request_indexes',7),(20,'2026_02_26_152000_add_audit_created_by_index',8),(21,'2026_02_27_103000_add_date_of_birth_to_customer_personnel_table',9),(22,'2026_02_27_180000_add_effective_date_and_normalize_contract_statuses',10),(23,'2026_02_27_193000_add_contract_expiry_warning_days_to_integration_settings',11),(24,'2026_02_27_194000_add_contract_date_check_constraints',12),(25,'2026_02_27_200000_add_contract_payment_warning_days_to_integration_settings',13),(26,'2026_02_27_210500_create_generate_contract_payments_procedure',14),(27,'2026_02_27_090000_replace_support_request_statuses',15),(28,'2026_02_27_160000_drop_support_request_legacy_notes_columns',15),(29,'2026_02_27_170000_add_support_request_receiver_and_reporter_contact',15),(30,'2026_02_27_180000_make_support_request_hotfix_noti_nullable',15),(31,'2026_02_27_190000_create_support_request_tasks_table',15),(32,'2026_02_27_200000_normalize_support_request_task_statuses',15),(33,'2026_02_27_210000_allow_duplicate_support_request_ticket_codes',15),(34,'2026_02_28_010000_optimize_support_tasks_and_groups_indexes',15),(35,'2026_02_28_020000_create_support_request_statuses_table',15),(36,'2026_02_28_030000_add_reference_fields_to_support_requests',15),(37,'2026_03_01_110000_harden_support_master_management',16),(38,'2026_02_28_220000_normalize_programming_request_source_type_and_priority',17),(39,'2026_02_28_233000_enforce_programming_request_req_code_format',17),(40,'2026_02_28_235500_drop_support_request_legacy_task_fields',17),(41,'2026_03_01_000100_add_is_transfer_dev_to_support_request_statuses',17),(42,'2026_03_01_010000_add_performance_indexes_for_request_lists',17),(43,'2026_03_01_130000_add_group_code_to_support_service_groups',17),(44,'2026_03_01_140000_add_description_and_is_active_to_products_table',18),(45,'2026_03_01_183000_add_phase2_support_request_filter_indexes',19),(46,'2026_03_01_191000_add_programming_worklog_indexes',20),(47,'2026_03_01_020000_update_generate_contract_payments_procedure_and_indexes',21),(48,'2026_03_01_030000_add_contract_term_columns_and_refresh_generate_payments_procedure',21),(49,'2026_03_02_110000_create_opportunity_stages_table',22),(50,'2026_03_02_101000_update_raci_assignment_unique_index_for_multi_roles',23),(51,'2026_03_02_150000_add_request_code_to_support_requests',24),(52,'2026_03_02_200000_create_support_contact_positions_and_link_customer_personnel',25),(53,'2026_03_02_210000_add_indexes_to_personal_access_tokens',26),(54,'2026_03_02_223000_create_async_exports_table',27),(55,'2026_03_03_160000_status_driven_sla_configs',28),(56,'2026_03_03_161000_relax_programming_request_req_code_constraint',28),(57,'2026_03_03_220000_customer_request_workflow_core',29),(58,'2026_03_04_090000_customer_requests_support_parity',30),(59,'2026_03_04_110000_normalize_customer_workflow_static_field_aliases',31),(60,'2026_03_04_120000_harden_internal_user_password_policy',32),(61,'2026_03_04_120100_rotate_default_internal_user_passwords',32),(62,'2026_03_04_180000_add_private_storage_metadata_to_attachments',33),(63,'2026_03_04_180100_add_soft_deletes_to_priority_master_tables',33),(64,'2026_03_03_090000_add_status_to_customer_personnel_table',34),(65,'2026_03_03_103000_change_customer_personnel_position_type_to_varchar',34),(66,'2026_03_04_130000_harden_customer_request_exchange_feedback_fields',34),(67,'2026_03_05_170000_dedupe_customer_request_ref_tasks',34),(68,'2026_03_07_090000_link_support_service_groups_to_customers',34),(69,'2026_03_08_010000_drop_support_and_programming_request_modules',35),(70,'2026_03_08_093000_update_customer_request_analysis_fields',36),(71,'2026_03_08_110000_add_processing_hours_field_to_customer_request_workflow',37),(72,'2026_03_08_120000_make_waiting_customer_feedback_exchange_fields_required',38),(73,'2026_03_08_123000_rename_waiting_customer_feedback_exchange_date_label',39),(74,'2026_03_08_133000_backfill_customer_request_reference_task_sources',40),(75,'2026_03_08_170000_add_customer_request_to_attachment_reference_type',41),(76,'2026_03_09_103000_add_backblaze_b2_fields_to_integration_settings',42),(77,'2026_03_09_194500_add_bucket_id_to_backblaze_b2_integration_settings',43),(78,'2026_03_04_170000_create_opportunity_raci_assignments_table',44),(79,'2026_03_13_170000_add_customer_request_workflow_transition_config',45),(80,'2026_03_14_180000_create_project_procedure_tables',46),(81,'2026_03_14_200000_create_procedure_worklogs_and_raci',47),(82,'2026_03_14_223000_add_assigned_date_to_customer_requests',48),(83,'2026_03_15_120000_create_project_types_table',49),(84,'2026_03_15_230000_create_department_weekly_schedule_tables',50),(85,'2026_03_15_140000_create_monthly_calendars_table',50),(86,'2026_03_16_000001_rename_thue_dich_vu_to_dacthu',51),(87,'2026_03_13_183000_backfill_customer_request_status_catalog_ids',52),(88,'2026_03_13_201000_add_workflow_binding_to_support_service_groups',52),(89,'2026_03_13_210000_backfill_support_service_group_workflow_defaults',52),(90,'2026_03_13_220000_add_workflow_scope_to_sla_configs',52),(91,'2026_03_13_230000_create_workflow_notification_logs_table',52),(92,'2026_03_13_231500_add_audit_columns_to_request_transitions',52),(93,'2026_03_15_080000_add_phase_label_to_project_procedure_steps',52),(94,'2026_03_15_235500_create_yeu_cau_workflow_tables',52),(95,'2026_03_16_100000_create_shared_timesheets_and_issues',53),(96,'2026_03_16_120000_add_updated_by_to_project_procedure_raci',54),(97,'2026_03_16_130000_add_active_tab_token_to_internal_users',55),(98,'2026_03_16_000001_add_unique_project_template_to_procedures',56),(99,'2026_03_16_000002_add_created_by_to_procedure_steps',57),(100,'2026_03_16_220000_create_customer_request_case_workflow_tables',58),(101,'2026_03_17_000001_add_procedure_step_to_attachment_reference_type',59),(102,'2026_03_17_090000_merge_new_intake_into_customer_request_cases',60),(103,'2026_03_17_100000_drop_legacy_customer_request_new_intakes_table',61),(104,'2026_03_17_150000_drop_requesting_unit_from_customer_request_cases',62),(105,'2026_03_17_173000_drop_assignee_and_notes_from_customer_request_cases',63),(106,'2026_03_17_181000_drop_legacy_receiver_alias_from_customer_request_cases',63),(107,'2026_03_17_182000_drop_intake_notes_from_customer_request_cases',64),(108,'2026_03_17_100000_change_project_status_enum_to_varchar',65),(109,'2026_03_18_100000_create_feedback_requests_table',66),(110,'2026_03_18_100001_create_feedback_responses_table',66),(111,'2026_03_18_100002_add_feedback_request_to_attachment_reference_type',66),(112,'2026_03_18_200000_make_customer_code_contract_code_nullable',67),(113,'2026_03_18_210000_fix_request_ref_tasks_source_columns',68),(114,'2026_03_18_000001_add_actual_dates_to_project_procedure_steps',69),(115,'2026_03_19_100000_add_cancelled_status_to_feedback_requests_table',70),(116,'2026_03_19_130000_add_payment_cycle_to_contracts',70),(117,'2026_03_19_150000_drop_generate_contract_payments_procedure',71),(118,'2026_03_19_160000_add_payment_schedule_confirmation_audit_and_attachment_reference_type',72),(119,'2026_03_19_130000_create_project_procedure_step_raci_table',73),(120,'2026_03_19_170000_create_contract_items_table',74),(121,'2026_03_19_170100_add_unit_to_products',74),(122,'2026_03_21_090000_add_roles_and_metrics_to_customer_request_cases',75),(123,'2026_03_21_090100_add_extended_fields_to_customer_request_worklogs',75),(124,'2026_03_21_090200_create_customer_request_estimates',75),(125,'2026_03_21_100000_add_v4_dispatch_columns_to_customer_request_cases',76),(126,'2026_03_21_100100_create_v4_status_tables',77),(127,'2026_03_21_100200_seed_v4_status_catalog_and_transitions',78),(128,'2026_03_20_200000_drop_legacy_workflow_tables',79),(129,'2026_03_21_110000_create_customer_request_plans_tables',79),(130,'2026_03_21_120000_create_monthly_hours_snapshots_table',79),(131,'2026_03_21_120100_create_customer_request_escalations_table',79),(132,'2026_03_21_120200_create_leadership_directives_table',79),(133,'2026_03_22_170000_add_service_group_to_products_table',80),(134,'2026_03_22_180000_add_product_to_attachment_reference_type',80),(135,'2026_03_22_100000_add_overrun_warn_flags_to_customer_request_cases',81),(136,'2026_03_23_100100_add_soft_deletes_to_contracts',82),(137,'2026_03_23_100000_fix_workflow_align_xml_remove_dispatched',83),(138,'2026_03_23_110000_add_vat_rate_to_contract_items',83),(139,'2026_03_23_111000_add_vat_amount_to_contract_items',84),(140,'2026_03_23_110000_add_covering_indexes_for_customer_insight',85),(141,'2026_03_23_120000_add_focal_point_fields_to_business_domains_table',85),(142,'2026_03_24_110000_add_revenue_management_permissions',86),(143,'2026_03_24_130000_add_status_reason_to_projects',87),(144,'2026_03_24_090000_add_package_name_to_products_table',88),(145,'2026_03_23_120000_add_priority_to_opportunities',89),(146,'2026_03_23_150000_add_addendum_columns_to_contracts',89),(147,'2026_03_23_150100_add_penalty_columns_to_payment_schedules',89),(148,'2026_03_23_150200_add_renewal_settings_to_integration_settings',89),(149,'2026_03_24_090000_add_pm_decision_metadata_to_customer_request_status_instances',89),(150,'2026_03_24_100000_create_revenue_targets_table',89),(151,'2026_03_24_100100_create_revenue_snapshots_table',89),(152,'2026_03_25_100000_create_invoices_table',89),(153,'2026_03_25_100100_create_invoice_items_table',89),(154,'2026_03_25_100200_create_receipts_table',89),(155,'2026_03_25_100300_create_dunning_logs_table',89),(156,'2026_03_25_100400_add_invoice_id_to_payment_schedules',89),(157,'2026_03_25_200000_add_performance_indexes_to_fee_collection',90);
/*!40000 ALTER TABLE `migrations` ENABLE KEYS */;
UNLOCK TABLES;

--
-- Table structure for table `monthly_calendars`
--

DROP TABLE IF EXISTS `monthly_calendars`;
/*!40101 SET @saved_cs_client     = @@character_set_client */;
/*!50503 SET character_set_client = utf8mb4 */;
CREATE TABLE `monthly_calendars` (
  `date` date NOT NULL,
  `year` smallint unsigned NOT NULL,
  `month` tinyint unsigned NOT NULL,
  `day` tinyint unsigned NOT NULL,
  `week_number` tinyint unsigned NOT NULL COMMENT 'Tuần trong năm (1-53)',
  `day_of_week` tinyint unsigned NOT NULL COMMENT '1: Chủ Nhật, 2: Thứ Hai, ..., 7: Thứ Bảy',
  `is_weekend` tinyint(1) NOT NULL DEFAULT '0' COMMENT 'TRUE nếu Thứ Bảy hoặc Chủ Nhật',
  `is_working_day` tinyint(1) NOT NULL DEFAULT '1' COMMENT 'TRUE = ngày làm việc bình thường',
  `is_holiday` tinyint(1) NOT NULL DEFAULT '0' COMMENT 'TRUE = ngày nghỉ lễ chính thức',
  `holiday_name` varchar(200) DEFAULT NULL COMMENT 'Tên ngày lễ nếu có',
  `note` varchar(255) DEFAULT NULL COMMENT 'Ghi chú thêm',
  `created_at` timestamp NULL DEFAULT CURRENT_TIMESTAMP,
  `updated_at` timestamp NULL DEFAULT NULL ON UPDATE CURRENT_TIMESTAMP,
  `created_by` bigint unsigned DEFAULT NULL,
  `updated_by` bigint unsigned DEFAULT NULL,
  PRIMARY KEY (`date`),
  KEY `idx_mc_year_month` (`year`,`month`),
  KEY `idx_mc_year_week` (`year`,`week_number`),
  KEY `idx_mc_updated` (`updated_at`),
  KEY `idx_mc_working_day` (`is_working_day`),
  KEY `idx_mc_holiday` (`is_holiday`)
) ENGINE=InnoDB DEFAULT CHARSET=utf8mb4 COLLATE=utf8mb4_0900_ai_ci;
/*!40101 SET character_set_client = @saved_cs_client */;

--
-- Dumping data for table `monthly_calendars`
--

LOCK TABLES `monthly_calendars` WRITE;
/*!40000 ALTER TABLE `monthly_calendars` DISABLE KEYS */;
INSERT INTO `monthly_calendars` VALUES ('2026-01-01',2026,1,1,1,5,0,0,1,'Tết Dương lịch',NULL,'2026-03-15 05:56:32','2026-03-15 05:56:32',NULL,NULL),('2026-01-02',2026,1,2,1,6,0,1,0,NULL,NULL,'2026-03-15 05:56:32','2026-03-15 05:56:32',NULL,NULL),('2026-01-03',2026,1,3,1,7,1,0,0,NULL,NULL,'2026-03-15 05:56:33','2026-03-15 05:56:33',NULL,NULL),('2026-01-04',2026,1,4,1,1,1,0,0,NULL,NULL,'2026-03-15 05:56:33','2026-03-15 05:56:33',NULL,NULL),('2026-01-05',2026,1,5,2,2,0,1,0,NULL,NULL,'2026-03-15 05:56:33','2026-03-15 05:56:33',NULL,NULL),('2026-01-06',2026,1,6,2,3,0,1,0,NULL,NULL,'2026-03-15 05:56:33','2026-03-15 05:56:33',NULL,NULL),('2026-01-07',2026,1,7,2,4,0,1,0,NULL,NULL,'2026-03-15 05:56:33','2026-03-15 05:56:33',NULL,NULL),('2026-01-08',2026,1,8,2,5,0,1,0,NULL,NULL,'2026-03-15 05:56:33','2026-03-15 05:56:33',NULL,NULL),('2026-01-09',2026,1,9,2,6,0,1,0,NULL,NULL,'2026-03-15 05:56:33','2026-03-15 05:56:33',NULL,NULL),('2026-01-10',2026,1,10,2,7,1,0,0,NULL,NULL,'2026-03-15 05:56:33','2026-03-15 05:56:33',NULL,NULL),('2026-01-11',2026,1,11,2,1,1,0,0,NULL,NULL,'2026-03-15 05:56:33','2026-03-15 05:56:33',NULL,NULL),('2026-01-12',2026,1,12,3,2,0,1,0,NULL,NULL,'2026-03-15 05:56:33','2026-03-15 05:56:33',NULL,NULL),('2026-01-13',2026,1,13,3,3,0,1,0,NULL,NULL,'2026-03-15 05:56:33','2026-03-15 05:56:33',NULL,NULL),('2026-01-14',2026,1,14,3,4,0,1,0,NULL,NULL,'2026-03-15 05:56:33','2026-03-15 05:56:33',NULL,NULL),('2026-01-15',2026,1,15,3,5,0,1,0,NULL,NULL,'2026-03-15 05:56:33','2026-03-15 05:56:33',NULL,NULL),('2026-01-16',2026,1,16,3,6,0,1,0,NULL,NULL,'2026-03-15 05:56:33','2026-03-15 05:56:33',NULL,NULL),('2026-01-17',2026,1,17,3,7,1,0,0,NULL,NULL,'2026-03-15 05:56:33','2026-03-15 05:56:33',NULL,NULL),('2026-01-18',2026,1,18,3,1,1,0,0,NULL,NULL,'2026-03-15 05:56:33','2026-03-15 05:56:33',NULL,NULL),('2026-01-19',2026,1,19,4,2,0,1,0,NULL,NULL,'2026-03-15 05:56:33','2026-03-15 05:56:33',NULL,NULL),('2026-01-20',2026,1,20,4,3,0,1,0,NULL,NULL,'2026-03-15 05:56:33','2026-03-15 05:56:33',NULL,NULL),('2026-01-21',2026,1,21,4,4,0,1,0,NULL,NULL,'2026-03-15 05:56:33','2026-03-15 05:56:33',NULL,NULL),('2026-01-22',2026,1,22,4,5,0,1,0,NULL,NULL,'2026-03-15 05:56:33','2026-03-15 05:56:33',NULL,NULL),('2026-01-23',2026,1,23,4,6,0,1,0,NULL,NULL,'2026-03-15 05:56:33','2026-03-15 05:56:33',NULL,NULL),('2026-01-24',2026,1,24,4,7,1,0,0,NULL,NULL,'2026-03-15 05:56:33','2026-03-15 05:56:33',NULL,NULL),('2026-01-25',2026,1,25,4,1,1,0,0,NULL,NULL,'2026-03-15 05:56:33','2026-03-15 05:56:33',NULL,NULL),('2026-01-26',2026,1,26,5,2,0,1,0,NULL,NULL,'2026-03-15 05:56:33','2026-03-15 05:56:33',NULL,NULL),('2026-01-27',2026,1,27,5,3,0,1,0,NULL,NULL,'2026-03-15 05:56:33','2026-03-15 05:56:33',NULL,NULL),('2026-01-28',2026,1,28,5,4,0,1,0,NULL,NULL,'2026-03-15 05:56:33','2026-03-15 05:56:33',NULL,NULL),('2026-01-29',2026,1,29,5,5,0,1,0,NULL,NULL,'2026-03-15 05:56:33','2026-03-15 05:56:33',NULL,NULL),('2026-01-30',2026,1,30,5,6,0,1,0,NULL,NULL,'2026-03-15 05:56:33','2026-03-15 05:56:33',NULL,NULL),('2026-01-31',2026,1,31,5,7,1,0,0,NULL,NULL,'2026-03-15 05:56:33','2026-03-15 05:56:33',NULL,NULL),('2026-02-01',2026,2,1,5,1,1,0,0,NULL,NULL,'2026-03-15 05:56:33','2026-03-15 05:56:33',NULL,NULL),('2026-02-02',2026,2,2,6,2,0,1,0,NULL,NULL,'2026-03-15 05:56:33','2026-03-15 05:56:33',NULL,NULL),('2026-02-03',2026,2,3,6,3,0,1,0,NULL,NULL,'2026-03-15 05:56:33','2026-03-15 05:56:33',NULL,NULL),('2026-02-04',2026,2,4,6,4,0,1,0,NULL,NULL,'2026-03-15 05:56:33','2026-03-15 05:56:33',NULL,NULL),('2026-02-05',2026,2,5,6,5,0,1,0,NULL,NULL,'2026-03-15 05:56:33','2026-03-15 05:56:33',NULL,NULL),('2026-02-06',2026,2,6,6,6,0,1,0,NULL,NULL,'2026-03-15 05:56:33','2026-03-15 05:56:33',NULL,NULL),('2026-02-07',2026,2,7,6,7,1,0,0,NULL,NULL,'2026-03-15 05:56:33','2026-03-15 05:56:33',NULL,NULL),('2026-02-08',2026,2,8,6,1,1,0,0,NULL,NULL,'2026-03-15 05:56:33','2026-03-15 05:56:33',NULL,NULL),('2026-02-09',2026,2,9,7,2,0,1,0,NULL,NULL,'2026-03-15 05:56:33','2026-03-15 05:56:33',NULL,NULL),('2026-02-10',2026,2,10,7,3,0,1,0,NULL,NULL,'2026-03-15 05:56:33','2026-03-15 05:56:33',NULL,NULL),('2026-02-11',2026,2,11,7,4,0,1,0,NULL,NULL,'2026-03-15 05:56:33','2026-03-15 05:56:33',NULL,NULL),('2026-02-12',2026,2,12,7,5,0,1,0,NULL,NULL,'2026-03-15 05:56:33','2026-03-15 05:56:33',NULL,NULL),('2026-02-13',2026,2,13,7,6,0,1,0,NULL,NULL,'2026-03-15 05:56:33','2026-03-15 05:56:33',NULL,NULL),('2026-02-14',2026,2,14,7,7,1,0,0,NULL,NULL,'2026-03-15 05:56:33','2026-03-15 05:56:33',NULL,NULL),('2026-02-15',2026,2,15,7,1,1,0,0,NULL,NULL,'2026-03-15 05:56:33','2026-03-15 05:56:33',NULL,NULL),('2026-02-16',2026,2,16,8,2,0,1,0,NULL,NULL,'2026-03-15 05:56:33','2026-03-15 05:56:33',NULL,NULL),('2026-02-17',2026,2,17,8,3,0,1,0,NULL,NULL,'2026-03-15 05:56:33','2026-03-15 05:56:33',NULL,NULL),('2026-02-18',2026,2,18,8,4,0,1,0,NULL,NULL,'2026-03-15 05:56:33','2026-03-15 05:56:33',NULL,NULL),('2026-02-19',2026,2,19,8,5,0,1,0,NULL,NULL,'2026-03-15 05:56:33','2026-03-15 05:56:33',NULL,NULL),('2026-02-20',2026,2,20,8,6,0,1,0,NULL,NULL,'2026-03-15 05:56:33','2026-03-15 05:56:33',NULL,NULL),('2026-02-21',2026,2,21,8,7,1,0,0,NULL,NULL,'2026-03-15 05:56:33','2026-03-15 05:56:33',NULL,NULL),('2026-02-22',2026,2,22,8,1,1,0,0,NULL,NULL,'2026-03-15 05:56:33','2026-03-15 05:56:33',NULL,NULL),('2026-02-23',2026,2,23,9,2,0,1,0,NULL,NULL,'2026-03-15 05:56:33','2026-03-15 05:56:33',NULL,NULL),('2026-02-24',2026,2,24,9,3,0,1,0,NULL,NULL,'2026-03-15 05:56:33','2026-03-15 05:56:33',NULL,NULL),('2026-02-25',2026,2,25,9,4,0,1,0,NULL,NULL,'2026-03-15 05:56:33','2026-03-15 05:56:33',NULL,NULL),('2026-02-26',2026,2,26,9,5,0,1,0,NULL,NULL,'2026-03-15 05:56:33','2026-03-15 05:56:33',NULL,NULL),('2026-02-27',2026,2,27,9,6,0,1,0,NULL,NULL,'2026-03-15 05:56:33','2026-03-15 05:56:33',NULL,NULL),('2026-02-28',2026,2,28,9,7,1,0,0,NULL,NULL,'2026-03-15 05:56:33','2026-03-15 05:56:33',NULL,NULL),('2026-03-01',2026,3,1,9,1,1,0,0,NULL,NULL,'2026-03-15 05:56:33','2026-03-15 05:56:33',NULL,NULL),('2026-03-02',2026,3,2,10,2,0,1,0,NULL,NULL,'2026-03-15 05:56:33','2026-03-15 05:56:33',NULL,NULL),('2026-03-03',2026,3,3,10,3,0,1,0,NULL,NULL,'2026-03-15 05:56:33','2026-03-15 05:56:33',NULL,NULL),('2026-03-04',2026,3,4,10,4,0,1,0,NULL,NULL,'2026-03-15 05:56:33','2026-03-15 05:56:33',NULL,NULL),('2026-03-05',2026,3,5,10,5,0,1,0,NULL,NULL,'2026-03-15 05:56:33','2026-03-15 05:56:33',NULL,NULL),('2026-03-06',2026,3,6,10,6,0,1,0,NULL,NULL,'2026-03-15 05:56:33','2026-03-15 05:56:33',NULL,NULL),('2026-03-07',2026,3,7,10,7,1,0,0,NULL,NULL,'2026-03-15 05:56:33','2026-03-15 05:56:33',NULL,NULL),('2026-03-08',2026,3,8,10,1,1,0,0,NULL,NULL,'2026-03-15 05:56:33','2026-03-15 05:56:33',NULL,NULL),('2026-03-09',2026,3,9,11,2,0,1,0,NULL,NULL,'2026-03-15 05:56:33','2026-03-15 05:56:33',NULL,NULL),('2026-03-10',2026,3,10,11,3,0,1,0,NULL,NULL,'2026-03-15 05:56:33','2026-03-15 05:56:33',NULL,NULL),('2026-03-11',2026,3,11,11,4,0,1,0,NULL,NULL,'2026-03-15 05:56:33','2026-03-15 05:56:33',NULL,NULL),('2026-03-12',2026,3,12,11,5,0,1,0,NULL,NULL,'2026-03-15 05:56:33','2026-03-15 05:56:33',NULL,NULL),('2026-03-13',2026,3,13,11,6,0,1,0,NULL,NULL,'2026-03-15 05:56:33','2026-03-15 05:56:33',NULL,NULL),('2026-03-14',2026,3,14,11,7,1,0,0,NULL,NULL,'2026-03-15 05:56:33','2026-03-15 05:56:33',NULL,NULL),('2026-03-15',2026,3,15,11,1,1,0,0,NULL,NULL,'2026-03-15 05:56:33','2026-03-15 05:56:33',NULL,NULL),('2026-03-16',2026,3,16,12,2,0,1,0,NULL,NULL,'2026-03-15 05:56:33','2026-03-15 05:56:33',NULL,NULL),('2026-03-17',2026,3,17,12,3,0,1,0,NULL,NULL,'2026-03-15 05:56:33','2026-03-15 05:56:33',NULL,NULL),('2026-03-18',2026,3,18,12,4,0,1,0,NULL,NULL,'2026-03-15 05:56:33','2026-03-15 05:56:33',NULL,NULL),('2026-03-19',2026,3,19,12,5,0,1,0,NULL,NULL,'2026-03-15 05:56:33','2026-03-15 05:56:33',NULL,NULL),('2026-03-20',2026,3,20,12,6,0,1,0,NULL,NULL,'2026-03-15 05:56:33','2026-03-15 05:56:33',NULL,NULL),('2026-03-21',2026,3,21,12,7,1,0,0,NULL,NULL,'2026-03-15 05:56:33','2026-03-15 05:56:33',NULL,NULL),('2026-03-22',2026,3,22,12,1,1,0,0,NULL,NULL,'2026-03-15 05:56:33','2026-03-15 05:56:33',NULL,NULL),('2026-03-23',2026,3,23,13,2,0,1,0,NULL,NULL,'2026-03-15 05:56:33','2026-03-15 05:56:33',NULL,NULL),('2026-03-24',2026,3,24,13,3,0,1,0,NULL,NULL,'2026-03-15 05:56:33','2026-03-15 05:56:33',NULL,NULL),('2026-03-25',2026,3,25,13,4,0,1,0,NULL,NULL,'2026-03-15 05:56:33','2026-03-15 05:56:33',NULL,NULL),('2026-03-26',2026,3,26,13,5,0,1,0,NULL,NULL,'2026-03-15 05:56:33','2026-03-15 05:56:33',NULL,NULL),('2026-03-27',2026,3,27,13,6,0,1,0,NULL,NULL,'2026-03-15 05:56:33','2026-03-15 05:56:33',NULL,NULL),('2026-03-28',2026,3,28,13,7,1,0,0,NULL,NULL,'2026-03-15 05:56:33','2026-03-15 05:56:33',NULL,NULL),('2026-03-29',2026,3,29,13,1,1,0,0,NULL,NULL,'2026-03-15 05:56:33','2026-03-15 05:56:33',NULL,NULL),('2026-03-30',2026,3,30,14,2,0,1,0,NULL,NULL,'2026-03-15 05:56:33','2026-03-15 05:56:33',NULL,NULL),('2026-03-31',2026,3,31,14,3,0,1,0,NULL,NULL,'2026-03-15 05:56:33','2026-03-15 05:56:33',NULL,NULL),('2026-04-01',2026,4,1,14,4,0,1,0,NULL,NULL,'2026-03-15 05:56:33','2026-03-15 05:56:33',NULL,NULL),('2026-04-02',2026,4,2,14,5,0,1,0,NULL,NULL,'2026-03-15 05:56:33','2026-03-15 05:56:33',NULL,NULL),('2026-04-03',2026,4,3,14,6,0,1,0,NULL,NULL,'2026-03-15 05:56:33','2026-03-15 05:56:33',NULL,NULL),('2026-04-04',2026,4,4,14,7,1,0,0,NULL,NULL,'2026-03-15 05:56:33','2026-03-15 05:56:33',NULL,NULL),('2026-04-05',2026,4,5,14,1,1,0,0,NULL,NULL,'2026-03-15 05:56:33','2026-03-15 05:56:33',NULL,NULL),('2026-04-06',2026,4,6,15,2,0,1,0,NULL,NULL,'2026-03-15 05:56:33','2026-03-15 05:56:33',NULL,NULL),('2026-04-07',2026,4,7,15,3,0,1,0,NULL,NULL,'2026-03-15 05:56:33','2026-03-15 05:56:33',NULL,NULL),('2026-04-08',2026,4,8,15,4,0,1,0,NULL,NULL,'2026-03-15 05:56:33','2026-03-15 05:56:33',NULL,NULL),('2026-04-09',2026,4,9,15,5,0,1,0,NULL,NULL,'2026-03-15 05:56:33','2026-03-15 05:56:33',NULL,NULL),('2026-04-10',2026,4,10,15,6,0,1,0,NULL,NULL,'2026-03-15 05:56:33','2026-03-15 05:56:33',NULL,NULL),('2026-04-11',2026,4,11,15,7,1,0,0,NULL,NULL,'2026-03-15 05:56:33','2026-03-15 05:56:33',NULL,NULL),('2026-04-12',2026,4,12,15,1,1,0,0,NULL,NULL,'2026-03-15 05:56:33','2026-03-15 05:56:33',NULL,NULL),('2026-04-13',2026,4,13,16,2,0,1,0,NULL,NULL,'2026-03-15 05:56:33','2026-03-15 05:56:33',NULL,NULL),('2026-04-14',2026,4,14,16,3,0,1,0,NULL,NULL,'2026-03-15 05:56:33','2026-03-15 05:56:33',NULL,NULL),('2026-04-15',2026,4,15,16,4,0,1,0,NULL,NULL,'2026-03-15 05:56:33','2026-03-15 05:56:33',NULL,NULL),('2026-04-16',2026,4,16,16,5,0,1,0,NULL,NULL,'2026-03-15 05:56:33','2026-03-15 05:56:33',NULL,NULL),('2026-04-17',2026,4,17,16,6,0,1,0,NULL,NULL,'2026-03-15 05:56:33','2026-03-15 05:56:33',NULL,NULL),('2026-04-18',2026,4,18,16,7,1,0,0,NULL,NULL,'2026-03-15 05:56:33','2026-03-15 05:56:33',NULL,NULL),('2026-04-19',2026,4,19,16,1,1,0,0,NULL,NULL,'2026-03-15 05:56:33','2026-03-15 05:56:33',NULL,NULL),('2026-04-20',2026,4,20,17,2,0,1,0,NULL,NULL,'2026-03-15 05:56:33','2026-03-15 05:56:33',NULL,NULL),('2026-04-21',2026,4,21,17,3,0,1,0,NULL,NULL,'2026-03-15 05:56:33','2026-03-15 05:56:33',NULL,NULL),('2026-04-22',2026,4,22,17,4,0,1,0,NULL,NULL,'2026-03-15 05:56:33','2026-03-15 05:56:33',NULL,NULL),('2026-04-23',2026,4,23,17,5,0,1,0,NULL,NULL,'2026-03-15 05:56:33','2026-03-15 05:56:33',NULL,NULL),('2026-04-24',2026,4,24,17,6,0,1,0,NULL,NULL,'2026-03-15 05:56:33','2026-03-15 05:56:33',NULL,NULL),('2026-04-25',2026,4,25,17,7,1,0,0,NULL,NULL,'2026-03-15 05:56:33','2026-03-15 05:56:33',NULL,NULL),('2026-04-26',2026,4,26,17,1,1,0,0,NULL,NULL,'2026-03-15 05:56:33','2026-03-15 05:56:33',NULL,NULL),('2026-04-27',2026,4,27,18,2,0,1,0,NULL,NULL,'2026-03-15 05:56:33','2026-03-15 05:56:33',NULL,NULL),('2026-04-28',2026,4,28,18,3,0,1,0,NULL,NULL,'2026-03-15 05:56:33','2026-03-15 05:56:33',NULL,NULL),('2026-04-29',2026,4,29,18,4,0,1,0,NULL,NULL,'2026-03-15 05:56:33','2026-03-15 05:56:33',NULL,NULL),('2026-04-30',2026,4,30,18,5,0,0,1,'Ngày Giải phóng miền Nam',NULL,'2026-03-15 05:56:33','2026-03-15 05:56:33',NULL,NULL),('2026-05-01',2026,5,1,18,6,0,0,1,'Quốc tế Lao động',NULL,'2026-03-15 05:56:33','2026-03-15 05:56:33',NULL,NULL),('2026-05-02',2026,5,2,18,7,1,0,0,NULL,NULL,'2026-03-15 05:56:33','2026-03-15 05:56:33',NULL,NULL),('2026-05-03',2026,5,3,18,1,1,0,0,NULL,NULL,'2026-03-15 05:56:33','2026-03-15 05:56:33',NULL,NULL),('2026-05-04',2026,5,4,19,2,0,1,0,NULL,NULL,'2026-03-15 05:56:33','2026-03-15 05:56:33',NULL,NULL),('2026-05-05',2026,5,5,19,3,0,1,0,NULL,NULL,'2026-03-15 05:56:33','2026-03-15 05:56:33',NULL,NULL),('2026-05-06',2026,5,6,19,4,0,1,0,NULL,NULL,'2026-03-15 05:56:33','2026-03-15 05:56:33',NULL,NULL),('2026-05-07',2026,5,7,19,5,0,1,0,NULL,NULL,'2026-03-15 05:56:33','2026-03-15 05:56:33',NULL,NULL),('2026-05-08',2026,5,8,19,6,0,1,0,NULL,NULL,'2026-03-15 05:56:33','2026-03-15 05:56:33',NULL,NULL),('2026-05-09',2026,5,9,19,7,1,0,0,NULL,NULL,'2026-03-15 05:56:33','2026-03-15 05:56:33',NULL,NULL),('2026-05-10',2026,5,10,19,1,1,0,0,NULL,NULL,'2026-03-15 05:56:33','2026-03-15 05:56:33',NULL,NULL),('2026-05-11',2026,5,11,20,2,0,1,0,NULL,NULL,'2026-03-15 05:56:33','2026-03-15 05:56:33',NULL,NULL),('2026-05-12',2026,5,12,20,3,0,1,0,NULL,NULL,'2026-03-15 05:56:33','2026-03-15 05:56:33',NULL,NULL),('2026-05-13',2026,5,13,20,4,0,1,0,NULL,NULL,'2026-03-15 05:56:33','2026-03-15 05:56:33',NULL,NULL),('2026-05-14',2026,5,14,20,5,0,1,0,NULL,NULL,'2026-03-15 05:56:33','2026-03-15 05:56:33',NULL,NULL),('2026-05-15',2026,5,15,20,6,0,1,0,NULL,NULL,'2026-03-15 05:56:33','2026-03-15 05:56:33',NULL,NULL),('2026-05-16',2026,5,16,20,7,1,0,0,NULL,NULL,'2026-03-15 05:56:33','2026-03-15 05:56:33',NULL,NULL),('2026-05-17',2026,5,17,20,1,1,0,0,NULL,NULL,'2026-03-15 05:56:33','2026-03-15 05:56:33',NULL,NULL),('2026-05-18',2026,5,18,21,2,0,1,0,NULL,NULL,'2026-03-15 05:56:33','2026-03-15 05:56:33',NULL,NULL),('2026-05-19',2026,5,19,21,3,0,1,0,NULL,NULL,'2026-03-15 05:56:33','2026-03-15 05:56:33',NULL,NULL),('2026-05-20',2026,5,20,21,4,0,1,0,NULL,NULL,'2026-03-15 05:56:33','2026-03-15 05:56:33',NULL,NULL),('2026-05-21',2026,5,21,21,5,0,1,0,NULL,NULL,'2026-03-15 05:56:33','2026-03-15 05:56:33',NULL,NULL),('2026-05-22',2026,5,22,21,6,0,1,0,NULL,NULL,'2026-03-15 05:56:33','2026-03-15 05:56:33',NULL,NULL),('2026-05-23',2026,5,23,21,7,1,0,0,NULL,NULL,'2026-03-15 05:56:33','2026-03-15 05:56:33',NULL,NULL),('2026-05-24',2026,5,24,21,1,1,0,0,NULL,NULL,'2026-03-15 05:56:33','2026-03-15 05:56:33',NULL,NULL),('2026-05-25',2026,5,25,22,2,0,1,0,NULL,NULL,'2026-03-15 05:56:33','2026-03-15 05:56:33',NULL,NULL),('2026-05-26',2026,5,26,22,3,0,1,0,NULL,NULL,'2026-03-15 05:56:33','2026-03-15 05:56:33',NULL,NULL),('2026-05-27',2026,5,27,22,4,0,1,0,NULL,NULL,'2026-03-15 05:56:33','2026-03-15 05:56:33',NULL,NULL),('2026-05-28',2026,5,28,22,5,0,1,0,NULL,NULL,'2026-03-15 05:56:33','2026-03-15 05:56:33',NULL,NULL),('2026-05-29',2026,5,29,22,6,0,1,0,NULL,NULL,'2026-03-15 05:56:33','2026-03-15 05:56:33',NULL,NULL),('2026-05-30',2026,5,30,22,7,1,0,0,NULL,NULL,'2026-03-15 05:56:33','2026-03-15 05:56:33',NULL,NULL),('2026-05-31',2026,5,31,22,1,1,0,0,NULL,NULL,'2026-03-15 05:56:33','2026-03-15 05:56:33',NULL,NULL),('2026-06-01',2026,6,1,23,2,0,1,0,NULL,NULL,'2026-03-15 05:56:33','2026-03-15 05:56:33',NULL,NULL),('2026-06-02',2026,6,2,23,3,0,1,0,NULL,NULL,'2026-03-15 05:56:33','2026-03-15 05:56:33',NULL,NULL),('2026-06-03',2026,6,3,23,4,0,1,0,NULL,NULL,'2026-03-15 05:56:33','2026-03-15 05:56:33',NULL,NULL),('2026-06-04',2026,6,4,23,5,0,1,0,NULL,NULL,'2026-03-15 05:56:33','2026-03-15 05:56:33',NULL,NULL),('2026-06-05',2026,6,5,23,6,0,1,0,NULL,NULL,'2026-03-15 05:56:33','2026-03-15 05:56:33',NULL,NULL),('2026-06-06',2026,6,6,23,7,1,0,0,NULL,NULL,'2026-03-15 05:56:33','2026-03-15 05:56:33',NULL,NULL),('2026-06-07',2026,6,7,23,1,1,0,0,NULL,NULL,'2026-03-15 05:56:33','2026-03-15 05:56:33',NULL,NULL),('2026-06-08',2026,6,8,24,2,0,1,0,NULL,NULL,'2026-03-15 05:56:33','2026-03-15 05:56:33',NULL,NULL),('2026-06-09',2026,6,9,24,3,0,1,0,NULL,NULL,'2026-03-15 05:56:33','2026-03-15 05:56:33',NULL,NULL),('2026-06-10',2026,6,10,24,4,0,1,0,NULL,NULL,'2026-03-15 05:56:33','2026-03-15 05:56:33',NULL,NULL),('2026-06-11',2026,6,11,24,5,0,1,0,NULL,NULL,'2026-03-15 05:56:33','2026-03-15 05:56:33',NULL,NULL),('2026-06-12',2026,6,12,24,6,0,1,0,NULL,NULL,'2026-03-15 05:56:33','2026-03-15 05:56:33',NULL,NULL),('2026-06-13',2026,6,13,24,7,1,0,0,NULL,NULL,'2026-03-15 05:56:33','2026-03-15 05:56:33',NULL,NULL),('2026-06-14',2026,6,14,24,1,1,0,0,NULL,NULL,'2026-03-15 05:56:33','2026-03-15 05:56:33',NULL,NULL),('2026-06-15',2026,6,15,25,2,0,1,0,NULL,NULL,'2026-03-15 05:56:33','2026-03-15 05:56:33',NULL,NULL),('2026-06-16',2026,6,16,25,3,0,1,0,NULL,NULL,'2026-03-15 05:56:33','2026-03-15 05:56:33',NULL,NULL),('2026-06-17',2026,6,17,25,4,0,1,0,NULL,NULL,'2026-03-15 05:56:33','2026-03-15 05:56:33',NULL,NULL),('2026-06-18',2026,6,18,25,5,0,1,0,NULL,NULL,'2026-03-15 05:56:33','2026-03-15 05:56:33',NULL,NULL),('2026-06-19',2026,6,19,25,6,0,1,0,NULL,NULL,'2026-03-15 05:56:33','2026-03-15 05:56:33',NULL,NULL),('2026-06-20',2026,6,20,25,7,1,0,0,NULL,NULL,'2026-03-15 05:56:33','2026-03-15 05:56:33',NULL,NULL),('2026-06-21',2026,6,21,25,1,1,0,0,NULL,NULL,'2026-03-15 05:56:33','2026-03-15 05:56:33',NULL,NULL),('2026-06-22',2026,6,22,26,2,0,1,0,NULL,NULL,'2026-03-15 05:56:33','2026-03-15 05:56:33',NULL,NULL),('2026-06-23',2026,6,23,26,3,0,1,0,NULL,NULL,'2026-03-15 05:56:33','2026-03-15 05:56:33',NULL,NULL),('2026-06-24',2026,6,24,26,4,0,1,0,NULL,NULL,'2026-03-15 05:56:33','2026-03-15 05:56:33',NULL,NULL),('2026-06-25',2026,6,25,26,5,0,1,0,NULL,NULL,'2026-03-15 05:56:33','2026-03-15 05:56:33',NULL,NULL),('2026-06-26',2026,6,26,26,6,0,1,0,NULL,NULL,'2026-03-15 05:56:33','2026-03-15 05:56:33',NULL,NULL),('2026-06-27',2026,6,27,26,7,1,0,0,NULL,NULL,'2026-03-15 05:56:33','2026-03-15 05:56:33',NULL,NULL),('2026-06-28',2026,6,28,26,1,1,0,0,NULL,NULL,'2026-03-15 05:56:33','2026-03-15 05:56:33',NULL,NULL),('2026-06-29',2026,6,29,27,2,0,1,0,NULL,NULL,'2026-03-15 05:56:33','2026-03-15 05:56:33',NULL,NULL),('2026-06-30',2026,6,30,27,3,0,1,0,NULL,NULL,'2026-03-15 05:56:33','2026-03-15 05:56:33',NULL,NULL),('2026-07-01',2026,7,1,27,4,0,1,0,NULL,NULL,'2026-03-15 05:56:33','2026-03-15 05:56:33',NULL,NULL),('2026-07-02',2026,7,2,27,5,0,1,0,NULL,NULL,'2026-03-15 05:56:33','2026-03-15 05:56:33',NULL,NULL),('2026-07-03',2026,7,3,27,6,0,1,0,NULL,NULL,'2026-03-15 05:56:33','2026-03-15 05:56:33',NULL,NULL),('2026-07-04',2026,7,4,27,7,1,0,0,NULL,NULL,'2026-03-15 05:56:33','2026-03-15 05:56:33',NULL,NULL),('2026-07-05',2026,7,5,27,1,1,0,0,NULL,NULL,'2026-03-15 05:56:33','2026-03-15 05:56:33',NULL,NULL),('2026-07-06',2026,7,6,28,2,0,1,0,NULL,NULL,'2026-03-15 05:56:33','2026-03-15 05:56:33',NULL,NULL),('2026-07-07',2026,7,7,28,3,0,1,0,NULL,NULL,'2026-03-15 05:56:33','2026-03-15 05:56:33',NULL,NULL),('2026-07-08',2026,7,8,28,4,0,1,0,NULL,NULL,'2026-03-15 05:56:33','2026-03-15 05:56:33',NULL,NULL),('2026-07-09',2026,7,9,28,5,0,1,0,NULL,NULL,'2026-03-15 05:56:33','2026-03-15 05:56:33',NULL,NULL),('2026-07-10',2026,7,10,28,6,0,1,0,NULL,NULL,'2026-03-15 05:56:33','2026-03-15 05:56:33',NULL,NULL),('2026-07-11',2026,7,11,28,7,1,0,0,NULL,NULL,'2026-03-15 05:56:33','2026-03-15 05:56:33',NULL,NULL),('2026-07-12',2026,7,12,28,1,1,0,0,NULL,NULL,'2026-03-15 05:56:33','2026-03-15 05:56:33',NULL,NULL),('2026-07-13',2026,7,13,29,2,0,1,0,NULL,NULL,'2026-03-15 05:56:33','2026-03-15 05:56:33',NULL,NULL),('2026-07-14',2026,7,14,29,3,0,1,0,NULL,NULL,'2026-03-15 05:56:33','2026-03-15 05:56:33',NULL,NULL),('2026-07-15',2026,7,15,29,4,0,1,0,NULL,NULL,'2026-03-15 05:56:33','2026-03-15 05:56:33',NULL,NULL),('2026-07-16',2026,7,16,29,5,0,1,0,NULL,NULL,'2026-03-15 05:56:33','2026-03-15 05:56:33',NULL,NULL),('2026-07-17',2026,7,17,29,6,0,1,0,NULL,NULL,'2026-03-15 05:56:33','2026-03-15 05:56:33',NULL,NULL),('2026-07-18',2026,7,18,29,7,1,0,0,NULL,NULL,'2026-03-15 05:56:33','2026-03-15 05:56:33',NULL,NULL),('2026-07-19',2026,7,19,29,1,1,0,0,NULL,NULL,'2026-03-15 05:56:33','2026-03-15 05:56:33',NULL,NULL),('2026-07-20',2026,7,20,30,2,0,1,0,NULL,NULL,'2026-03-15 05:56:33','2026-03-15 05:56:33',NULL,NULL),('2026-07-21',2026,7,21,30,3,0,1,0,NULL,NULL,'2026-03-15 05:56:33','2026-03-15 05:56:33',NULL,NULL),('2026-07-22',2026,7,22,30,4,0,1,0,NULL,NULL,'2026-03-15 05:56:33','2026-03-15 05:56:33',NULL,NULL),('2026-07-23',2026,7,23,30,5,0,1,0,NULL,NULL,'2026-03-15 05:56:33','2026-03-15 05:56:33',NULL,NULL),('2026-07-24',2026,7,24,30,6,0,1,0,NULL,NULL,'2026-03-15 05:56:33','2026-03-15 05:56:33',NULL,NULL),('2026-07-25',2026,7,25,30,7,1,0,0,NULL,NULL,'2026-03-15 05:56:33','2026-03-15 05:56:33',NULL,NULL),('2026-07-26',2026,7,26,30,1,1,0,0,NULL,NULL,'2026-03-15 05:56:33','2026-03-15 05:56:33',NULL,NULL),('2026-07-27',2026,7,27,31,2,0,1,0,NULL,NULL,'2026-03-15 05:56:33','2026-03-15 05:56:33',NULL,NULL),('2026-07-28',2026,7,28,31,3,0,1,0,NULL,NULL,'2026-03-15 05:56:33','2026-03-15 05:56:33',NULL,NULL),('2026-07-29',2026,7,29,31,4,0,1,0,NULL,NULL,'2026-03-15 05:56:33','2026-03-15 05:56:33',NULL,NULL),('2026-07-30',2026,7,30,31,5,0,1,0,NULL,NULL,'2026-03-15 05:56:33','2026-03-15 05:56:33',NULL,NULL),('2026-07-31',2026,7,31,31,6,0,1,0,NULL,NULL,'2026-03-15 05:56:33','2026-03-15 05:56:33',NULL,NULL),('2026-08-01',2026,8,1,31,7,1,0,0,NULL,NULL,'2026-03-15 05:56:33','2026-03-15 05:56:33',NULL,NULL),('2026-08-02',2026,8,2,31,1,1,0,0,NULL,NULL,'2026-03-15 05:56:33','2026-03-15 05:56:33',NULL,NULL),('2026-08-03',2026,8,3,32,2,0,1,0,NULL,NULL,'2026-03-15 05:56:33','2026-03-15 05:56:33',NULL,NULL),('2026-08-04',2026,8,4,32,3,0,1,0,NULL,NULL,'2026-03-15 05:56:33','2026-03-15 05:56:33',NULL,NULL),('2026-08-05',2026,8,5,32,4,0,1,0,NULL,NULL,'2026-03-15 05:56:33','2026-03-15 05:56:33',NULL,NULL),('2026-08-06',2026,8,6,32,5,0,1,0,NULL,NULL,'2026-03-15 05:56:33','2026-03-15 05:56:33',NULL,NULL),('2026-08-07',2026,8,7,32,6,0,1,0,NULL,NULL,'2026-03-15 05:56:33','2026-03-15 05:56:33',NULL,NULL),('2026-08-08',2026,8,8,32,7,1,0,0,NULL,NULL,'2026-03-15 05:56:33','2026-03-15 05:56:33',NULL,NULL),('2026-08-09',2026,8,9,32,1,1,0,0,NULL,NULL,'2026-03-15 05:56:33','2026-03-15 05:56:33',NULL,NULL),('2026-08-10',2026,8,10,33,2,0,1,0,NULL,NULL,'2026-03-15 05:56:33','2026-03-15 05:56:33',NULL,NULL),('2026-08-11',2026,8,11,33,3,0,1,0,NULL,NULL,'2026-03-15 05:56:33','2026-03-15 05:56:33',NULL,NULL),('2026-08-12',2026,8,12,33,4,0,1,0,NULL,NULL,'2026-03-15 05:56:33','2026-03-15 05:56:33',NULL,NULL),('2026-08-13',2026,8,13,33,5,0,1,0,NULL,NULL,'2026-03-15 05:56:33','2026-03-15 05:56:33',NULL,NULL),('2026-08-14',2026,8,14,33,6,0,1,0,NULL,NULL,'2026-03-15 05:56:33','2026-03-15 05:56:33',NULL,NULL),('2026-08-15',2026,8,15,33,7,1,0,0,NULL,NULL,'2026-03-15 05:56:33','2026-03-15 05:56:33',NULL,NULL),('2026-08-16',2026,8,16,33,1,1,0,0,NULL,NULL,'2026-03-15 05:56:33','2026-03-15 05:56:33',NULL,NULL),('2026-08-17',2026,8,17,34,2,0,1,0,NULL,NULL,'2026-03-15 05:56:33','2026-03-15 05:56:33',NULL,NULL),('2026-08-18',2026,8,18,34,3,0,1,0,NULL,NULL,'2026-03-15 05:56:33','2026-03-15 05:56:33',NULL,NULL),('2026-08-19',2026,8,19,34,4,0,1,0,NULL,NULL,'2026-03-15 05:56:33','2026-03-15 05:56:33',NULL,NULL),('2026-08-20',2026,8,20,34,5,0,1,0,NULL,NULL,'2026-03-15 05:56:33','2026-03-15 05:56:33',NULL,NULL),('2026-08-21',2026,8,21,34,6,0,1,0,NULL,NULL,'2026-03-15 05:56:33','2026-03-15 05:56:33',NULL,NULL),('2026-08-22',2026,8,22,34,7,1,0,0,NULL,NULL,'2026-03-15 05:56:33','2026-03-15 05:56:33',NULL,NULL),('2026-08-23',2026,8,23,34,1,1,0,0,NULL,NULL,'2026-03-15 05:56:33','2026-03-15 05:56:33',NULL,NULL),('2026-08-24',2026,8,24,35,2,0,1,0,NULL,NULL,'2026-03-15 05:56:33','2026-03-15 05:56:33',NULL,NULL),('2026-08-25',2026,8,25,35,3,0,1,0,NULL,NULL,'2026-03-15 05:56:33','2026-03-15 05:56:33',NULL,NULL),('2026-08-26',2026,8,26,35,4,0,1,0,NULL,NULL,'2026-03-15 05:56:33','2026-03-15 05:56:33',NULL,NULL),('2026-08-27',2026,8,27,35,5,0,1,0,NULL,NULL,'2026-03-15 05:56:33','2026-03-15 05:56:33',NULL,NULL),('2026-08-28',2026,8,28,35,6,0,1,0,NULL,NULL,'2026-03-15 05:56:33','2026-03-15 05:56:33',NULL,NULL),('2026-08-29',2026,8,29,35,7,1,0,0,NULL,NULL,'2026-03-15 05:56:33','2026-03-15 05:56:33',NULL,NULL),('2026-08-30',2026,8,30,35,1,1,0,0,NULL,NULL,'2026-03-15 05:56:33','2026-03-15 05:56:33',NULL,NULL),('2026-08-31',2026,8,31,36,2,0,1,0,NULL,NULL,'2026-03-15 05:56:33','2026-03-15 05:56:33',NULL,NULL),('2026-09-01',2026,9,1,36,3,0,1,0,NULL,NULL,'2026-03-15 05:56:33','2026-03-15 05:56:33',NULL,NULL),('2026-09-02',2026,9,2,36,4,0,0,1,'Quốc khánh',NULL,'2026-03-15 05:56:33','2026-03-15 05:56:33',NULL,NULL),('2026-09-03',2026,9,3,36,5,0,1,0,NULL,NULL,'2026-03-15 05:56:33','2026-03-15 05:56:33',NULL,NULL),('2026-09-04',2026,9,4,36,6,0,1,0,NULL,NULL,'2026-03-15 05:56:33','2026-03-15 05:56:33',NULL,NULL),('2026-09-05',2026,9,5,36,7,1,0,0,NULL,NULL,'2026-03-15 05:56:33','2026-03-15 05:56:33',NULL,NULL),('2026-09-06',2026,9,6,36,1,1,0,0,NULL,NULL,'2026-03-15 05:56:33','2026-03-15 05:56:33',NULL,NULL),('2026-09-07',2026,9,7,37,2,0,1,0,NULL,NULL,'2026-03-15 05:56:33','2026-03-15 05:56:33',NULL,NULL),('2026-09-08',2026,9,8,37,3,0,1,0,NULL,NULL,'2026-03-15 05:56:33','2026-03-15 05:56:33',NULL,NULL),('2026-09-09',2026,9,9,37,4,0,1,0,NULL,NULL,'2026-03-15 05:56:33','2026-03-15 05:56:33',NULL,NULL),('2026-09-10',2026,9,10,37,5,0,1,0,NULL,NULL,'2026-03-15 05:56:33','2026-03-15 05:56:33',NULL,NULL),('2026-09-11',2026,9,11,37,6,0,1,0,NULL,NULL,'2026-03-15 05:56:33','2026-03-15 05:56:33',NULL,NULL),('2026-09-12',2026,9,12,37,7,1,0,0,NULL,NULL,'2026-03-15 05:56:33','2026-03-15 05:56:33',NULL,NULL),('2026-09-13',2026,9,13,37,1,1,0,0,NULL,NULL,'2026-03-15 05:56:33','2026-03-15 05:56:33',NULL,NULL),('2026-09-14',2026,9,14,38,2,0,1,0,NULL,NULL,'2026-03-15 05:56:33','2026-03-15 05:56:33',NULL,NULL),('2026-09-15',2026,9,15,38,3,0,1,0,NULL,NULL,'2026-03-15 05:56:33','2026-03-15 05:56:33',NULL,NULL),('2026-09-16',2026,9,16,38,4,0,1,0,NULL,NULL,'2026-03-15 05:56:33','2026-03-15 05:56:33',NULL,NULL),('2026-09-17',2026,9,17,38,5,0,1,0,NULL,NULL,'2026-03-15 05:56:33','2026-03-15 05:56:33',NULL,NULL),('2026-09-18',2026,9,18,38,6,0,1,0,NULL,NULL,'2026-03-15 05:56:33','2026-03-15 05:56:33',NULL,NULL),('2026-09-19',2026,9,19,38,7,1,0,0,NULL,NULL,'2026-03-15 05:56:33','2026-03-15 05:56:33',NULL,NULL),('2026-09-20',2026,9,20,38,1,1,0,0,NULL,NULL,'2026-03-15 05:56:33','2026-03-15 05:56:33',NULL,NULL),('2026-09-21',2026,9,21,39,2,0,1,0,NULL,NULL,'2026-03-15 05:56:33','2026-03-15 05:56:33',NULL,NULL),('2026-09-22',2026,9,22,39,3,0,1,0,NULL,NULL,'2026-03-15 05:56:33','2026-03-15 05:56:33',NULL,NULL),('2026-09-23',2026,9,23,39,4,0,1,0,NULL,NULL,'2026-03-15 05:56:33','2026-03-15 05:56:33',NULL,NULL),('2026-09-24',2026,9,24,39,5,0,1,0,NULL,NULL,'2026-03-15 05:56:33','2026-03-15 05:56:33',NULL,NULL),('2026-09-25',2026,9,25,39,6,0,1,0,NULL,NULL,'2026-03-15 05:56:33','2026-03-15 05:56:33',NULL,NULL),('2026-09-26',2026,9,26,39,7,1,0,0,NULL,NULL,'2026-03-15 05:56:33','2026-03-15 05:56:33',NULL,NULL),('2026-09-27',2026,9,27,39,1,1,0,0,NULL,NULL,'2026-03-15 05:56:33','2026-03-15 05:56:33',NULL,NULL),('2026-09-28',2026,9,28,40,2,0,1,0,NULL,NULL,'2026-03-15 05:56:33','2026-03-15 05:56:33',NULL,NULL),('2026-09-29',2026,9,29,40,3,0,1,0,NULL,NULL,'2026-03-15 05:56:33','2026-03-15 05:56:33',NULL,NULL),('2026-09-30',2026,9,30,40,4,0,1,0,NULL,NULL,'2026-03-15 05:56:33','2026-03-15 05:56:33',NULL,NULL),('2026-10-01',2026,10,1,40,5,0,1,0,NULL,NULL,'2026-03-15 05:56:33','2026-03-15 05:56:33',NULL,NULL),('2026-10-02',2026,10,2,40,6,0,1,0,NULL,NULL,'2026-03-15 05:56:33','2026-03-15 05:56:33',NULL,NULL),('2026-10-03',2026,10,3,40,7,1,0,0,NULL,NULL,'2026-03-15 05:56:33','2026-03-15 05:56:33',NULL,NULL),('2026-10-04',2026,10,4,40,1,1,0,0,NULL,NULL,'2026-03-15 05:56:33','2026-03-15 05:56:33',NULL,NULL),('2026-10-05',2026,10,5,41,2,0,1,0,NULL,NULL,'2026-03-15 05:56:33','2026-03-15 05:56:33',NULL,NULL),('2026-10-06',2026,10,6,41,3,0,1,0,NULL,NULL,'2026-03-15 05:56:33','2026-03-15 05:56:33',NULL,NULL),('2026-10-07',2026,10,7,41,4,0,1,0,NULL,NULL,'2026-03-15 05:56:33','2026-03-15 05:56:33',NULL,NULL),('2026-10-08',2026,10,8,41,5,0,1,0,NULL,NULL,'2026-03-15 05:56:33','2026-03-15 05:56:33',NULL,NULL),('2026-10-09',2026,10,9,41,6,0,1,0,NULL,NULL,'2026-03-15 05:56:33','2026-03-15 05:56:33',NULL,NULL),('2026-10-10',2026,10,10,41,7,1,0,0,NULL,NULL,'2026-03-15 05:56:33','2026-03-15 05:56:33',NULL,NULL),('2026-10-11',2026,10,11,41,1,1,0,0,NULL,NULL,'2026-03-15 05:56:33','2026-03-15 05:56:33',NULL,NULL),('2026-10-12',2026,10,12,42,2,0,1,0,NULL,NULL,'2026-03-15 05:56:33','2026-03-15 05:56:33',NULL,NULL),('2026-10-13',2026,10,13,42,3,0,1,0,NULL,NULL,'2026-03-15 05:56:33','2026-03-15 05:56:33',NULL,NULL),('2026-10-14',2026,10,14,42,4,0,1,0,NULL,NULL,'2026-03-15 05:56:33','2026-03-15 05:56:33',NULL,NULL),('2026-10-15',2026,10,15,42,5,0,1,0,NULL,NULL,'2026-03-15 05:56:33','2026-03-15 05:56:33',NULL,NULL),('2026-10-16',2026,10,16,42,6,0,1,0,NULL,NULL,'2026-03-15 05:56:33','2026-03-15 05:56:33',NULL,NULL),('2026-10-17',2026,10,17,42,7,1,0,0,NULL,NULL,'2026-03-15 05:56:33','2026-03-15 05:56:33',NULL,NULL),('2026-10-18',2026,10,18,42,1,1,0,0,NULL,NULL,'2026-03-15 05:56:33','2026-03-15 05:56:33',NULL,NULL),('2026-10-19',2026,10,19,43,2,0,1,0,NULL,NULL,'2026-03-15 05:56:33','2026-03-15 05:56:33',NULL,NULL),('2026-10-20',2026,10,20,43,3,0,1,0,NULL,NULL,'2026-03-15 05:56:33','2026-03-15 05:56:33',NULL,NULL),('2026-10-21',2026,10,21,43,4,0,1,0,NULL,NULL,'2026-03-15 05:56:33','2026-03-15 05:56:33',NULL,NULL),('2026-10-22',2026,10,22,43,5,0,1,0,NULL,NULL,'2026-03-15 05:56:33','2026-03-15 05:56:33',NULL,NULL),('2026-10-23',2026,10,23,43,6,0,1,0,NULL,NULL,'2026-03-15 05:56:33','2026-03-15 05:56:33',NULL,NULL),('2026-10-24',2026,10,24,43,7,1,0,0,NULL,NULL,'2026-03-15 05:56:33','2026-03-15 05:56:33',NULL,NULL),('2026-10-25',2026,10,25,43,1,1,0,0,NULL,NULL,'2026-03-15 05:56:33','2026-03-15 05:56:33',NULL,NULL),('2026-10-26',2026,10,26,44,2,0,1,0,NULL,NULL,'2026-03-15 05:56:33','2026-03-15 05:56:33',NULL,NULL),('2026-10-27',2026,10,27,44,3,0,1,0,NULL,NULL,'2026-03-15 05:56:33','2026-03-15 05:56:33',NULL,NULL),('2026-10-28',2026,10,28,44,4,0,1,0,NULL,NULL,'2026-03-15 05:56:33','2026-03-15 05:56:33',NULL,NULL),('2026-10-29',2026,10,29,44,5,0,1,0,NULL,NULL,'2026-03-15 05:56:33','2026-03-15 05:56:33',NULL,NULL),('2026-10-30',2026,10,30,44,6,0,1,0,NULL,NULL,'2026-03-15 05:56:33','2026-03-15 05:56:33',NULL,NULL),('2026-10-31',2026,10,31,44,7,1,0,0,NULL,NULL,'2026-03-15 05:56:33','2026-03-15 05:56:33',NULL,NULL),('2026-11-01',2026,11,1,44,1,1,0,0,NULL,NULL,'2026-03-15 05:56:33','2026-03-15 05:56:33',NULL,NULL),('2026-11-02',2026,11,2,45,2,0,1,0,NULL,NULL,'2026-03-15 05:56:33','2026-03-15 05:56:33',NULL,NULL),('2026-11-03',2026,11,3,45,3,0,1,0,NULL,NULL,'2026-03-15 05:56:33','2026-03-15 05:56:33',NULL,NULL),('2026-11-04',2026,11,4,45,4,0,1,0,NULL,NULL,'2026-03-15 05:56:33','2026-03-15 05:56:33',NULL,NULL),('2026-11-05',2026,11,5,45,5,0,1,0,NULL,NULL,'2026-03-15 05:56:33','2026-03-15 05:56:33',NULL,NULL),('2026-11-06',2026,11,6,45,6,0,1,0,NULL,NULL,'2026-03-15 05:56:33','2026-03-15 05:56:33',NULL,NULL),('2026-11-07',2026,11,7,45,7,1,0,0,NULL,NULL,'2026-03-15 05:56:33','2026-03-15 05:56:33',NULL,NULL),('2026-11-08',2026,11,8,45,1,1,0,0,NULL,NULL,'2026-03-15 05:56:33','2026-03-15 05:56:33',NULL,NULL),('2026-11-09',2026,11,9,46,2,0,1,0,NULL,NULL,'2026-03-15 05:56:33','2026-03-15 05:56:33',NULL,NULL),('2026-11-10',2026,11,10,46,3,0,1,0,NULL,NULL,'2026-03-15 05:56:33','2026-03-15 05:56:33',NULL,NULL),('2026-11-11',2026,11,11,46,4,0,1,0,NULL,NULL,'2026-03-15 05:56:33','2026-03-15 05:56:33',NULL,NULL),('2026-11-12',2026,11,12,46,5,0,1,0,NULL,NULL,'2026-03-15 05:56:33','2026-03-15 05:56:33',NULL,NULL),('2026-11-13',2026,11,13,46,6,0,1,0,NULL,NULL,'2026-03-15 05:56:33','2026-03-15 05:56:33',NULL,NULL),('2026-11-14',2026,11,14,46,7,1,0,0,NULL,NULL,'2026-03-15 05:56:33','2026-03-15 05:56:33',NULL,NULL),('2026-11-15',2026,11,15,46,1,1,0,0,NULL,NULL,'2026-03-15 05:56:33','2026-03-15 05:56:33',NULL,NULL),('2026-11-16',2026,11,16,47,2,0,1,0,NULL,NULL,'2026-03-15 05:56:33','2026-03-15 05:56:33',NULL,NULL),('2026-11-17',2026,11,17,47,3,0,1,0,NULL,NULL,'2026-03-15 05:56:33','2026-03-15 05:56:33',NULL,NULL),('2026-11-18',2026,11,18,47,4,0,1,0,NULL,NULL,'2026-03-15 05:56:33','2026-03-15 05:56:33',NULL,NULL),('2026-11-19',2026,11,19,47,5,0,1,0,NULL,NULL,'2026-03-15 05:56:33','2026-03-15 05:56:33',NULL,NULL),('2026-11-20',2026,11,20,47,6,0,1,0,NULL,NULL,'2026-03-15 05:56:33','2026-03-15 05:56:33',NULL,NULL),('2026-11-21',2026,11,21,47,7,1,0,0,NULL,NULL,'2026-03-15 05:56:33','2026-03-15 05:56:33',NULL,NULL),('2026-11-22',2026,11,22,47,1,1,0,0,NULL,NULL,'2026-03-15 05:56:33','2026-03-15 05:56:33',NULL,NULL),('2026-11-23',2026,11,23,48,2,0,1,0,NULL,NULL,'2026-03-15 05:56:33','2026-03-15 05:56:33',NULL,NULL),('2026-11-24',2026,11,24,48,3,0,1,0,NULL,NULL,'2026-03-15 05:56:33','2026-03-15 05:56:33',NULL,NULL),('2026-11-25',2026,11,25,48,4,0,1,0,NULL,NULL,'2026-03-15 05:56:33','2026-03-15 05:56:33',NULL,NULL),('2026-11-26',2026,11,26,48,5,0,1,0,NULL,NULL,'2026-03-15 05:56:33','2026-03-15 05:56:33',NULL,NULL),('2026-11-27',2026,11,27,48,6,0,1,0,NULL,NULL,'2026-03-15 05:56:33','2026-03-15 05:56:33',NULL,NULL),('2026-11-28',2026,11,28,48,7,1,0,0,NULL,NULL,'2026-03-15 05:56:33','2026-03-15 05:56:33',NULL,NULL),('2026-11-29',2026,11,29,48,1,1,0,0,NULL,NULL,'2026-03-15 05:56:33','2026-03-15 05:56:33',NULL,NULL),('2026-11-30',2026,11,30,49,2,0,1,0,NULL,NULL,'2026-03-15 05:56:33','2026-03-15 05:56:33',NULL,NULL),('2026-12-01',2026,12,1,49,3,0,1,0,NULL,NULL,'2026-03-15 05:56:33','2026-03-15 05:56:33',NULL,NULL),('2026-12-02',2026,12,2,49,4,0,1,0,NULL,NULL,'2026-03-15 05:56:33','2026-03-15 05:56:33',NULL,NULL),('2026-12-03',2026,12,3,49,5,0,1,0,NULL,NULL,'2026-03-15 05:56:33','2026-03-15 05:56:33',NULL,NULL),('2026-12-04',2026,12,4,49,6,0,1,0,NULL,NULL,'2026-03-15 05:56:33','2026-03-15 05:56:33',NULL,NULL),('2026-12-05',2026,12,5,49,7,1,0,0,NULL,NULL,'2026-03-15 05:56:33','2026-03-15 05:56:33',NULL,NULL),('2026-12-06',2026,12,6,49,1,1,0,0,NULL,NULL,'2026-03-15 05:56:33','2026-03-15 05:56:33',NULL,NULL),('2026-12-07',2026,12,7,50,2,0,1,0,NULL,NULL,'2026-03-15 05:56:33','2026-03-15 05:56:33',NULL,NULL),('2026-12-08',2026,12,8,50,3,0,1,0,NULL,NULL,'2026-03-15 05:56:33','2026-03-15 05:56:33',NULL,NULL),('2026-12-09',2026,12,9,50,4,0,1,0,NULL,NULL,'2026-03-15 05:56:33','2026-03-15 05:56:33',NULL,NULL),('2026-12-10',2026,12,10,50,5,0,1,0,NULL,NULL,'2026-03-15 05:56:33','2026-03-15 05:56:33',NULL,NULL),('2026-12-11',2026,12,11,50,6,0,1,0,NULL,NULL,'2026-03-15 05:56:33','2026-03-15 05:56:33',NULL,NULL),('2026-12-12',2026,12,12,50,7,1,0,0,NULL,NULL,'2026-03-15 05:56:33','2026-03-15 05:56:33',NULL,NULL),('2026-12-13',2026,12,13,50,1,1,0,0,NULL,NULL,'2026-03-15 05:56:33','2026-03-15 05:56:33',NULL,NULL),('2026-12-14',2026,12,14,51,2,0,1,0,NULL,NULL,'2026-03-15 05:56:33','2026-03-15 05:56:33',NULL,NULL),('2026-12-15',2026,12,15,51,3,0,1,0,NULL,NULL,'2026-03-15 05:56:33','2026-03-15 05:56:33',NULL,NULL),('2026-12-16',2026,12,16,51,4,0,1,0,NULL,NULL,'2026-03-15 05:56:33','2026-03-15 05:56:33',NULL,NULL),('2026-12-17',2026,12,17,51,5,0,1,0,NULL,NULL,'2026-03-15 05:56:33','2026-03-15 05:56:33',NULL,NULL),('2026-12-18',2026,12,18,51,6,0,1,0,NULL,NULL,'2026-03-15 05:56:33','2026-03-15 05:56:33',NULL,NULL),('2026-12-19',2026,12,19,51,7,1,0,0,NULL,NULL,'2026-03-15 05:56:33','2026-03-15 05:56:33',NULL,NULL),('2026-12-20',2026,12,20,51,1,1,0,0,NULL,NULL,'2026-03-15 05:56:33','2026-03-15 05:56:33',NULL,NULL),('2026-12-21',2026,12,21,52,2,0,1,0,NULL,NULL,'2026-03-15 05:56:33','2026-03-15 05:56:33',NULL,NULL),('2026-12-22',2026,12,22,52,3,0,1,0,NULL,NULL,'2026-03-15 05:56:33','2026-03-15 05:56:33',NULL,NULL),('2026-12-23',2026,12,23,52,4,0,1,0,NULL,NULL,'2026-03-15 05:56:33','2026-03-15 05:56:33',NULL,NULL),('2026-12-24',2026,12,24,52,5,0,1,0,NULL,NULL,'2026-03-15 05:56:33','2026-03-15 05:56:33',NULL,NULL),('2026-12-25',2026,12,25,52,6,0,1,0,NULL,NULL,'2026-03-15 05:56:33','2026-03-15 05:56:33',NULL,NULL),('2026-12-26',2026,12,26,52,7,1,0,0,NULL,NULL,'2026-03-15 05:56:33','2026-03-15 05:56:33',NULL,NULL),('2026-12-27',2026,12,27,52,1,1,0,0,NULL,NULL,'2026-03-15 05:56:33','2026-03-15 05:56:33',NULL,NULL),('2026-12-28',2026,12,28,53,2,0,1,0,NULL,NULL,'2026-03-15 05:56:33','2026-03-15 05:56:33',NULL,NULL),('2026-12-29',2026,12,29,53,3,0,1,0,NULL,NULL,'2026-03-15 05:56:33','2026-03-15 05:56:33',NULL,NULL),('2026-12-30',2026,12,30,53,4,0,1,0,NULL,NULL,'2026-03-15 05:56:33','2026-03-15 05:56:33',NULL,NULL),('2026-12-31',2026,12,31,53,5,0,1,0,NULL,NULL,'2026-03-15 05:56:33','2026-03-15 05:56:33',NULL,NULL),('2027-01-01',2027,1,1,53,6,0,0,1,'Tết Dương lịch',NULL,'2026-03-15 05:56:33','2026-03-15 05:56:33',NULL,NULL),('2027-01-02',2027,1,2,53,7,1,0,0,NULL,NULL,'2026-03-15 05:56:33','2026-03-15 05:56:33',NULL,NULL),('2027-01-03',2027,1,3,53,1,1,0,0,NULL,NULL,'2026-03-15 05:56:33','2026-03-15 05:56:33',NULL,NULL),('2027-01-04',2027,1,4,1,2,0,1,0,NULL,NULL,'2026-03-15 05:56:33','2026-03-15 05:56:33',NULL,NULL),('2027-01-05',2027,1,5,1,3,0,1,0,NULL,NULL,'2026-03-15 05:56:33','2026-03-15 05:56:33',NULL,NULL),('2027-01-06',2027,1,6,1,4,0,1,0,NULL,NULL,'2026-03-15 05:56:33','2026-03-15 05:56:33',NULL,NULL),('2027-01-07',2027,1,7,1,5,0,1,0,NULL,NULL,'2026-03-15 05:56:33','2026-03-15 05:56:33',NULL,NULL),('2027-01-08',2027,1,8,1,6,0,1,0,NULL,NULL,'2026-03-15 05:56:33','2026-03-15 05:56:33',NULL,NULL),('2027-01-09',2027,1,9,1,7,1,0,0,NULL,NULL,'2026-03-15 05:56:33','2026-03-15 05:56:33',NULL,NULL),('2027-01-10',2027,1,10,1,1,1,0,0,NULL,NULL,'2026-03-15 05:56:33','2026-03-15 05:56:33',NULL,NULL),('2027-01-11',2027,1,11,2,2,0,1,0,NULL,NULL,'2026-03-15 05:56:33','2026-03-15 05:56:33',NULL,NULL),('2027-01-12',2027,1,12,2,3,0,1,0,NULL,NULL,'2026-03-15 05:56:33','2026-03-15 05:56:33',NULL,NULL),('2027-01-13',2027,1,13,2,4,0,1,0,NULL,NULL,'2026-03-15 05:56:33','2026-03-15 05:56:33',NULL,NULL),('2027-01-14',2027,1,14,2,5,0,1,0,NULL,NULL,'2026-03-15 05:56:33','2026-03-15 05:56:33',NULL,NULL),('2027-01-15',2027,1,15,2,6,0,1,0,NULL,NULL,'2026-03-15 05:56:33','2026-03-15 05:56:33',NULL,NULL),('2027-01-16',2027,1,16,2,7,1,0,0,NULL,NULL,'2026-03-15 05:56:33','2026-03-15 05:56:33',NULL,NULL),('2027-01-17',2027,1,17,2,1,1,0,0,NULL,NULL,'2026-03-15 05:56:33','2026-03-15 05:56:33',NULL,NULL),('2027-01-18',2027,1,18,3,2,0,1,0,NULL,NULL,'2026-03-15 05:56:33','2026-03-15 05:56:33',NULL,NULL),('2027-01-19',2027,1,19,3,3,0,1,0,NULL,NULL,'2026-03-15 05:56:33','2026-03-15 05:56:33',NULL,NULL),('2027-01-20',2027,1,20,3,4,0,1,0,NULL,NULL,'2026-03-15 05:56:33','2026-03-15 05:56:33',NULL,NULL),('2027-01-21',2027,1,21,3,5,0,1,0,NULL,NULL,'2026-03-15 05:56:33','2026-03-15 05:56:33',NULL,NULL),('2027-01-22',2027,1,22,3,6,0,1,0,NULL,NULL,'2026-03-15 05:56:33','2026-03-15 05:56:33',NULL,NULL),('2027-01-23',2027,1,23,3,7,1,0,0,NULL,NULL,'2026-03-15 05:56:33','2026-03-15 05:56:33',NULL,NULL),('2027-01-24',2027,1,24,3,1,1,0,0,NULL,NULL,'2026-03-15 05:56:33','2026-03-15 05:56:33',NULL,NULL),('2027-01-25',2027,1,25,4,2,0,1,0,NULL,NULL,'2026-03-15 05:56:33','2026-03-15 05:56:33',NULL,NULL),('2027-01-26',2027,1,26,4,3,0,1,0,NULL,NULL,'2026-03-15 05:56:33','2026-03-15 05:56:33',NULL,NULL),('2027-01-27',2027,1,27,4,4,0,1,0,NULL,NULL,'2026-03-15 05:56:33','2026-03-15 05:56:33',NULL,NULL),('2027-01-28',2027,1,28,4,5,0,1,0,NULL,NULL,'2026-03-15 05:56:33','2026-03-15 05:56:33',NULL,NULL),('2027-01-29',2027,1,29,4,6,0,1,0,NULL,NULL,'2026-03-15 05:56:33','2026-03-15 05:56:33',NULL,NULL),('2027-01-30',2027,1,30,4,7,1,0,0,NULL,NULL,'2026-03-15 05:56:33','2026-03-15 05:56:33',NULL,NULL),('2027-01-31',2027,1,31,4,1,1,0,0,NULL,NULL,'2026-03-15 05:56:33','2026-03-15 05:56:33',NULL,NULL),('2027-02-01',2027,2,1,5,2,0,1,0,NULL,NULL,'2026-03-15 05:56:33','2026-03-15 05:56:33',NULL,NULL),('2027-02-02',2027,2,2,5,3,0,1,0,NULL,NULL,'2026-03-15 05:56:33','2026-03-15 05:56:33',NULL,NULL),('2027-02-03',2027,2,3,5,4,0,1,0,NULL,NULL,'2026-03-15 05:56:33','2026-03-15 05:56:33',NULL,NULL),('2027-02-04',2027,2,4,5,5,0,1,0,NULL,NULL,'2026-03-15 05:56:33','2026-03-15 05:56:33',NULL,NULL),('2027-02-05',2027,2,5,5,6,0,1,0,NULL,NULL,'2026-03-15 05:56:33','2026-03-15 05:56:33',NULL,NULL),('2027-02-06',2027,2,6,5,7,1,0,0,NULL,NULL,'2026-03-15 05:56:33','2026-03-15 05:56:33',NULL,NULL),('2027-02-07',2027,2,7,5,1,1,0,0,NULL,NULL,'2026-03-15 05:56:33','2026-03-15 05:56:33',NULL,NULL),('2027-02-08',2027,2,8,6,2,0,1,0,NULL,NULL,'2026-03-15 05:56:33','2026-03-15 05:56:33',NULL,NULL),('2027-02-09',2027,2,9,6,3,0,1,0,NULL,NULL,'2026-03-15 05:56:33','2026-03-15 05:56:33',NULL,NULL),('2027-02-10',2027,2,10,6,4,0,1,0,NULL,NULL,'2026-03-15 05:56:33','2026-03-15 05:56:33',NULL,NULL),('2027-02-11',2027,2,11,6,5,0,1,0,NULL,NULL,'2026-03-15 05:56:33','2026-03-15 05:56:33',NULL,NULL),('2027-02-12',2027,2,12,6,6,0,1,0,NULL,NULL,'2026-03-15 05:56:33','2026-03-15 05:56:33',NULL,NULL),('2027-02-13',2027,2,13,6,7,1,0,0,NULL,NULL,'2026-03-15 05:56:33','2026-03-15 05:56:33',NULL,NULL),('2027-02-14',2027,2,14,6,1,1,0,0,NULL,NULL,'2026-03-15 05:56:33','2026-03-15 05:56:33',NULL,NULL),('2027-02-15',2027,2,15,7,2,0,1,0,NULL,NULL,'2026-03-15 05:56:33','2026-03-15 05:56:33',NULL,NULL),('2027-02-16',2027,2,16,7,3,0,1,0,NULL,NULL,'2026-03-15 05:56:33','2026-03-15 05:56:33',NULL,NULL),('2027-02-17',2027,2,17,7,4,0,1,0,NULL,NULL,'2026-03-15 05:56:33','2026-03-15 05:56:33',NULL,NULL),('2027-02-18',2027,2,18,7,5,0,1,0,NULL,NULL,'2026-03-15 05:56:33','2026-03-15 05:56:33',NULL,NULL),('2027-02-19',2027,2,19,7,6,0,1,0,NULL,NULL,'2026-03-15 05:56:33','2026-03-15 05:56:33',NULL,NULL),('2027-02-20',2027,2,20,7,7,1,0,0,NULL,NULL,'2026-03-15 05:56:33','2026-03-15 05:56:33',NULL,NULL),('2027-02-21',2027,2,21,7,1,1,0,0,NULL,NULL,'2026-03-15 05:56:33','2026-03-15 05:56:33',NULL,NULL),('2027-02-22',2027,2,22,8,2,0,1,0,NULL,NULL,'2026-03-15 05:56:33','2026-03-15 05:56:33',NULL,NULL),('2027-02-23',2027,2,23,8,3,0,1,0,NULL,NULL,'2026-03-15 05:56:33','2026-03-15 05:56:33',NULL,NULL),('2027-02-24',2027,2,24,8,4,0,1,0,NULL,NULL,'2026-03-15 05:56:33','2026-03-15 05:56:33',NULL,NULL),('2027-02-25',2027,2,25,8,5,0,1,0,NULL,NULL,'2026-03-15 05:56:33','2026-03-15 05:56:33',NULL,NULL),('2027-02-26',2027,2,26,8,6,0,1,0,NULL,NULL,'2026-03-15 05:56:33','2026-03-15 05:56:33',NULL,NULL),('2027-02-27',2027,2,27,8,7,1,0,0,NULL,NULL,'2026-03-15 05:56:33','2026-03-15 05:56:33',NULL,NULL),('2027-02-28',2027,2,28,8,1,1,0,0,NULL,NULL,'2026-03-15 05:56:33','2026-03-15 05:56:33',NULL,NULL),('2027-03-01',2027,3,1,9,2,0,1,0,NULL,NULL,'2026-03-15 05:56:33','2026-03-15 05:56:33',NULL,NULL),('2027-03-02',2027,3,2,9,3,0,1,0,NULL,NULL,'2026-03-15 05:56:33','2026-03-15 05:56:33',NULL,NULL),('2027-03-03',2027,3,3,9,4,0,1,0,NULL,NULL,'2026-03-15 05:56:33','2026-03-15 05:56:33',NULL,NULL),('2027-03-04',2027,3,4,9,5,0,1,0,NULL,NULL,'2026-03-15 05:56:33','2026-03-15 05:56:33',NULL,NULL),('2027-03-05',2027,3,5,9,6,0,1,0,NULL,NULL,'2026-03-15 05:56:33','2026-03-15 05:56:33',NULL,NULL),('2027-03-06',2027,3,6,9,7,1,0,0,NULL,NULL,'2026-03-15 05:56:33','2026-03-15 05:56:33',NULL,NULL),('2027-03-07',2027,3,7,9,1,1,0,0,NULL,NULL,'2026-03-15 05:56:33','2026-03-15 05:56:33',NULL,NULL),('2027-03-08',2027,3,8,10,2,0,1,0,NULL,NULL,'2026-03-15 05:56:33','2026-03-15 05:56:33',NULL,NULL),('2027-03-09',2027,3,9,10,3,0,1,0,NULL,NULL,'2026-03-15 05:56:33','2026-03-15 05:56:33',NULL,NULL),('2027-03-10',2027,3,10,10,4,0,1,0,NULL,NULL,'2026-03-15 05:56:33','2026-03-15 05:56:33',NULL,NULL),('2027-03-11',2027,3,11,10,5,0,1,0,NULL,NULL,'2026-03-15 05:56:33','2026-03-15 05:56:33',NULL,NULL),('2027-03-12',2027,3,12,10,6,0,1,0,NULL,NULL,'2026-03-15 05:56:33','2026-03-15 05:56:33',NULL,NULL),('2027-03-13',2027,3,13,10,7,1,0,0,NULL,NULL,'2026-03-15 05:56:33','2026-03-15 05:56:33',NULL,NULL),('2027-03-14',2027,3,14,10,1,1,0,0,NULL,NULL,'2026-03-15 05:56:33','2026-03-15 05:56:33',NULL,NULL),('2027-03-15',2027,3,15,11,2,0,1,0,NULL,NULL,'2026-03-15 05:56:33','2026-03-15 05:56:33',NULL,NULL),('2027-03-16',2027,3,16,11,3,0,1,0,NULL,NULL,'2026-03-15 05:56:33','2026-03-15 05:56:33',NULL,NULL),('2027-03-17',2027,3,17,11,4,0,1,0,NULL,NULL,'2026-03-15 05:56:33','2026-03-15 05:56:33',NULL,NULL),('2027-03-18',2027,3,18,11,5,0,1,0,NULL,NULL,'2026-03-15 05:56:33','2026-03-15 05:56:33',NULL,NULL),('2027-03-19',2027,3,19,11,6,0,1,0,NULL,NULL,'2026-03-15 05:56:33','2026-03-15 05:56:33',NULL,NULL),('2027-03-20',2027,3,20,11,7,1,0,0,NULL,NULL,'2026-03-15 05:56:33','2026-03-15 05:56:33',NULL,NULL),('2027-03-21',2027,3,21,11,1,1,0,0,NULL,NULL,'2026-03-15 05:56:33','2026-03-15 05:56:33',NULL,NULL),('2027-03-22',2027,3,22,12,2,0,1,0,NULL,NULL,'2026-03-15 05:56:33','2026-03-15 05:56:33',NULL,NULL),('2027-03-23',2027,3,23,12,3,0,1,0,NULL,NULL,'2026-03-15 05:56:33','2026-03-15 05:56:33',NULL,NULL),('2027-03-24',2027,3,24,12,4,0,1,0,NULL,NULL,'2026-03-15 05:56:33','2026-03-15 05:56:33',NULL,NULL),('2027-03-25',2027,3,25,12,5,0,1,0,NULL,NULL,'2026-03-15 05:56:33','2026-03-15 05:56:33',NULL,NULL),('2027-03-26',2027,3,26,12,6,0,1,0,NULL,NULL,'2026-03-15 05:56:33','2026-03-15 05:56:33',NULL,NULL),('2027-03-27',2027,3,27,12,7,1,0,0,NULL,NULL,'2026-03-15 05:56:33','2026-03-15 05:56:33',NULL,NULL),('2027-03-28',2027,3,28,12,1,1,0,0,NULL,NULL,'2026-03-15 05:56:33','2026-03-15 05:56:33',NULL,NULL),('2027-03-29',2027,3,29,13,2,0,1,0,NULL,NULL,'2026-03-15 05:56:33','2026-03-15 05:56:33',NULL,NULL),('2027-03-30',2027,3,30,13,3,0,1,0,NULL,NULL,'2026-03-15 05:56:33','2026-03-15 05:56:33',NULL,NULL),('2027-03-31',2027,3,31,13,4,0,1,0,NULL,NULL,'2026-03-15 05:56:33','2026-03-15 05:56:33',NULL,NULL),('2027-04-01',2027,4,1,13,5,0,1,0,NULL,NULL,'2026-03-15 05:56:33','2026-03-15 05:56:33',NULL,NULL),('2027-04-02',2027,4,2,13,6,0,1,0,NULL,NULL,'2026-03-15 05:56:33','2026-03-15 05:56:33',NULL,NULL),('2027-04-03',2027,4,3,13,7,1,0,0,NULL,NULL,'2026-03-15 05:56:33','2026-03-15 05:56:33',NULL,NULL),('2027-04-04',2027,4,4,13,1,1,0,0,NULL,NULL,'2026-03-15 05:56:33','2026-03-15 05:56:33',NULL,NULL),('2027-04-05',2027,4,5,14,2,0,1,0,NULL,NULL,'2026-03-15 05:56:33','2026-03-15 05:56:33',NULL,NULL),('2027-04-06',2027,4,6,14,3,0,1,0,NULL,NULL,'2026-03-15 05:56:33','2026-03-15 05:56:33',NULL,NULL),('2027-04-07',2027,4,7,14,4,0,1,0,NULL,NULL,'2026-03-15 05:56:33','2026-03-15 05:56:33',NULL,NULL),('2027-04-08',2027,4,8,14,5,0,1,0,NULL,NULL,'2026-03-15 05:56:33','2026-03-15 05:56:33',NULL,NULL),('2027-04-09',2027,4,9,14,6,0,1,0,NULL,NULL,'2026-03-15 05:56:33','2026-03-15 05:56:33',NULL,NULL),('2027-04-10',2027,4,10,14,7,1,0,0,NULL,NULL,'2026-03-15 05:56:33','2026-03-15 05:56:33',NULL,NULL),('2027-04-11',2027,4,11,14,1,1,0,0,NULL,NULL,'2026-03-15 05:56:33','2026-03-15 05:56:33',NULL,NULL),('2027-04-12',2027,4,12,15,2,0,1,0,NULL,NULL,'2026-03-15 05:56:33','2026-03-15 05:56:33',NULL,NULL),('2027-04-13',2027,4,13,15,3,0,1,0,NULL,NULL,'2026-03-15 05:56:33','2026-03-15 05:56:33',NULL,NULL),('2027-04-14',2027,4,14,15,4,0,1,0,NULL,NULL,'2026-03-15 05:56:33','2026-03-15 05:56:33',NULL,NULL),('2027-04-15',2027,4,15,15,5,0,1,0,NULL,NULL,'2026-03-15 05:56:33','2026-03-15 05:56:33',NULL,NULL),('2027-04-16',2027,4,16,15,6,0,1,0,NULL,NULL,'2026-03-15 05:56:33','2026-03-15 05:56:33',NULL,NULL),('2027-04-17',2027,4,17,15,7,1,0,0,NULL,NULL,'2026-03-15 05:56:33','2026-03-15 05:56:33',NULL,NULL),('2027-04-18',2027,4,18,15,1,1,0,0,NULL,NULL,'2026-03-15 05:56:33','2026-03-15 05:56:33',NULL,NULL),('2027-04-19',2027,4,19,16,2,0,1,0,NULL,NULL,'2026-03-15 05:56:33','2026-03-15 05:56:33',NULL,NULL),('2027-04-20',2027,4,20,16,3,0,1,0,NULL,NULL,'2026-03-15 05:56:33','2026-03-15 05:56:33',NULL,NULL),('2027-04-21',2027,4,21,16,4,0,1,0,NULL,NULL,'2026-03-15 05:56:33','2026-03-15 05:56:33',NULL,NULL),('2027-04-22',2027,4,22,16,5,0,1,0,NULL,NULL,'2026-03-15 05:56:33','2026-03-15 05:56:33',NULL,NULL),('2027-04-23',2027,4,23,16,6,0,1,0,NULL,NULL,'2026-03-15 05:56:33','2026-03-15 05:56:33',NULL,NULL),('2027-04-24',2027,4,24,16,7,1,0,0,NULL,NULL,'2026-03-15 05:56:33','2026-03-15 05:56:33',NULL,NULL),('2027-04-25',2027,4,25,16,1,1,0,0,NULL,NULL,'2026-03-15 05:56:33','2026-03-15 05:56:33',NULL,NULL),('2027-04-26',2027,4,26,17,2,0,1,0,NULL,NULL,'2026-03-15 05:56:33','2026-03-15 05:56:33',NULL,NULL),('2027-04-27',2027,4,27,17,3,0,1,0,NULL,NULL,'2026-03-15 05:56:33','2026-03-15 05:56:33',NULL,NULL),('2027-04-28',2027,4,28,17,4,0,1,0,NULL,NULL,'2026-03-15 05:56:33','2026-03-15 05:56:33',NULL,NULL),('2027-04-29',2027,4,29,17,5,0,1,0,NULL,NULL,'2026-03-15 05:56:33','2026-03-15 05:56:33',NULL,NULL),('2027-04-30',2027,4,30,17,6,0,0,1,'Ngày Giải phóng miền Nam',NULL,'2026-03-15 05:56:33','2026-03-15 05:56:33',NULL,NULL),('2027-05-01',2027,5,1,17,7,1,0,1,'Quốc tế Lao động',NULL,'2026-03-15 05:56:33','2026-03-15 05:56:33',NULL,NULL),('2027-05-02',2027,5,2,17,1,1,0,0,NULL,NULL,'2026-03-15 05:56:33','2026-03-15 05:56:33',NULL,NULL),('2027-05-03',2027,5,3,18,2,0,1,0,NULL,NULL,'2026-03-15 05:56:33','2026-03-15 05:56:33',NULL,NULL),('2027-05-04',2027,5,4,18,3,0,1,0,NULL,NULL,'2026-03-15 05:56:33','2026-03-15 05:56:33',NULL,NULL),('2027-05-05',2027,5,5,18,4,0,1,0,NULL,NULL,'2026-03-15 05:56:33','2026-03-15 05:56:33',NULL,NULL),('2027-05-06',2027,5,6,18,5,0,1,0,NULL,NULL,'2026-03-15 05:56:33','2026-03-15 05:56:33',NULL,NULL),('2027-05-07',2027,5,7,18,6,0,1,0,NULL,NULL,'2026-03-15 05:56:33','2026-03-15 05:56:33',NULL,NULL),('2027-05-08',2027,5,8,18,7,1,0,0,NULL,NULL,'2026-03-15 05:56:33','2026-03-15 05:56:33',NULL,NULL),('2027-05-09',2027,5,9,18,1,1,0,0,NULL,NULL,'2026-03-15 05:56:33','2026-03-15 05:56:33',NULL,NULL),('2027-05-10',2027,5,10,19,2,0,1,0,NULL,NULL,'2026-03-15 05:56:33','2026-03-15 05:56:33',NULL,NULL),('2027-05-11',2027,5,11,19,3,0,1,0,NULL,NULL,'2026-03-15 05:56:33','2026-03-15 05:56:33',NULL,NULL),('2027-05-12',2027,5,12,19,4,0,1,0,NULL,NULL,'2026-03-15 05:56:33','2026-03-15 05:56:33',NULL,NULL),('2027-05-13',2027,5,13,19,5,0,1,0,NULL,NULL,'2026-03-15 05:56:33','2026-03-15 05:56:33',NULL,NULL),('2027-05-14',2027,5,14,19,6,0,1,0,NULL,NULL,'2026-03-15 05:56:33','2026-03-15 05:56:33',NULL,NULL),('2027-05-15',2027,5,15,19,7,1,0,0,NULL,NULL,'2026-03-15 05:56:33','2026-03-15 05:56:33',NULL,NULL),('2027-05-16',2027,5,16,19,1,1,0,0,NULL,NULL,'2026-03-15 05:56:33','2026-03-15 05:56:33',NULL,NULL),('2027-05-17',2027,5,17,20,2,0,1,0,NULL,NULL,'2026-03-15 05:56:33','2026-03-15 05:56:33',NULL,NULL),('2027-05-18',2027,5,18,20,3,0,1,0,NULL,NULL,'2026-03-15 05:56:33','2026-03-15 05:56:33',NULL,NULL),('2027-05-19',2027,5,19,20,4,0,1,0,NULL,NULL,'2026-03-15 05:56:33','2026-03-15 05:56:33',NULL,NULL),('2027-05-20',2027,5,20,20,5,0,1,0,NULL,NULL,'2026-03-15 05:56:33','2026-03-15 05:56:33',NULL,NULL),('2027-05-21',2027,5,21,20,6,0,1,0,NULL,NULL,'2026-03-15 05:56:33','2026-03-15 05:56:33',NULL,NULL),('2027-05-22',2027,5,22,20,7,1,0,0,NULL,NULL,'2026-03-15 05:56:33','2026-03-15 05:56:33',NULL,NULL),('2027-05-23',2027,5,23,20,1,1,0,0,NULL,NULL,'2026-03-15 05:56:33','2026-03-15 05:56:33',NULL,NULL),('2027-05-24',2027,5,24,21,2,0,1,0,NULL,NULL,'2026-03-15 05:56:33','2026-03-15 05:56:33',NULL,NULL),('2027-05-25',2027,5,25,21,3,0,1,0,NULL,NULL,'2026-03-15 05:56:33','2026-03-15 05:56:33',NULL,NULL),('2027-05-26',2027,5,26,21,4,0,1,0,NULL,NULL,'2026-03-15 05:56:33','2026-03-15 05:56:33',NULL,NULL),('2027-05-27',2027,5,27,21,5,0,1,0,NULL,NULL,'2026-03-15 05:56:33','2026-03-15 05:56:33',NULL,NULL),('2027-05-28',2027,5,28,21,6,0,1,0,NULL,NULL,'2026-03-15 05:56:33','2026-03-15 05:56:33',NULL,NULL),('2027-05-29',2027,5,29,21,7,1,0,0,NULL,NULL,'2026-03-15 05:56:33','2026-03-15 05:56:33',NULL,NULL),('2027-05-30',2027,5,30,21,1,1,0,0,NULL,NULL,'2026-03-15 05:56:33','2026-03-15 05:56:33',NULL,NULL),('2027-05-31',2027,5,31,22,2,0,1,0,NULL,NULL,'2026-03-15 05:56:33','2026-03-15 05:56:33',NULL,NULL),('2027-06-01',2027,6,1,22,3,0,1,0,NULL,NULL,'2026-03-15 05:56:33','2026-03-15 05:56:33',NULL,NULL),('2027-06-02',2027,6,2,22,4,0,1,0,NULL,NULL,'2026-03-15 05:56:33','2026-03-15 05:56:33',NULL,NULL),('2027-06-03',2027,6,3,22,5,0,1,0,NULL,NULL,'2026-03-15 05:56:33','2026-03-15 05:56:33',NULL,NULL),('2027-06-04',2027,6,4,22,6,0,1,0,NULL,NULL,'2026-03-15 05:56:33','2026-03-15 05:56:33',NULL,NULL),('2027-06-05',2027,6,5,22,7,1,0,0,NULL,NULL,'2026-03-15 05:56:33','2026-03-15 05:56:33',NULL,NULL),('2027-06-06',2027,6,6,22,1,1,0,0,NULL,NULL,'2026-03-15 05:56:33','2026-03-15 05:56:33',NULL,NULL),('2027-06-07',2027,6,7,23,2,0,1,0,NULL,NULL,'2026-03-15 05:56:33','2026-03-15 05:56:33',NULL,NULL),('2027-06-08',2027,6,8,23,3,0,1,0,NULL,NULL,'2026-03-15 05:56:33','2026-03-15 05:56:33',NULL,NULL),('2027-06-09',2027,6,9,23,4,0,1,0,NULL,NULL,'2026-03-15 05:56:33','2026-03-15 05:56:33',NULL,NULL),('2027-06-10',2027,6,10,23,5,0,1,0,NULL,NULL,'2026-03-15 05:56:33','2026-03-15 05:56:33',NULL,NULL),('2027-06-11',2027,6,11,23,6,0,1,0,NULL,NULL,'2026-03-15 05:56:33','2026-03-15 05:56:33',NULL,NULL),('2027-06-12',2027,6,12,23,7,1,0,0,NULL,NULL,'2026-03-15 05:56:33','2026-03-15 05:56:33',NULL,NULL),('2027-06-13',2027,6,13,23,1,1,0,0,NULL,NULL,'2026-03-15 05:56:33','2026-03-15 05:56:33',NULL,NULL),('2027-06-14',2027,6,14,24,2,0,1,0,NULL,NULL,'2026-03-15 05:56:33','2026-03-15 05:56:33',NULL,NULL),('2027-06-15',2027,6,15,24,3,0,1,0,NULL,NULL,'2026-03-15 05:56:33','2026-03-15 05:56:33',NULL,NULL),('2027-06-16',2027,6,16,24,4,0,1,0,NULL,NULL,'2026-03-15 05:56:33','2026-03-15 05:56:33',NULL,NULL),('2027-06-17',2027,6,17,24,5,0,1,0,NULL,NULL,'2026-03-15 05:56:33','2026-03-15 05:56:33',NULL,NULL),('2027-06-18',2027,6,18,24,6,0,1,0,NULL,NULL,'2026-03-15 05:56:33','2026-03-15 05:56:33',NULL,NULL),('2027-06-19',2027,6,19,24,7,1,0,0,NULL,NULL,'2026-03-15 05:56:33','2026-03-15 05:56:33',NULL,NULL),('2027-06-20',2027,6,20,24,1,1,0,0,NULL,NULL,'2026-03-15 05:56:33','2026-03-15 05:56:33',NULL,NULL),('2027-06-21',2027,6,21,25,2,0,1,0,NULL,NULL,'2026-03-15 05:56:33','2026-03-15 05:56:33',NULL,NULL),('2027-06-22',2027,6,22,25,3,0,1,0,NULL,NULL,'2026-03-15 05:56:33','2026-03-15 05:56:33',NULL,NULL),('2027-06-23',2027,6,23,25,4,0,1,0,NULL,NULL,'2026-03-15 05:56:33','2026-03-15 05:56:33',NULL,NULL),('2027-06-24',2027,6,24,25,5,0,1,0,NULL,NULL,'2026-03-15 05:56:33','2026-03-15 05:56:33',NULL,NULL),('2027-06-25',2027,6,25,25,6,0,1,0,NULL,NULL,'2026-03-15 05:56:33','2026-03-15 05:56:33',NULL,NULL),('2027-06-26',2027,6,26,25,7,1,0,0,NULL,NULL,'2026-03-15 05:56:33','2026-03-15 05:56:33',NULL,NULL),('2027-06-27',2027,6,27,25,1,1,0,0,NULL,NULL,'2026-03-15 05:56:33','2026-03-15 05:56:33',NULL,NULL),('2027-06-28',2027,6,28,26,2,0,1,0,NULL,NULL,'2026-03-15 05:56:33','2026-03-15 05:56:33',NULL,NULL),('2027-06-29',2027,6,29,26,3,0,1,0,NULL,NULL,'2026-03-15 05:56:33','2026-03-15 05:56:33',NULL,NULL),('2027-06-30',2027,6,30,26,4,0,1,0,NULL,NULL,'2026-03-15 05:56:33','2026-03-15 05:56:33',NULL,NULL),('2027-07-01',2027,7,1,26,5,0,1,0,NULL,NULL,'2026-03-15 05:56:33','2026-03-15 05:56:33',NULL,NULL),('2027-07-02',2027,7,2,26,6,0,1,0,NULL,NULL,'2026-03-15 05:56:33','2026-03-15 05:56:33',NULL,NULL),('2027-07-03',2027,7,3,26,7,1,0,0,NULL,NULL,'2026-03-15 05:56:33','2026-03-15 05:56:33',NULL,NULL),('2027-07-04',2027,7,4,26,1,1,0,0,NULL,NULL,'2026-03-15 05:56:33','2026-03-15 05:56:33',NULL,NULL),('2027-07-05',2027,7,5,27,2,0,1,0,NULL,NULL,'2026-03-15 05:56:33','2026-03-15 05:56:33',NULL,NULL),('2027-07-06',2027,7,6,27,3,0,1,0,NULL,NULL,'2026-03-15 05:56:33','2026-03-15 05:56:33',NULL,NULL),('2027-07-07',2027,7,7,27,4,0,1,0,NULL,NULL,'2026-03-15 05:56:33','2026-03-15 05:56:33',NULL,NULL),('2027-07-08',2027,7,8,27,5,0,1,0,NULL,NULL,'2026-03-15 05:56:33','2026-03-15 05:56:33',NULL,NULL),('2027-07-09',2027,7,9,27,6,0,1,0,NULL,NULL,'2026-03-15 05:56:33','2026-03-15 05:56:33',NULL,NULL),('2027-07-10',2027,7,10,27,7,1,0,0,NULL,NULL,'2026-03-15 05:56:33','2026-03-15 05:56:33',NULL,NULL),('2027-07-11',2027,7,11,27,1,1,0,0,NULL,NULL,'2026-03-15 05:56:33','2026-03-15 05:56:33',NULL,NULL),('2027-07-12',2027,7,12,28,2,0,1,0,NULL,NULL,'2026-03-15 05:56:33','2026-03-15 05:56:33',NULL,NULL),('2027-07-13',2027,7,13,28,3,0,1,0,NULL,NULL,'2026-03-15 05:56:33','2026-03-15 05:56:33',NULL,NULL),('2027-07-14',2027,7,14,28,4,0,1,0,NULL,NULL,'2026-03-15 05:56:33','2026-03-15 05:56:33',NULL,NULL),('2027-07-15',2027,7,15,28,5,0,1,0,NULL,NULL,'2026-03-15 05:56:33','2026-03-15 05:56:33',NULL,NULL),('2027-07-16',2027,7,16,28,6,0,1,0,NULL,NULL,'2026-03-15 05:56:33','2026-03-15 05:56:33',NULL,NULL),('2027-07-17',2027,7,17,28,7,1,0,0,NULL,NULL,'2026-03-15 05:56:33','2026-03-15 05:56:33',NULL,NULL),('2027-07-18',2027,7,18,28,1,1,0,0,NULL,NULL,'2026-03-15 05:56:33','2026-03-15 05:56:33',NULL,NULL),('2027-07-19',2027,7,19,29,2,0,1,0,NULL,NULL,'2026-03-15 05:56:33','2026-03-15 05:56:33',NULL,NULL),('2027-07-20',2027,7,20,29,3,0,1,0,NULL,NULL,'2026-03-15 05:56:33','2026-03-15 05:56:33',NULL,NULL),('2027-07-21',2027,7,21,29,4,0,1,0,NULL,NULL,'2026-03-15 05:56:33','2026-03-15 05:56:33',NULL,NULL),('2027-07-22',2027,7,22,29,5,0,1,0,NULL,NULL,'2026-03-15 05:56:33','2026-03-15 05:56:33',NULL,NULL),('2027-07-23',2027,7,23,29,6,0,1,0,NULL,NULL,'2026-03-15 05:56:33','2026-03-15 05:56:33',NULL,NULL),('2027-07-24',2027,7,24,29,7,1,0,0,NULL,NULL,'2026-03-15 05:56:33','2026-03-15 05:56:33',NULL,NULL),('2027-07-25',2027,7,25,29,1,1,0,0,NULL,NULL,'2026-03-15 05:56:33','2026-03-15 05:56:33',NULL,NULL),('2027-07-26',2027,7,26,30,2,0,1,0,NULL,NULL,'2026-03-15 05:56:33','2026-03-15 05:56:33',NULL,NULL),('2027-07-27',2027,7,27,30,3,0,1,0,NULL,NULL,'2026-03-15 05:56:33','2026-03-15 05:56:33',NULL,NULL),('2027-07-28',2027,7,28,30,4,0,1,0,NULL,NULL,'2026-03-15 05:56:33','2026-03-15 05:56:33',NULL,NULL),('2027-07-29',2027,7,29,30,5,0,1,0,NULL,NULL,'2026-03-15 05:56:33','2026-03-15 05:56:33',NULL,NULL),('2027-07-30',2027,7,30,30,6,0,1,0,NULL,NULL,'2026-03-15 05:56:33','2026-03-15 05:56:33',NULL,NULL),('2027-07-31',2027,7,31,30,7,1,0,0,NULL,NULL,'2026-03-15 05:56:33','2026-03-15 05:56:33',NULL,NULL),('2027-08-01',2027,8,1,30,1,1,0,0,NULL,NULL,'2026-03-15 05:56:33','2026-03-15 05:56:33',NULL,NULL),('2027-08-02',2027,8,2,31,2,0,1,0,NULL,NULL,'2026-03-15 05:56:33','2026-03-15 05:56:33',NULL,NULL),('2027-08-03',2027,8,3,31,3,0,1,0,NULL,NULL,'2026-03-15 05:56:33','2026-03-15 05:56:33',NULL,NULL),('2027-08-04',2027,8,4,31,4,0,1,0,NULL,NULL,'2026-03-15 05:56:33','2026-03-15 05:56:33',NULL,NULL),('2027-08-05',2027,8,5,31,5,0,1,0,NULL,NULL,'2026-03-15 05:56:33','2026-03-15 05:56:33',NULL,NULL),('2027-08-06',2027,8,6,31,6,0,1,0,NULL,NULL,'2026-03-15 05:56:33','2026-03-15 05:56:33',NULL,NULL),('2027-08-07',2027,8,7,31,7,1,0,0,NULL,NULL,'2026-03-15 05:56:33','2026-03-15 05:56:33',NULL,NULL),('2027-08-08',2027,8,8,31,1,1,0,0,NULL,NULL,'2026-03-15 05:56:33','2026-03-15 05:56:33',NULL,NULL),('2027-08-09',2027,8,9,32,2,0,1,0,NULL,NULL,'2026-03-15 05:56:33','2026-03-15 05:56:33',NULL,NULL),('2027-08-10',2027,8,10,32,3,0,1,0,NULL,NULL,'2026-03-15 05:56:33','2026-03-15 05:56:33',NULL,NULL),('2027-08-11',2027,8,11,32,4,0,1,0,NULL,NULL,'2026-03-15 05:56:33','2026-03-15 05:56:33',NULL,NULL),('2027-08-12',2027,8,12,32,5,0,1,0,NULL,NULL,'2026-03-15 05:56:33','2026-03-15 05:56:33',NULL,NULL),('2027-08-13',2027,8,13,32,6,0,1,0,NULL,NULL,'2026-03-15 05:56:33','2026-03-15 05:56:33',NULL,NULL),('2027-08-14',2027,8,14,32,7,1,0,0,NULL,NULL,'2026-03-15 05:56:33','2026-03-15 05:56:33',NULL,NULL),('2027-08-15',2027,8,15,32,1,1,0,0,NULL,NULL,'2026-03-15 05:56:33','2026-03-15 05:56:33',NULL,NULL),('2027-08-16',2027,8,16,33,2,0,1,0,NULL,NULL,'2026-03-15 05:56:33','2026-03-15 05:56:33',NULL,NULL),('2027-08-17',2027,8,17,33,3,0,1,0,NULL,NULL,'2026-03-15 05:56:33','2026-03-15 05:56:33',NULL,NULL),('2027-08-18',2027,8,18,33,4,0,1,0,NULL,NULL,'2026-03-15 05:56:33','2026-03-15 05:56:33',NULL,NULL),('2027-08-19',2027,8,19,33,5,0,1,0,NULL,NULL,'2026-03-15 05:56:33','2026-03-15 05:56:33',NULL,NULL),('2027-08-20',2027,8,20,33,6,0,1,0,NULL,NULL,'2026-03-15 05:56:33','2026-03-15 05:56:33',NULL,NULL),('2027-08-21',2027,8,21,33,7,1,0,0,NULL,NULL,'2026-03-15 05:56:33','2026-03-15 05:56:33',NULL,NULL),('2027-08-22',2027,8,22,33,1,1,0,0,NULL,NULL,'2026-03-15 05:56:33','2026-03-15 05:56:33',NULL,NULL),('2027-08-23',2027,8,23,34,2,0,1,0,NULL,NULL,'2026-03-15 05:56:33','2026-03-15 05:56:33',NULL,NULL),('2027-08-24',2027,8,24,34,3,0,1,0,NULL,NULL,'2026-03-15 05:56:33','2026-03-15 05:56:33',NULL,NULL),('2027-08-25',2027,8,25,34,4,0,1,0,NULL,NULL,'2026-03-15 05:56:33','2026-03-15 05:56:33',NULL,NULL),('2027-08-26',2027,8,26,34,5,0,1,0,NULL,NULL,'2026-03-15 05:56:33','2026-03-15 05:56:33',NULL,NULL),('2027-08-27',2027,8,27,34,6,0,1,0,NULL,NULL,'2026-03-15 05:56:33','2026-03-15 05:56:33',NULL,NULL),('2027-08-28',2027,8,28,34,7,1,0,0,NULL,NULL,'2026-03-15 05:56:33','2026-03-15 05:56:33',NULL,NULL),('2027-08-29',2027,8,29,34,1,1,0,0,NULL,NULL,'2026-03-15 05:56:33','2026-03-15 05:56:33',NULL,NULL),('2027-08-30',2027,8,30,35,2,0,1,0,NULL,NULL,'2026-03-15 05:56:33','2026-03-15 05:56:33',NULL,NULL),('2027-08-31',2027,8,31,35,3,0,1,0,NULL,NULL,'2026-03-15 05:56:33','2026-03-15 05:56:33',NULL,NULL),('2027-09-01',2027,9,1,35,4,0,1,0,NULL,NULL,'2026-03-15 05:56:33','2026-03-15 05:56:33',NULL,NULL),('2027-09-02',2027,9,2,35,5,0,0,1,'Quốc khánh',NULL,'2026-03-15 05:56:33','2026-03-15 05:56:33',NULL,NULL),('2027-09-03',2027,9,3,35,6,0,1,0,NULL,NULL,'2026-03-15 05:56:33','2026-03-15 05:56:33',NULL,NULL),('2027-09-04',2027,9,4,35,7,1,0,0,NULL,NULL,'2026-03-15 05:56:33','2026-03-15 05:56:33',NULL,NULL),('2027-09-05',2027,9,5,35,1,1,0,0,NULL,NULL,'2026-03-15 05:56:33','2026-03-15 05:56:33',NULL,NULL),('2027-09-06',2027,9,6,36,2,0,1,0,NULL,NULL,'2026-03-15 05:56:33','2026-03-15 05:56:33',NULL,NULL),('2027-09-07',2027,9,7,36,3,0,1,0,NULL,NULL,'2026-03-15 05:56:33','2026-03-15 05:56:33',NULL,NULL),('2027-09-08',2027,9,8,36,4,0,1,0,NULL,NULL,'2026-03-15 05:56:33','2026-03-15 05:56:33',NULL,NULL),('2027-09-09',2027,9,9,36,5,0,1,0,NULL,NULL,'2026-03-15 05:56:33','2026-03-15 05:56:33',NULL,NULL),('2027-09-10',2027,9,10,36,6,0,1,0,NULL,NULL,'2026-03-15 05:56:33','2026-03-15 05:56:33',NULL,NULL),('2027-09-11',2027,9,11,36,7,1,0,0,NULL,NULL,'2026-03-15 05:56:33','2026-03-15 05:56:33',NULL,NULL),('2027-09-12',2027,9,12,36,1,1,0,0,NULL,NULL,'2026-03-15 05:56:33','2026-03-15 05:56:33',NULL,NULL),('2027-09-13',2027,9,13,37,2,0,1,0,NULL,NULL,'2026-03-15 05:56:33','2026-03-15 05:56:33',NULL,NULL),('2027-09-14',2027,9,14,37,3,0,1,0,NULL,NULL,'2026-03-15 05:56:33','2026-03-15 05:56:33',NULL,NULL),('2027-09-15',2027,9,15,37,4,0,1,0,NULL,NULL,'2026-03-15 05:56:33','2026-03-15 05:56:33',NULL,NULL),('2027-09-16',2027,9,16,37,5,0,1,0,NULL,NULL,'2026-03-15 05:56:33','2026-03-15 05:56:33',NULL,NULL),('2027-09-17',2027,9,17,37,6,0,1,0,NULL,NULL,'2026-03-15 05:56:33','2026-03-15 05:56:33',NULL,NULL),('2027-09-18',2027,9,18,37,7,1,0,0,NULL,NULL,'2026-03-15 05:56:33','2026-03-15 05:56:33',NULL,NULL),('2027-09-19',2027,9,19,37,1,1,0,0,NULL,NULL,'2026-03-15 05:56:33','2026-03-15 05:56:33',NULL,NULL),('2027-09-20',2027,9,20,38,2,0,1,0,NULL,NULL,'2026-03-15 05:56:33','2026-03-15 05:56:33',NULL,NULL),('2027-09-21',2027,9,21,38,3,0,1,0,NULL,NULL,'2026-03-15 05:56:33','2026-03-15 05:56:33',NULL,NULL),('2027-09-22',2027,9,22,38,4,0,1,0,NULL,NULL,'2026-03-15 05:56:33','2026-03-15 05:56:33',NULL,NULL),('2027-09-23',2027,9,23,38,5,0,1,0,NULL,NULL,'2026-03-15 05:56:33','2026-03-15 05:56:33',NULL,NULL),('2027-09-24',2027,9,24,38,6,0,1,0,NULL,NULL,'2026-03-15 05:56:33','2026-03-15 05:56:33',NULL,NULL),('2027-09-25',2027,9,25,38,7,1,0,0,NULL,NULL,'2026-03-15 05:56:33','2026-03-15 05:56:33',NULL,NULL),('2027-09-26',2027,9,26,38,1,1,0,0,NULL,NULL,'2026-03-15 05:56:33','2026-03-15 05:56:33',NULL,NULL),('2027-09-27',2027,9,27,39,2,0,1,0,NULL,NULL,'2026-03-15 05:56:33','2026-03-15 05:56:33',NULL,NULL),('2027-09-28',2027,9,28,39,3,0,1,0,NULL,NULL,'2026-03-15 05:56:33','2026-03-15 05:56:33',NULL,NULL),('2027-09-29',2027,9,29,39,4,0,1,0,NULL,NULL,'2026-03-15 05:56:33','2026-03-15 05:56:33',NULL,NULL),('2027-09-30',2027,9,30,39,5,0,1,0,NULL,NULL,'2026-03-15 05:56:33','2026-03-15 05:56:33',NULL,NULL),('2027-10-01',2027,10,1,39,6,0,1,0,NULL,NULL,'2026-03-15 05:56:33','2026-03-15 05:56:33',NULL,NULL),('2027-10-02',2027,10,2,39,7,1,0,0,NULL,NULL,'2026-03-15 05:56:33','2026-03-15 05:56:33',NULL,NULL),('2027-10-03',2027,10,3,39,1,1,0,0,NULL,NULL,'2026-03-15 05:56:33','2026-03-15 05:56:33',NULL,NULL),('2027-10-04',2027,10,4,40,2,0,1,0,NULL,NULL,'2026-03-15 05:56:33','2026-03-15 05:56:33',NULL,NULL),('2027-10-05',2027,10,5,40,3,0,1,0,NULL,NULL,'2026-03-15 05:56:33','2026-03-15 05:56:33',NULL,NULL),('2027-10-06',2027,10,6,40,4,0,1,0,NULL,NULL,'2026-03-15 05:56:33','2026-03-15 05:56:33',NULL,NULL),('2027-10-07',2027,10,7,40,5,0,1,0,NULL,NULL,'2026-03-15 05:56:33','2026-03-15 05:56:33',NULL,NULL),('2027-10-08',2027,10,8,40,6,0,1,0,NULL,NULL,'2026-03-15 05:56:33','2026-03-15 05:56:33',NULL,NULL),('2027-10-09',2027,10,9,40,7,1,0,0,NULL,NULL,'2026-03-15 05:56:33','2026-03-15 05:56:33',NULL,NULL),('2027-10-10',2027,10,10,40,1,1,0,0,NULL,NULL,'2026-03-15 05:56:33','2026-03-15 05:56:33',NULL,NULL),('2027-10-11',2027,10,11,41,2,0,1,0,NULL,NULL,'2026-03-15 05:56:33','2026-03-15 05:56:33',NULL,NULL),('2027-10-12',2027,10,12,41,3,0,1,0,NULL,NULL,'2026-03-15 05:56:33','2026-03-15 05:56:33',NULL,NULL),('2027-10-13',2027,10,13,41,4,0,1,0,NULL,NULL,'2026-03-15 05:56:33','2026-03-15 05:56:33',NULL,NULL),('2027-10-14',2027,10,14,41,5,0,1,0,NULL,NULL,'2026-03-15 05:56:33','2026-03-15 05:56:33',NULL,NULL),('2027-10-15',2027,10,15,41,6,0,1,0,NULL,NULL,'2026-03-15 05:56:33','2026-03-15 05:56:33',NULL,NULL),('2027-10-16',2027,10,16,41,7,1,0,0,NULL,NULL,'2026-03-15 05:56:33','2026-03-15 05:56:33',NULL,NULL),('2027-10-17',2027,10,17,41,1,1,0,0,NULL,NULL,'2026-03-15 05:56:33','2026-03-15 05:56:33',NULL,NULL),('2027-10-18',2027,10,18,42,2,0,1,0,NULL,NULL,'2026-03-15 05:56:33','2026-03-15 05:56:33',NULL,NULL),('2027-10-19',2027,10,19,42,3,0,1,0,NULL,NULL,'2026-03-15 05:56:33','2026-03-15 05:56:33',NULL,NULL),('2027-10-20',2027,10,20,42,4,0,1,0,NULL,NULL,'2026-03-15 05:56:33','2026-03-15 05:56:33',NULL,NULL),('2027-10-21',2027,10,21,42,5,0,1,0,NULL,NULL,'2026-03-15 05:56:33','2026-03-15 05:56:33',NULL,NULL),('2027-10-22',2027,10,22,42,6,0,1,0,NULL,NULL,'2026-03-15 05:56:33','2026-03-15 05:56:33',NULL,NULL),('2027-10-23',2027,10,23,42,7,1,0,0,NULL,NULL,'2026-03-15 05:56:33','2026-03-15 05:56:33',NULL,NULL),('2027-10-24',2027,10,24,42,1,1,0,0,NULL,NULL,'2026-03-15 05:56:33','2026-03-15 05:56:33',NULL,NULL),('2027-10-25',2027,10,25,43,2,0,1,0,NULL,NULL,'2026-03-15 05:56:33','2026-03-15 05:56:33',NULL,NULL),('2027-10-26',2027,10,26,43,3,0,1,0,NULL,NULL,'2026-03-15 05:56:33','2026-03-15 05:56:33',NULL,NULL),('2027-10-27',2027,10,27,43,4,0,1,0,NULL,NULL,'2026-03-15 05:56:33','2026-03-15 05:56:33',NULL,NULL),('2027-10-28',2027,10,28,43,5,0,1,0,NULL,NULL,'2026-03-15 05:56:33','2026-03-15 05:56:33',NULL,NULL),('2027-10-29',2027,10,29,43,6,0,1,0,NULL,NULL,'2026-03-15 05:56:33','2026-03-15 05:56:33',NULL,NULL),('2027-10-30',2027,10,30,43,7,1,0,0,NULL,NULL,'2026-03-15 05:56:33','2026-03-15 05:56:33',NULL,NULL),('2027-10-31',2027,10,31,43,1,1,0,0,NULL,NULL,'2026-03-15 05:56:33','2026-03-15 05:56:33',NULL,NULL),('2027-11-01',2027,11,1,44,2,0,1,0,NULL,NULL,'2026-03-15 05:56:33','2026-03-15 05:56:33',NULL,NULL),('2027-11-02',2027,11,2,44,3,0,1,0,NULL,NULL,'2026-03-15 05:56:33','2026-03-15 05:56:33',NULL,NULL),('2027-11-03',2027,11,3,44,4,0,1,0,NULL,NULL,'2026-03-15 05:56:33','2026-03-15 05:56:33',NULL,NULL),('2027-11-04',2027,11,4,44,5,0,1,0,NULL,NULL,'2026-03-15 05:56:33','2026-03-15 05:56:33',NULL,NULL),('2027-11-05',2027,11,5,44,6,0,1,0,NULL,NULL,'2026-03-15 05:56:33','2026-03-15 05:56:33',NULL,NULL),('2027-11-06',2027,11,6,44,7,1,0,0,NULL,NULL,'2026-03-15 05:56:33','2026-03-15 05:56:33',NULL,NULL),('2027-11-07',2027,11,7,44,1,1,0,0,NULL,NULL,'2026-03-15 05:56:33','2026-03-15 05:56:33',NULL,NULL),('2027-11-08',2027,11,8,45,2,0,1,0,NULL,NULL,'2026-03-15 05:56:33','2026-03-15 05:56:33',NULL,NULL),('2027-11-09',2027,11,9,45,3,0,1,0,NULL,NULL,'2026-03-15 05:56:33','2026-03-15 05:56:33',NULL,NULL),('2027-11-10',2027,11,10,45,4,0,1,0,NULL,NULL,'2026-03-15 05:56:33','2026-03-15 05:56:33',NULL,NULL),('2027-11-11',2027,11,11,45,5,0,1,0,NULL,NULL,'2026-03-15 05:56:33','2026-03-15 05:56:33',NULL,NULL),('2027-11-12',2027,11,12,45,6,0,1,0,NULL,NULL,'2026-03-15 05:56:33','2026-03-15 05:56:33',NULL,NULL),('2027-11-13',2027,11,13,45,7,1,0,0,NULL,NULL,'2026-03-15 05:56:33','2026-03-15 05:56:33',NULL,NULL),('2027-11-14',2027,11,14,45,1,1,0,0,NULL,NULL,'2026-03-15 05:56:33','2026-03-15 05:56:33',NULL,NULL),('2027-11-15',2027,11,15,46,2,0,1,0,NULL,NULL,'2026-03-15 05:56:33','2026-03-15 05:56:33',NULL,NULL),('2027-11-16',2027,11,16,46,3,0,1,0,NULL,NULL,'2026-03-15 05:56:33','2026-03-15 05:56:33',NULL,NULL),('2027-11-17',2027,11,17,46,4,0,1,0,NULL,NULL,'2026-03-15 05:56:33','2026-03-15 05:56:33',NULL,NULL),('2027-11-18',2027,11,18,46,5,0,1,0,NULL,NULL,'2026-03-15 05:56:33','2026-03-15 05:56:33',NULL,NULL),('2027-11-19',2027,11,19,46,6,0,1,0,NULL,NULL,'2026-03-15 05:56:33','2026-03-15 05:56:33',NULL,NULL),('2027-11-20',2027,11,20,46,7,1,0,0,NULL,NULL,'2026-03-15 05:56:33','2026-03-15 05:56:33',NULL,NULL),('2027-11-21',2027,11,21,46,1,1,0,0,NULL,NULL,'2026-03-15 05:56:33','2026-03-15 05:56:33',NULL,NULL),('2027-11-22',2027,11,22,47,2,0,1,0,NULL,NULL,'2026-03-15 05:56:33','2026-03-15 05:56:33',NULL,NULL),('2027-11-23',2027,11,23,47,3,0,1,0,NULL,NULL,'2026-03-15 05:56:33','2026-03-15 05:56:33',NULL,NULL),('2027-11-24',2027,11,24,47,4,0,1,0,NULL,NULL,'2026-03-15 05:56:33','2026-03-15 05:56:33',NULL,NULL),('2027-11-25',2027,11,25,47,5,0,1,0,NULL,NULL,'2026-03-15 05:56:33','2026-03-15 05:56:33',NULL,NULL),('2027-11-26',2027,11,26,47,6,0,1,0,NULL,NULL,'2026-03-15 05:56:33','2026-03-15 05:56:33',NULL,NULL),('2027-11-27',2027,11,27,47,7,1,0,0,NULL,NULL,'2026-03-15 05:56:33','2026-03-15 05:56:33',NULL,NULL),('2027-11-28',2027,11,28,47,1,1,0,0,NULL,NULL,'2026-03-15 05:56:33','2026-03-15 05:56:33',NULL,NULL),('2027-11-29',2027,11,29,48,2,0,1,0,NULL,NULL,'2026-03-15 05:56:33','2026-03-15 05:56:33',NULL,NULL),('2027-11-30',2027,11,30,48,3,0,1,0,NULL,NULL,'2026-03-15 05:56:33','2026-03-15 05:56:33',NULL,NULL),('2027-12-01',2027,12,1,48,4,0,1,0,NULL,NULL,'2026-03-15 05:56:33','2026-03-15 05:56:33',NULL,NULL),('2027-12-02',2027,12,2,48,5,0,1,0,NULL,NULL,'2026-03-15 05:56:33','2026-03-15 05:56:33',NULL,NULL),('2027-12-03',2027,12,3,48,6,0,1,0,NULL,NULL,'2026-03-15 05:56:33','2026-03-15 05:56:33',NULL,NULL),('2027-12-04',2027,12,4,48,7,1,0,0,NULL,NULL,'2026-03-15 05:56:33','2026-03-15 05:56:33',NULL,NULL),('2027-12-05',2027,12,5,48,1,1,0,0,NULL,NULL,'2026-03-15 05:56:33','2026-03-15 05:56:33',NULL,NULL),('2027-12-06',2027,12,6,49,2,0,1,0,NULL,NULL,'2026-03-15 05:56:33','2026-03-15 05:56:33',NULL,NULL),('2027-12-07',2027,12,7,49,3,0,1,0,NULL,NULL,'2026-03-15 05:56:33','2026-03-15 05:56:33',NULL,NULL),('2027-12-08',2027,12,8,49,4,0,1,0,NULL,NULL,'2026-03-15 05:56:33','2026-03-15 05:56:33',NULL,NULL),('2027-12-09',2027,12,9,49,5,0,1,0,NULL,NULL,'2026-03-15 05:56:33','2026-03-15 05:56:33',NULL,NULL),('2027-12-10',2027,12,10,49,6,0,1,0,NULL,NULL,'2026-03-15 05:56:33','2026-03-15 05:56:33',NULL,NULL),('2027-12-11',2027,12,11,49,7,1,0,0,NULL,NULL,'2026-03-15 05:56:33','2026-03-15 05:56:33',NULL,NULL),('2027-12-12',2027,12,12,49,1,1,0,0,NULL,NULL,'2026-03-15 05:56:33','2026-03-15 05:56:33',NULL,NULL),('2027-12-13',2027,12,13,50,2,0,1,0,NULL,NULL,'2026-03-15 05:56:33','2026-03-15 05:56:33',NULL,NULL),('2027-12-14',2027,12,14,50,3,0,1,0,NULL,NULL,'2026-03-15 05:56:33','2026-03-15 05:56:33',NULL,NULL),('2027-12-15',2027,12,15,50,4,0,1,0,NULL,NULL,'2026-03-15 05:56:33','2026-03-15 05:56:33',NULL,NULL),('2027-12-16',2027,12,16,50,5,0,1,0,NULL,NULL,'2026-03-15 05:56:33','2026-03-15 05:56:33',NULL,NULL),('2027-12-17',2027,12,17,50,6,0,1,0,NULL,NULL,'2026-03-15 05:56:33','2026-03-15 05:56:33',NULL,NULL),('2027-12-18',2027,12,18,50,7,1,0,0,NULL,NULL,'2026-03-15 05:56:33','2026-03-15 05:56:33',NULL,NULL),('2027-12-19',2027,12,19,50,1,1,0,0,NULL,NULL,'2026-03-15 05:56:33','2026-03-15 05:56:33',NULL,NULL),('2027-12-20',2027,12,20,51,2,0,1,0,NULL,NULL,'2026-03-15 05:56:33','2026-03-15 05:56:33',NULL,NULL),('2027-12-21',2027,12,21,51,3,0,1,0,NULL,NULL,'2026-03-15 05:56:33','2026-03-15 05:56:33',NULL,NULL),('2027-12-22',2027,12,22,51,4,0,1,0,NULL,NULL,'2026-03-15 05:56:33','2026-03-15 05:56:33',NULL,NULL),('2027-12-23',2027,12,23,51,5,0,1,0,NULL,NULL,'2026-03-15 05:56:33','2026-03-15 05:56:33',NULL,NULL),('2027-12-24',2027,12,24,51,6,0,1,0,NULL,NULL,'2026-03-15 05:56:33','2026-03-15 05:56:33',NULL,NULL),('2027-12-25',2027,12,25,51,7,1,0,0,NULL,NULL,'2026-03-15 05:56:33','2026-03-15 05:56:33',NULL,NULL),('2027-12-26',2027,12,26,51,1,1,0,0,NULL,NULL,'2026-03-15 05:56:33','2026-03-15 05:56:33',NULL,NULL),('2027-12-27',2027,12,27,52,2,0,1,0,NULL,NULL,'2026-03-15 05:56:33','2026-03-15 05:56:33',NULL,NULL),('2027-12-28',2027,12,28,52,3,0,1,0,NULL,NULL,'2026-03-15 05:56:33','2026-03-15 05:56:33',NULL,NULL),('2027-12-29',2027,12,29,52,4,0,1,0,NULL,NULL,'2026-03-15 05:56:33','2026-03-15 05:56:33',NULL,NULL),('2027-12-30',2027,12,30,52,5,0,1,0,NULL,NULL,'2026-03-15 05:56:33','2026-03-15 05:56:33',NULL,NULL),('2027-12-31',2027,12,31,52,6,0,1,0,NULL,NULL,'2026-03-15 05:56:33','2026-03-15 05:56:33',NULL,NULL);
/*!40000 ALTER TABLE `monthly_calendars` ENABLE KEYS */;
UNLOCK TABLES;

--
-- Table structure for table `monthly_hours_snapshots`
--

DROP TABLE IF EXISTS `monthly_hours_snapshots`;
/*!40101 SET @saved_cs_client     = @@character_set_client */;
/*!50503 SET character_set_client = utf8mb4 */;
CREATE TABLE `monthly_hours_snapshots` (
  `id` bigint unsigned NOT NULL AUTO_INCREMENT,
  `snapshot_month` char(7) NOT NULL,
  `user_id` bigint unsigned NOT NULL,
  `user_name` varchar(100) DEFAULT NULL,
  `project_id` bigint unsigned DEFAULT NULL,
  `project_name` varchar(200) DEFAULT NULL,
  `customer_id` bigint unsigned DEFAULT NULL,
  `customer_name` varchar(200) DEFAULT NULL,
  `total_hours` decimal(10,2) NOT NULL DEFAULT '0.00',
  `billable_hours` decimal(10,2) NOT NULL DEFAULT '0.00',
  `non_billable_hours` decimal(10,2) NOT NULL DEFAULT '0.00',
  `estimated_hours` decimal(10,2) NOT NULL DEFAULT '0.00',
  `request_count` int unsigned NOT NULL DEFAULT '0',
  `completed_count` int unsigned NOT NULL DEFAULT '0',
  `hours_by_activity` json DEFAULT NULL,
  `created_at` timestamp NOT NULL DEFAULT CURRENT_TIMESTAMP,
  PRIMARY KEY (`id`),
  UNIQUE KEY `uq_snap` (`snapshot_month`,`user_id`,`project_id`),
  KEY `idx_snap_month` (`snapshot_month`),
  KEY `idx_snap_user` (`user_id`,`snapshot_month`),
  KEY `idx_snap_project` (`project_id`,`snapshot_month`)
) ENGINE=InnoDB DEFAULT CHARSET=utf8mb4 COLLATE=utf8mb4_0900_ai_ci;
/*!40101 SET character_set_client = @saved_cs_client */;

--
-- Dumping data for table `monthly_hours_snapshots`
--

LOCK TABLES `monthly_hours_snapshots` WRITE;
/*!40000 ALTER TABLE `monthly_hours_snapshots` DISABLE KEYS */;
/*!40000 ALTER TABLE `monthly_hours_snapshots` ENABLE KEYS */;
UNLOCK TABLES;

--
-- Table structure for table `opportunities`
--

DROP TABLE IF EXISTS `opportunities`;
/*!40101 SET @saved_cs_client     = @@character_set_client */;
/*!50503 SET character_set_client = utf8mb4 */;
CREATE TABLE `opportunities` (
  `id` bigint unsigned NOT NULL AUTO_INCREMENT,
  `opp_name` varchar(255) CHARACTER SET utf8mb4 COLLATE utf8mb4_unicode_ci NOT NULL,
  `customer_id` bigint unsigned NOT NULL,
  `expected_value` decimal(18,2) NOT NULL DEFAULT '0.00',
  `probability` int DEFAULT '0' COMMENT 'Tỉ lệ thành công %',
  `stage` enum('NEW','LEAD','QUALIFIED','PROPOSAL','NEGOTIATION','WON','LOST') CHARACTER SET utf8mb4 COLLATE utf8mb4_unicode_ci NOT NULL DEFAULT 'NEW',
  `priority` tinyint unsigned NOT NULL DEFAULT '2' COMMENT '1=Thấp 2=TB 3=Cao 4=Khẩn',
  `dept_id` bigint unsigned DEFAULT NULL COMMENT 'Phòng ban phụ trách',
  `owner_id` bigint unsigned NOT NULL COMMENT 'Sales phụ trách',
  `created_at` timestamp NULL DEFAULT CURRENT_TIMESTAMP,
  `created_by` bigint unsigned DEFAULT NULL,
  `updated_at` timestamp NULL DEFAULT NULL ON UPDATE CURRENT_TIMESTAMP,
  `updated_by` bigint unsigned DEFAULT NULL,
  `deleted_at` timestamp NULL DEFAULT NULL COMMENT 'Soft Delete',
  PRIMARY KEY (`id`),
  KEY `idx_opp_cust_stage` (`customer_id`,`stage`),
  KEY `fk_opp_owner` (`owner_id`),
  KEY `idx_opp_insight` (`customer_id`,`deleted_at`,`stage`,`expected_value`),
  KEY `idx_opp_priority` (`priority`),
  CONSTRAINT `fk_opp_cust` FOREIGN KEY (`customer_id`) REFERENCES `customers` (`id`) ON DELETE RESTRICT,
  CONSTRAINT `fk_opp_owner` FOREIGN KEY (`owner_id`) REFERENCES `internal_users` (`id`)
) ENGINE=InnoDB AUTO_INCREMENT=4 DEFAULT CHARSET=utf8mb4 COLLATE=utf8mb4_unicode_ci COMMENT='Bảng 27: Cơ hội kinh doanh (Pipeline)';
/*!40101 SET character_set_client = @saved_cs_client */;

--
-- Dumping data for table `opportunities`
--

LOCK TABLES `opportunities` WRITE;
/*!40000 ALTER TABLE `opportunities` DISABLE KEYS */;
INSERT INTO `opportunities` VALUES (1,'Triển khai VNPT HIS cho Vietcombank',1,150000000.00,70,'PROPOSAL',2,2,1,'2026-02-23 08:16:35',NULL,'2026-03-01 14:16:56',NULL,NULL),(2,'Dịch vụ SOC cho Petrolimex',2,80000000.00,60,'NEGOTIATION',2,2,1,'2026-02-23 08:16:35',NULL,'2026-03-01 14:16:56',NULL,NULL),(3,'Triển khai bệnh án điện tử tại TTYT KV Long Mỹ',7,1500000000.00,0,'LEAD',2,4,1,'2026-03-23 12:00:13',9,'2026-03-23 12:00:13',9,NULL);
/*!40000 ALTER TABLE `opportunities` ENABLE KEYS */;
UNLOCK TABLES;

--
-- Table structure for table `opportunity_raci_assignments`
--

DROP TABLE IF EXISTS `opportunity_raci_assignments`;
/*!40101 SET @saved_cs_client     = @@character_set_client */;
/*!50503 SET character_set_client = utf8mb4 */;
CREATE TABLE `opportunity_raci_assignments` (
  `id` bigint unsigned NOT NULL AUTO_INCREMENT,
  `opportunity_id` bigint unsigned NOT NULL,
  `user_id` bigint unsigned NOT NULL,
  `raci_role` enum('R','A','C','I') NOT NULL,
  `created_at` timestamp NULL DEFAULT NULL,
  `updated_at` timestamp NULL DEFAULT NULL,
  `created_by` bigint unsigned DEFAULT NULL,
  `updated_by` bigint unsigned DEFAULT NULL,
  PRIMARY KEY (`id`),
  UNIQUE KEY `uq_opp_raci_opportunity_role` (`opportunity_id`,`raci_role`),
  UNIQUE KEY `uq_opp_raci_opportunity_user_role` (`opportunity_id`,`user_id`,`raci_role`),
  KEY `idx_opp_raci_opportunity_id` (`opportunity_id`),
  KEY `idx_opp_raci_user_id` (`user_id`),
  CONSTRAINT `fk_opp_raci_opportunity_id` FOREIGN KEY (`opportunity_id`) REFERENCES `opportunities` (`id`) ON DELETE CASCADE,
  CONSTRAINT `fk_opp_raci_user_id` FOREIGN KEY (`user_id`) REFERENCES `internal_users` (`id`) ON DELETE CASCADE
) ENGINE=InnoDB AUTO_INCREMENT=5 DEFAULT CHARSET=utf8mb4 COLLATE=utf8mb4_0900_ai_ci;
/*!40101 SET character_set_client = @saved_cs_client */;

--
-- Dumping data for table `opportunity_raci_assignments`
--

LOCK TABLES `opportunity_raci_assignments` WRITE;
/*!40000 ALTER TABLE `opportunity_raci_assignments` DISABLE KEYS */;
INSERT INTO `opportunity_raci_assignments` VALUES (1,3,9,'A','2026-03-23 12:00:13','2026-03-23 12:00:13',9,9),(2,3,24,'R','2026-03-23 12:00:13','2026-03-23 12:00:13',9,9),(3,3,7,'C','2026-03-23 12:00:13','2026-03-23 12:00:13',9,9),(4,3,52,'I','2026-03-23 12:00:13','2026-03-23 12:00:13',9,9);
/*!40000 ALTER TABLE `opportunity_raci_assignments` ENABLE KEYS */;
UNLOCK TABLES;

--
-- Table structure for table `opportunity_stages`
--

DROP TABLE IF EXISTS `opportunity_stages`;
/*!40101 SET @saved_cs_client     = @@character_set_client */;
/*!50503 SET character_set_client = utf8mb4 */;
CREATE TABLE `opportunity_stages` (
  `id` bigint unsigned NOT NULL AUTO_INCREMENT,
  `stage_code` varchar(50) NOT NULL,
  `stage_name` varchar(120) NOT NULL,
  `description` varchar(255) DEFAULT NULL,
  `is_terminal` tinyint(1) NOT NULL DEFAULT '0',
  `is_active` tinyint(1) NOT NULL DEFAULT '1',
  `sort_order` int NOT NULL DEFAULT '0',
  `created_by` bigint unsigned DEFAULT NULL,
  `updated_by` bigint unsigned DEFAULT NULL,
  `created_at` timestamp NULL DEFAULT NULL,
  `updated_at` timestamp NULL DEFAULT NULL,
  PRIMARY KEY (`id`),
  UNIQUE KEY `uq_opportunity_stages_stage_code` (`stage_code`),
  KEY `idx_opportunity_stages_active_sort` (`is_active`,`sort_order`)
) ENGINE=InnoDB AUTO_INCREMENT=6 DEFAULT CHARSET=utf8mb4 COLLATE=utf8mb4_0900_ai_ci;
/*!40101 SET character_set_client = @saved_cs_client */;

--
-- Dumping data for table `opportunity_stages`
--

LOCK TABLES `opportunity_stages` WRITE;
/*!40000 ALTER TABLE `opportunity_stages` DISABLE KEYS */;
INSERT INTO `opportunity_stages` VALUES (1,'NEW','Mới',NULL,0,1,10,NULL,NULL,'2026-03-01 21:29:22','2026-03-01 21:29:22'),(2,'PROPOSAL','Đề xuất',NULL,0,1,20,NULL,NULL,'2026-03-01 21:29:22','2026-03-01 21:29:22'),(3,'NEGOTIATION','Đàm phán',NULL,0,1,30,NULL,NULL,'2026-03-01 21:29:22','2026-03-01 21:29:22'),(4,'WON','Thắng',NULL,1,1,40,NULL,NULL,'2026-03-01 21:29:22','2026-03-01 21:29:22'),(5,'LOST','Thất bại',NULL,1,1,50,NULL,NULL,'2026-03-01 21:29:22','2026-03-01 21:29:22');
/*!40000 ALTER TABLE `opportunity_stages` ENABLE KEYS */;
UNLOCK TABLES;

--
-- Table structure for table `password_reset_tokens`
--

DROP TABLE IF EXISTS `password_reset_tokens`;
/*!40101 SET @saved_cs_client     = @@character_set_client */;
/*!50503 SET character_set_client = utf8mb4 */;
CREATE TABLE `password_reset_tokens` (
  `email` varchar(255) CHARACTER SET utf8mb4 COLLATE utf8mb4_unicode_ci NOT NULL,
  `token` varchar(255) CHARACTER SET utf8mb4 COLLATE utf8mb4_unicode_ci NOT NULL,
  `created_at` timestamp NULL DEFAULT NULL,
  PRIMARY KEY (`email`)
) ENGINE=InnoDB DEFAULT CHARSET=utf8mb4 COLLATE=utf8mb4_unicode_ci;
/*!40101 SET character_set_client = @saved_cs_client */;

--
-- Dumping data for table `password_reset_tokens`
--

LOCK TABLES `password_reset_tokens` WRITE;
/*!40000 ALTER TABLE `password_reset_tokens` DISABLE KEYS */;
/*!40000 ALTER TABLE `password_reset_tokens` ENABLE KEYS */;
UNLOCK TABLES;

--
-- Table structure for table `payment_schedules`
--

DROP TABLE IF EXISTS `payment_schedules`;
/*!40101 SET @saved_cs_client     = @@character_set_client */;
/*!50503 SET character_set_client = utf8mb4 */;
CREATE TABLE `payment_schedules` (
  `id` bigint unsigned NOT NULL AUTO_INCREMENT,
  `contract_id` bigint unsigned NOT NULL,
  `invoice_id` bigint unsigned DEFAULT NULL COMMENT 'Liên kết 1:1 với hóa đơn đã phát hành',
  `project_id` bigint unsigned NOT NULL,
  `milestone_name` varchar(255) CHARACTER SET utf8mb4 COLLATE utf8mb4_unicode_ci NOT NULL COMMENT 'Tên kỳ (VD: Thanh toán đợt 1, Tháng 1/2026, Quý 1/2026)',
  `cycle_number` int DEFAULT '1' COMMENT 'Số thứ tự kỳ thanh toán (1, 2, 3...)',
  `expected_date` date NOT NULL COMMENT 'Ngày dự kiến phải thu',
  `expected_amount` decimal(18,2) NOT NULL DEFAULT '0.00' COMMENT 'Số tiền dự kiến thu',
  `original_amount` decimal(18,2) DEFAULT NULL COMMENT 'Giá trị gốc trước penalty',
  `penalty_rate` decimal(5,4) DEFAULT NULL COMMENT 'Copy từ contract.penalty_rate tại thời điểm generate',
  `penalty_amount` decimal(18,2) DEFAULT NULL COMMENT 'Số tiền bị trừ: original_amount * penalty_rate',
  `actual_paid_date` date DEFAULT NULL COMMENT 'Ngày khách hàng thực trả',
  `actual_paid_amount` decimal(18,2) NOT NULL DEFAULT '0.00' COMMENT 'Số tiền thực tế đã thu',
  `status` enum('PENDING','INVOICED','PARTIAL','PAID','OVERDUE','CANCELLED') CHARACTER SET utf8mb4 COLLATE utf8mb4_unicode_ci DEFAULT 'PENDING' COMMENT 'Trạng thái thu tiền',
  `notes` text CHARACTER SET utf8mb4 COLLATE utf8mb4_unicode_ci,
  `confirmed_by` bigint unsigned DEFAULT NULL,
  `confirmed_at` timestamp NULL DEFAULT NULL,
  `created_at` timestamp NULL DEFAULT CURRENT_TIMESTAMP,
  `updated_at` timestamp NULL DEFAULT NULL ON UPDATE CURRENT_TIMESTAMP,
  PRIMARY KEY (`id`),
  KEY `idx_ps_expected` (`expected_date`,`status`),
  KEY `idx_ps_actual` (`actual_paid_date`),
  KEY `fk_ps_contract` (`contract_id`),
  KEY `fk_ps_project` (`project_id`),
  KEY `idx_ps_contract_expected_status` (`contract_id`,`expected_date`,`status`),
  KEY `idx_ps_contract_expected` (`contract_id`,`expected_date`),
  KEY `idx_ps_invoice` (`invoice_id`),
  CONSTRAINT `fk_ps_contract` FOREIGN KEY (`contract_id`) REFERENCES `contracts` (`id`) ON DELETE CASCADE,
  CONSTRAINT `fk_ps_project` FOREIGN KEY (`project_id`) REFERENCES `projects` (`id`) ON DELETE CASCADE
) ENGINE=InnoDB AUTO_INCREMENT=55 DEFAULT CHARSET=utf8mb4 COLLATE=utf8mb4_unicode_ci COMMENT='Bảng 36: Kế hoạch thanh toán & Dòng tiền dự kiến';
/*!40101 SET character_set_client = @saved_cs_client */;

--
-- Dumping data for table `payment_schedules`
--

LOCK TABLES `payment_schedules` WRITE;
/*!40000 ALTER TABLE `payment_schedules` DISABLE KEYS */;
INSERT INTO `payment_schedules` VALUES (14,1,NULL,1,'Thanh toán kỳ 1 (quý)',1,'2026-01-15',18750000.00,NULL,NULL,NULL,'2026-03-19',18750000.00,'PAID','Đã thu đúng hoá đơn',NULL,NULL,'2026-03-19 09:08:44','2026-03-19 09:09:54'),(15,1,NULL,1,'Thanh toán kỳ 2 (quý)',2,'2026-04-15',18750000.00,NULL,NULL,NULL,NULL,0.00,'PENDING',NULL,NULL,NULL,'2026-03-19 09:08:44','2026-03-19 09:08:44'),(16,1,NULL,1,'Thanh toán kỳ 3 (quý)',3,'2026-07-15',18750000.00,NULL,NULL,NULL,NULL,0.00,'PENDING',NULL,NULL,NULL,'2026-03-19 09:08:44','2026-03-19 09:08:44'),(17,1,NULL,1,'Thanh toán kỳ 4 (quý)',4,'2026-10-15',18750000.00,NULL,NULL,NULL,NULL,0.00,'PENDING',NULL,NULL,NULL,'2026-03-19 09:08:44','2026-03-19 09:08:44'),(18,1,NULL,1,'Thanh toán kỳ 5 (quý)',5,'2027-01-15',18750000.00,NULL,NULL,NULL,NULL,0.00,'PENDING',NULL,NULL,NULL,'2026-03-19 09:08:44','2026-03-19 09:08:44'),(19,1,NULL,1,'Thanh toán kỳ 6 (quý)',6,'2027-04-15',18750000.00,NULL,NULL,NULL,NULL,0.00,'PENDING',NULL,NULL,NULL,'2026-03-19 09:08:44','2026-03-19 09:08:44'),(20,1,NULL,1,'Thanh toán kỳ 7 (quý)',7,'2027-07-15',18750000.00,NULL,NULL,NULL,NULL,0.00,'PENDING',NULL,NULL,NULL,'2026-03-19 09:08:44','2026-03-19 09:08:44'),(21,1,NULL,1,'Thanh toán kỳ 8 (quý)',8,'2027-10-15',18750000.00,NULL,NULL,NULL,NULL,0.00,'PENDING',NULL,NULL,NULL,'2026-03-19 09:08:44','2026-03-19 09:08:44'),(40,3,NULL,98,'Tạm ứng',1,'2026-03-01',22500000.00,NULL,NULL,NULL,'2026-03-23',22500000.00,'PAID',NULL,9,'2026-03-23 00:22:39','2026-03-22 14:56:35','2026-03-23 00:22:39'),(41,3,NULL,98,'Thanh toán đợt 1',2,'2026-09-01',40000000.00,NULL,NULL,NULL,'2026-03-22',40000000.00,'PAID',NULL,9,'2026-03-22 14:56:42','2026-03-22 14:56:35','2026-03-22 14:56:42'),(42,3,NULL,98,'Thanh toán đợt 2',3,'2027-03-01',40000000.00,NULL,NULL,NULL,NULL,0.00,'PENDING',NULL,NULL,NULL,'2026-03-22 14:56:35','2026-03-22 14:56:35'),(43,3,NULL,98,'Thanh toán đợt 3',4,'2027-09-01',40000000.00,NULL,NULL,NULL,NULL,0.00,'PENDING',NULL,NULL,NULL,'2026-03-22 14:56:35','2026-03-22 14:56:35'),(44,3,NULL,98,'Quyết toán',5,'2028-02-29',7500000.00,NULL,NULL,NULL,NULL,0.00,'PENDING',NULL,NULL,NULL,'2026-03-22 14:56:35','2026-03-22 14:56:35'),(45,2,NULL,2,'Thanh toán một lần',1,'2026-02-20',80000000.00,NULL,NULL,NULL,NULL,0.00,'PENDING',NULL,NULL,NULL,'2026-03-23 00:12:25','2026-03-23 00:12:25'),(51,4,NULL,91,'Thanh toán kỳ 1 (quý)',1,'2026-03-23',1114362500.00,NULL,NULL,NULL,'2026-03-23',1114362500.00,'PAID',NULL,9,'2026-03-23 13:01:26','2026-03-23 13:01:09','2026-03-23 13:01:26'),(52,4,NULL,91,'Thanh toán kỳ 2 (quý)',2,'2026-06-23',1114362500.00,NULL,NULL,NULL,'2026-03-24',1114362500.00,'PAID',NULL,9,'2026-03-24 03:41:34','2026-03-23 13:01:09','2026-03-24 03:41:34'),(53,4,NULL,91,'Thanh toán kỳ 3 (quý)',3,'2026-09-23',1114362500.00,NULL,NULL,NULL,NULL,0.00,'PENDING',NULL,NULL,NULL,'2026-03-23 13:01:09','2026-03-23 13:01:09'),(54,4,NULL,91,'Thanh toán kỳ 4 (quý)',4,'2026-12-23',1114362500.00,NULL,NULL,NULL,NULL,0.00,'PENDING',NULL,NULL,NULL,'2026-03-23 13:01:09','2026-03-23 13:01:09');
/*!40000 ALTER TABLE `payment_schedules` ENABLE KEYS */;
UNLOCK TABLES;

--
-- Table structure for table `permissions`
--

DROP TABLE IF EXISTS `permissions`;
/*!40101 SET @saved_cs_client     = @@character_set_client */;
/*!50503 SET character_set_client = utf8mb4 */;
CREATE TABLE `permissions` (
  `id` bigint unsigned NOT NULL AUTO_INCREMENT,
  `perm_key` varchar(100) CHARACTER SET utf8mb4 COLLATE utf8mb4_unicode_ci NOT NULL,
  `perm_name` varchar(150) CHARACTER SET utf8mb4 COLLATE utf8mb4_unicode_ci NOT NULL,
  `perm_group` varchar(50) CHARACTER SET utf8mb4 COLLATE utf8mb4_unicode_ci NOT NULL,
  `is_active` tinyint(1) NOT NULL DEFAULT '1',
  `created_at` timestamp NULL DEFAULT CURRENT_TIMESTAMP,
  `created_by` bigint unsigned DEFAULT NULL,
  `updated_at` timestamp NULL DEFAULT NULL ON UPDATE CURRENT_TIMESTAMP,
  `updated_by` bigint unsigned DEFAULT NULL,
  PRIMARY KEY (`id`),
  UNIQUE KEY `perm_key` (`perm_key`)
) ENGINE=InnoDB AUTO_INCREMENT=151 DEFAULT CHARSET=utf8mb4 COLLATE=utf8mb4_unicode_ci COMMENT='Bảng 11: Danh mục quyền nguyên tử';
/*!40101 SET character_set_client = @saved_cs_client */;

--
-- Dumping data for table `permissions`
--

LOCK TABLES `permissions` WRITE;
/*!40000 ALTER TABLE `permissions` DISABLE KEYS */;
INSERT INTO `permissions` VALUES (1,'system.health.view','Xem trạng thái bảng hệ thống','SYSTEM',1,'2026-02-24 23:39:23',NULL,NULL,NULL),(2,'dashboard.view','Xem dashboard tổng quan','DASHBOARD',1,'2026-02-24 23:39:23',NULL,NULL,NULL),(3,'departments.read','Xem phòng ban','DEPARTMENTS',1,'2026-02-24 23:39:23',NULL,NULL,NULL),(4,'departments.write','Thêm/Sửa phòng ban','DEPARTMENTS',1,'2026-02-24 23:39:23',NULL,NULL,NULL),(5,'departments.delete','Xóa phòng ban','DEPARTMENTS',1,'2026-02-24 23:39:23',NULL,NULL,NULL),(6,'departments.import','Nhập phòng ban','DEPARTMENTS',1,'2026-02-24 23:39:23',NULL,NULL,NULL),(7,'departments.export','Xuất phòng ban','DEPARTMENTS',1,'2026-02-24 23:39:23',NULL,NULL,NULL),(8,'employees.read','Xem nhân sự nội bộ','EMPLOYEES',1,'2026-02-24 23:39:23',NULL,NULL,NULL),(9,'employees.write','Thêm/Sửa nhân sự nội bộ','EMPLOYEES',1,'2026-02-24 23:39:23',NULL,NULL,NULL),(10,'employees.delete','Xóa nhân sự nội bộ','EMPLOYEES',1,'2026-02-24 23:39:23',NULL,NULL,NULL),(11,'employees.import','Nhập nhân sự nội bộ','EMPLOYEES',1,'2026-02-24 23:39:23',NULL,NULL,NULL),(12,'employees.export','Xuất nhân sự nội bộ','EMPLOYEES',1,'2026-02-24 23:39:23',NULL,NULL,NULL),(13,'user_dept_history.read','Xem lịch sử luân chuyển','EMPLOYEES',1,'2026-02-24 23:39:23',NULL,NULL,NULL),(14,'user_dept_history.write','Thêm/Sửa lịch sử luân chuyển','EMPLOYEES',1,'2026-02-24 23:39:23',NULL,NULL,NULL),(15,'user_dept_history.delete','Xóa lịch sử luân chuyển','EMPLOYEES',1,'2026-02-24 23:39:23',NULL,NULL,NULL),(16,'businesses.read','Xem lĩnh vực kinh doanh','MASTER_DATA',1,'2026-02-24 23:39:23',NULL,NULL,NULL),(17,'businesses.write','Thêm/Sửa lĩnh vực kinh doanh','MASTER_DATA',1,'2026-02-24 23:39:23',NULL,NULL,NULL),(18,'businesses.delete','Xóa lĩnh vực kinh doanh','MASTER_DATA',1,'2026-02-24 23:39:23',NULL,NULL,NULL),(19,'businesses.import','Nhập lĩnh vực kinh doanh','MASTER_DATA',1,'2026-02-24 23:39:23',NULL,NULL,NULL),(20,'businesses.export','Xuất lĩnh vực kinh doanh','MASTER_DATA',1,'2026-02-24 23:39:23',NULL,NULL,NULL),(21,'vendors.read','Xem nhà cung cấp','MASTER_DATA',1,'2026-02-24 23:39:23',NULL,NULL,NULL),(22,'vendors.write','Thêm/Sửa nhà cung cấp','MASTER_DATA',1,'2026-02-24 23:39:23',NULL,NULL,NULL),(23,'vendors.delete','Xóa nhà cung cấp','MASTER_DATA',1,'2026-02-24 23:39:23',NULL,NULL,NULL),(24,'vendors.import','Nhập nhà cung cấp','MASTER_DATA',1,'2026-02-24 23:39:23',NULL,NULL,NULL),(25,'vendors.export','Xuất nhà cung cấp','MASTER_DATA',1,'2026-02-24 23:39:23',NULL,NULL,NULL),(26,'products.read','Xem sản phẩm','MASTER_DATA',1,'2026-02-24 23:39:23',NULL,NULL,NULL),(27,'products.write','Thêm/Sửa sản phẩm','MASTER_DATA',1,'2026-02-24 23:39:23',NULL,NULL,NULL),(28,'products.delete','Xóa sản phẩm','MASTER_DATA',1,'2026-02-24 23:39:23',NULL,NULL,NULL),(29,'products.import','Nhập sản phẩm','MASTER_DATA',1,'2026-02-24 23:39:23',NULL,NULL,NULL),(30,'products.export','Xuất sản phẩm','MASTER_DATA',1,'2026-02-24 23:39:23',NULL,NULL,NULL),(31,'customers.read','Xem khách hàng','CRM',1,'2026-02-24 23:39:23',NULL,NULL,NULL),(32,'customers.write','Thêm/Sửa khách hàng','CRM',1,'2026-02-24 23:39:23',NULL,NULL,NULL),(33,'customers.delete','Xóa khách hàng','CRM',1,'2026-02-24 23:39:23',NULL,NULL,NULL),(34,'customers.import','Nhập khách hàng','CRM',1,'2026-02-24 23:39:23',NULL,NULL,NULL),(35,'customers.export','Xuất khách hàng','CRM',1,'2026-02-24 23:39:23',NULL,NULL,NULL),(36,'customer_personnel.read','Xem đầu mối liên hệ','CRM',1,'2026-02-24 23:39:23',NULL,NULL,NULL),(37,'customer_personnel.write','Thêm/Sửa đầu mối liên hệ','CRM',1,'2026-02-24 23:39:23',NULL,NULL,NULL),(38,'customer_personnel.delete','Xóa đầu mối liên hệ','CRM',1,'2026-02-24 23:39:23',NULL,NULL,NULL),(39,'opportunities.read','Xem cơ hội kinh doanh','CRM',1,'2026-02-24 23:39:23',NULL,NULL,NULL),(40,'opportunities.write','Thêm/Sửa cơ hội kinh doanh','CRM',1,'2026-02-24 23:39:23',NULL,NULL,NULL),(41,'opportunities.delete','Xóa cơ hội kinh doanh','CRM',1,'2026-02-24 23:39:23',NULL,NULL,NULL),(42,'opportunities.import','Nhập cơ hội kinh doanh','CRM',1,'2026-02-24 23:39:23',NULL,NULL,NULL),(43,'opportunities.export','Xuất cơ hội kinh doanh','CRM',1,'2026-02-24 23:39:23',NULL,NULL,NULL),(44,'projects.read','Xem dự án','PROJECT',1,'2026-02-24 23:39:23',NULL,NULL,NULL),(45,'projects.write','Thêm/Sửa dự án','PROJECT',1,'2026-02-24 23:39:23',NULL,NULL,NULL),(46,'projects.delete','Xóa dự án','PROJECT',1,'2026-02-24 23:39:23',NULL,NULL,NULL),(47,'projects.import','Nhập dự án','PROJECT',1,'2026-02-24 23:39:23',NULL,NULL,NULL),(48,'projects.export','Xuất dự án','PROJECT',1,'2026-02-24 23:39:23',NULL,NULL,NULL),(49,'contracts.read','Xem hợp đồng','CONTRACT',1,'2026-02-24 23:39:23',NULL,NULL,NULL),(50,'contracts.write','Thêm/Sửa hợp đồng','CONTRACT',1,'2026-02-24 23:39:23',NULL,NULL,NULL),(51,'contracts.delete','Xóa hợp đồng','CONTRACT',1,'2026-02-24 23:39:23',NULL,NULL,NULL),(52,'contracts.import','Nhập hợp đồng','CONTRACT',1,'2026-02-24 23:39:23',NULL,NULL,NULL),(53,'contracts.export','Xuất hợp đồng','CONTRACT',1,'2026-02-24 23:39:23',NULL,NULL,NULL),(54,'contracts.payments','Quản lý kỳ thanh toán hợp đồng','CONTRACT',1,'2026-02-24 23:39:23',NULL,NULL,NULL),(55,'documents.read','Xem tài liệu','DOCUMENT',1,'2026-02-24 23:39:23',NULL,NULL,NULL),(56,'documents.write','Thêm/Sửa tài liệu','DOCUMENT',1,'2026-02-24 23:39:23',NULL,NULL,NULL),(57,'documents.delete','Xóa tài liệu','DOCUMENT',1,'2026-02-24 23:39:23',NULL,NULL,NULL),(58,'reminders.read','Xem nhắc việc','REMINDER',1,'2026-02-24 23:39:23',NULL,NULL,NULL),(59,'reminders.write','Thêm/Sửa nhắc việc','REMINDER',1,'2026-02-24 23:39:23',NULL,NULL,NULL),(60,'reminders.delete','Xóa nhắc việc','REMINDER',1,'2026-02-24 23:39:23',NULL,NULL,NULL),(61,'audit_logs.read','Xem nhật ký hệ thống','AUDIT',1,'2026-02-24 23:39:23',NULL,NULL,NULL),(62,'support_service_groups.read','Xem nhóm hỗ trợ','SUPPORT',1,'2026-02-24 23:39:23',NULL,NULL,NULL),(63,'support_service_groups.write','Thêm/Sửa nhóm hỗ trợ','SUPPORT',1,'2026-02-24 23:39:23',NULL,NULL,NULL),(64,'support_service_groups.delete','Xóa nhóm hỗ trợ','SUPPORT',1,'2026-02-24 23:39:23',NULL,NULL,NULL),(65,'support_requests.read','Xem yêu cầu hỗ trợ','SUPPORT',1,'2026-02-24 23:39:23',NULL,NULL,NULL),(66,'support_requests.write','Thêm/Sửa yêu cầu hỗ trợ','SUPPORT',1,'2026-02-24 23:39:23',NULL,NULL,NULL),(67,'support_requests.delete','Xóa yêu cầu hỗ trợ','SUPPORT',1,'2026-02-24 23:39:23',NULL,NULL,NULL),(68,'support_requests.import','Nhập yêu cầu hỗ trợ','SUPPORT',1,'2026-02-24 23:39:23',NULL,NULL,NULL),(69,'support_requests.export','Xuất yêu cầu hỗ trợ','SUPPORT',1,'2026-02-24 23:39:23',NULL,NULL,NULL),(70,'support_requests.status','Đổi trạng thái yêu cầu hỗ trợ','SUPPORT',1,'2026-02-24 23:39:23',NULL,NULL,NULL),(71,'support_requests.history','Xem lịch sử yêu cầu hỗ trợ','SUPPORT',1,'2026-02-24 23:39:23',NULL,NULL,NULL),(72,'authz.manage','Quản trị phân quyền người dùng','SYSTEM',1,'2026-02-24 23:57:13',NULL,NULL,NULL),(144,'support_contact_positions.read','Xem danh mục chức vụ liên hệ','Hỗ trợ',1,'2026-03-02 07:09:31',NULL,'2026-03-02 07:09:31',NULL),(145,'support_contact_positions.write','Thêm/Sửa danh mục chức vụ liên hệ','Hỗ trợ',1,'2026-03-02 07:09:31',NULL,'2026-03-02 07:09:31',NULL),(146,'feedback_requests.read','Xem góp ý người dùng','Góp ý',1,'2026-03-17 23:48:47',NULL,'2026-03-17 23:48:47',NULL),(147,'feedback_requests.write','Tạo/Cập nhật góp ý người dùng','Góp ý',1,'2026-03-17 23:48:47',NULL,'2026-03-17 23:48:47',NULL),(148,'feedback_requests.delete','Xóa góp ý người dùng','Góp ý',1,'2026-03-17 23:48:47',NULL,'2026-03-17 23:48:47',NULL),(149,'revenue.read','Xem doanh thu','Doanh thu',1,'2026-03-23 23:33:45',NULL,'2026-03-23 23:33:45',NULL),(150,'revenue.targets','Quản lý kế hoạch doanh thu','Doanh thu',1,'2026-03-23 23:33:45',NULL,'2026-03-23 23:33:45',NULL);
/*!40000 ALTER TABLE `permissions` ENABLE KEYS */;
UNLOCK TABLES;

--
-- Table structure for table `personal_access_tokens`
--

DROP TABLE IF EXISTS `personal_access_tokens`;
/*!40101 SET @saved_cs_client     = @@character_set_client */;
/*!50503 SET character_set_client = utf8mb4 */;
CREATE TABLE `personal_access_tokens` (
  `id` bigint unsigned NOT NULL AUTO_INCREMENT,
  `tokenable_type` varchar(255) CHARACTER SET utf8mb4 COLLATE utf8mb4_unicode_ci NOT NULL,
  `tokenable_id` bigint unsigned NOT NULL,
  `name` text CHARACTER SET utf8mb4 COLLATE utf8mb4_unicode_ci NOT NULL,
  `token` varchar(64) CHARACTER SET utf8mb4 COLLATE utf8mb4_unicode_ci NOT NULL,
  `abilities` text CHARACTER SET utf8mb4 COLLATE utf8mb4_unicode_ci,
  `last_used_at` timestamp NULL DEFAULT NULL,
  `expires_at` timestamp NULL DEFAULT NULL,
  `created_at` timestamp NULL DEFAULT NULL,
  `updated_at` timestamp NULL DEFAULT NULL,
  PRIMARY KEY (`id`),
  UNIQUE KEY `personal_access_tokens_token_unique` (`token`),
  KEY `personal_access_tokens_tokenable_type_tokenable_id_index` (`tokenable_type`,`tokenable_id`),
  KEY `personal_access_tokens_expires_at_index` (`expires_at`),
  KEY `idx_personal_access_tokens_last_used_at` (`last_used_at`)
) ENGINE=InnoDB AUTO_INCREMENT=269 DEFAULT CHARSET=utf8mb4 COLLATE=utf8mb4_unicode_ci;
/*!40101 SET character_set_client = @saved_cs_client */;

--
-- Dumping data for table `personal_access_tokens`
--

LOCK TABLES `personal_access_tokens` WRITE;
/*!40000 ALTER TABLE `personal_access_tokens` DISABLE KEYS */;
INSERT INTO `personal_access_tokens` VALUES (267,'App\\Models\\InternalUser',9,'vnpt_business_access','6b4578fab6fa9cc41e7effd5d8cf4c3835f716080c8b89761042707762637fb2','[\"*\"]','2026-03-24 15:05:38','2026-03-24 15:54:49','2026-03-24 14:54:49','2026-03-24 15:05:38'),(268,'App\\Models\\InternalUser',9,'vnpt_business_refresh','f1ffff0b855151520ee3e15cb5e85466df2a0cfa9ef156fd701aceb5bcfe2cf5','[\"auth.refresh\"]',NULL,'2026-03-31 14:54:49','2026-03-24 14:54:49','2026-03-24 14:54:49');
/*!40000 ALTER TABLE `personal_access_tokens` ENABLE KEYS */;
UNLOCK TABLES;

--
-- Table structure for table `position_default_roles`
--

DROP TABLE IF EXISTS `position_default_roles`;
/*!40101 SET @saved_cs_client     = @@character_set_client */;
/*!50503 SET character_set_client = utf8mb4 */;
CREATE TABLE `position_default_roles` (
  `position_id` bigint unsigned NOT NULL,
  `role_id` bigint unsigned NOT NULL,
  `is_mandatory` tinyint(1) NOT NULL DEFAULT '0',
  `created_at` timestamp NULL DEFAULT CURRENT_TIMESTAMP,
  `created_by` bigint unsigned DEFAULT NULL,
  `updated_at` timestamp NULL DEFAULT NULL ON UPDATE CURRENT_TIMESTAMP,
  `updated_by` bigint unsigned DEFAULT NULL,
  PRIMARY KEY (`position_id`,`role_id`),
  KEY `fk_pdr_role` (`role_id`),
  CONSTRAINT `fk_pdr_pos` FOREIGN KEY (`position_id`) REFERENCES `positions` (`id`) ON DELETE CASCADE,
  CONSTRAINT `fk_pdr_role` FOREIGN KEY (`role_id`) REFERENCES `roles` (`id`) ON DELETE CASCADE
) ENGINE=InnoDB DEFAULT CHARSET=utf8mb4 COLLATE=utf8mb4_unicode_ci COMMENT='Bảng 13: Vai trò mặc định theo chức danh';
/*!40101 SET character_set_client = @saved_cs_client */;

--
-- Dumping data for table `position_default_roles`
--

LOCK TABLES `position_default_roles` WRITE;
/*!40000 ALTER TABLE `position_default_roles` DISABLE KEYS */;
/*!40000 ALTER TABLE `position_default_roles` ENABLE KEYS */;
UNLOCK TABLES;

--
-- Table structure for table `positions`
--

DROP TABLE IF EXISTS `positions`;
/*!40101 SET @saved_cs_client     = @@character_set_client */;
/*!50503 SET character_set_client = utf8mb4 */;
CREATE TABLE `positions` (
  `id` bigint unsigned NOT NULL AUTO_INCREMENT,
  `pos_code` varchar(50) CHARACTER SET utf8mb4 COLLATE utf8mb4_unicode_ci NOT NULL,
  `pos_name` varchar(100) CHARACTER SET utf8mb4 COLLATE utf8mb4_unicode_ci NOT NULL,
  `pos_level` int NOT NULL DEFAULT '1',
  `is_active` tinyint(1) NOT NULL DEFAULT '1',
  `created_at` timestamp NULL DEFAULT CURRENT_TIMESTAMP,
  `created_by` bigint unsigned DEFAULT NULL,
  `updated_at` timestamp NULL DEFAULT NULL ON UPDATE CURRENT_TIMESTAMP,
  `updated_by` bigint unsigned DEFAULT NULL,
  PRIMARY KEY (`id`),
  UNIQUE KEY `pos_code` (`pos_code`)
) ENGINE=InnoDB AUTO_INCREMENT=6 DEFAULT CHARSET=utf8mb4 COLLATE=utf8mb4_unicode_ci COMMENT='Bảng 9: Chức danh nhân sự';
/*!40101 SET character_set_client = @saved_cs_client */;

--
-- Dumping data for table `positions`
--

LOCK TABLES `positions` WRITE;
/*!40000 ALTER TABLE `positions` DISABLE KEYS */;
INSERT INTO `positions` VALUES (1,'GD','Giám đốc',5,1,'2026-02-23 14:17:23',NULL,NULL,NULL),(2,'PGD','Phó Giám đốc',4,1,'2026-02-23 14:17:23',NULL,NULL,NULL),(3,'TP','Trưởng phòng',3,1,'2026-02-23 14:17:23',NULL,NULL,NULL),(4,'PP','Phó phòng',2,1,'2026-02-23 14:17:23',NULL,NULL,NULL),(5,'CV','Chuyên viên',1,1,'2026-02-23 14:17:23',NULL,NULL,NULL);
/*!40000 ALTER TABLE `positions` ENABLE KEYS */;
UNLOCK TABLES;

--
-- Table structure for table `products`
--

DROP TABLE IF EXISTS `products`;
/*!40101 SET @saved_cs_client     = @@character_set_client */;
/*!50503 SET character_set_client = utf8mb4 */;
CREATE TABLE `products` (
  `id` bigint unsigned NOT NULL AUTO_INCREMENT,
  `product_code` varchar(50) CHARACTER SET utf8mb4 COLLATE utf8mb4_unicode_ci NOT NULL,
  `product_name` varchar(255) CHARACTER SET utf8mb4 COLLATE utf8mb4_unicode_ci NOT NULL,
  `package_name` varchar(255) COLLATE utf8mb4_unicode_ci DEFAULT NULL,
  `domain_id` bigint unsigned NOT NULL,
  `vendor_id` bigint unsigned NOT NULL,
  `standard_price` decimal(15,2) DEFAULT '0.00',
  `unit` varchar(50) CHARACTER SET utf8mb4 COLLATE utf8mb4_unicode_ci DEFAULT NULL,
  `created_at` timestamp NULL DEFAULT CURRENT_TIMESTAMP,
  `created_by` bigint unsigned DEFAULT NULL,
  `updated_at` timestamp NULL DEFAULT NULL ON UPDATE CURRENT_TIMESTAMP,
  `updated_by` bigint unsigned DEFAULT NULL,
  `description` text CHARACTER SET utf8mb4 COLLATE utf8mb4_unicode_ci,
  `is_active` tinyint(1) NOT NULL DEFAULT '1',
  `deleted_at` timestamp NULL DEFAULT NULL,
  `service_group` varchar(50) COLLATE utf8mb4_unicode_ci NOT NULL DEFAULT 'GROUP_B',
  PRIMARY KEY (`id`),
  UNIQUE KEY `product_code` (`product_code`),
  KEY `fk_prod_domain` (`domain_id`),
  KEY `fk_prod_vendor` (`vendor_id`),
  KEY `idx_products_deleted_at` (`deleted_at`),
  KEY `products_service_group_index` (`service_group`),
  CONSTRAINT `fk_prod_domain` FOREIGN KEY (`domain_id`) REFERENCES `business_domains` (`id`),
  CONSTRAINT `fk_prod_vendor` FOREIGN KEY (`vendor_id`) REFERENCES `vendors` (`id`)
) ENGINE=InnoDB AUTO_INCREMENT=63 DEFAULT CHARSET=utf8mb4 COLLATE=utf8mb4_unicode_ci COMMENT='Bảng 24: Danh mục sản phẩm/dịch vụ';
/*!40101 SET character_set_client = @saved_cs_client */;

--
-- Dumping data for table `products`
--

LOCK TABLES `products` WRITE;
/*!40000 ALTER TABLE `products` DISABLE KEYS */;
INSERT INTO `products` VALUES (1,'VNPT_HIS3','Phần mềm VNPT HIS L3',NULL,3,1,150000000.00,'Giường bệnh','2026-02-23 08:16:35',NULL,'2026-03-24 08:12:00',9,NULL,1,'2026-03-24 08:12:00','GROUP_B'),(2,'SOC_MONITOR','Dịch vụ giám sát SOC',NULL,3,2,80000000.00,NULL,'2026-02-23 08:16:35',NULL,'2026-03-22 11:11:52',9,NULL,1,'2026-03-22 11:11:52','GROUP_B'),(3,'VNPT_LIS','Phần mềm VNPT LIS',NULL,3,1,550000.00,NULL,'2026-03-02 02:13:04',9,'2026-03-24 08:12:03',9,NULL,1,'2026-03-24 08:12:03','GROUP_B'),(4,'VNPT_RISPACS','Phần mềm VNPT RIS-PACS',NULL,3,1,100000000.00,NULL,'2026-03-02 02:13:04',9,'2026-03-24 08:12:51',9,NULL,1,'2026-03-24 08:12:51','GROUP_B'),(5,'VNPT_EMR','Phần mềm Bệnh án điện tử','Số lượng 100',3,1,535000.00,'Bệnh án','2026-03-02 02:13:05',9,'2026-03-24 08:51:04',9,NULL,1,NULL,'GROUP_B'),(6,'VNPT_HMIS','Phần mềm HMIS',NULL,3,1,990000.00,NULL,'2026-03-02 02:13:05',9,'2026-03-24 08:12:48',9,NULL,1,'2026-03-24 08:12:48','GROUP_B'),(7,'VNPT_HIS2','Phần mềm VNPT HIS L2',NULL,3,1,100000000.00,NULL,'2026-03-02 02:13:05',9,'2026-03-24 08:12:07',9,NULL,1,'2026-03-24 08:12:07','GROUP_B'),(8,'VNPT_HIS4','Phần mềm VNPT HIS 4.0',NULL,3,1,100000000.00,NULL,'2026-03-02 02:13:05',9,'2026-03-24 08:12:21',9,NULL,1,'2026-03-24 08:12:21','GROUP_B'),(9,'VNPT_CKS','Chữ ký số SmartCA',NULL,3,1,10000000000.00,NULL,'2026-03-02 02:13:05',9,'2026-03-24 08:12:11',9,NULL,1,'2026-03-24 08:12:11','GROUP_B'),(10,'SMOKE_SEC_1772626123','Smoke Security Product',NULL,3,1,100000.00,NULL,'2026-03-04 05:08:43',9,'2026-03-04 05:09:10',9,'smoke test',1,'2026-03-04 05:09:10','GROUP_B'),(11,'CKS_BS','Chữ ký số SmartCA',NULL,3,1,30000.00,'Tháng','2026-03-23 13:15:20',9,'2026-03-24 08:12:53',9,NULL,1,'2026-03-24 08:12:53','GROUP_A'),(12,'VNPT-HIS-1','Phần mềm VNPT-HIS','Gói VNPT-HIS-1',3,1,1500000.00,'Gói','2026-03-24 08:38:30',9,'2026-03-24 08:49:41',9,'Gói VNPT-HIS-1',1,'2026-03-24 08:49:41','GROUP_B'),(13,'VNPT-HIS-2','Phần mềm VNPT-HIS','Gói VNPT-HIS-2',3,1,3500000.00,'Gói','2026-03-24 08:38:30',9,'2026-03-24 08:49:48',9,'Gói VNPT-HIS-2',1,'2026-03-24 08:49:48','GROUP_B'),(14,'VNPT-HIS-3','Phần mềm VNPT-HIS','Gói VNPT-HIS-3',3,1,10000000.00,'Gói','2026-03-24 08:38:31',9,'2026-03-24 08:49:43',9,'Gói VNPT-HIS-3',1,'2026-03-24 08:49:43','GROUP_B'),(15,'VNPT-HIS-4','Phần mềm VNPT-HIS','Gói VNPT-HIS-4',3,1,15000000.00,'Gói','2026-03-24 08:38:31',9,'2026-03-24 08:49:46',9,'Gói VNPT-HIS-4',1,'2026-03-24 08:49:46','GROUP_B'),(16,'VNPT-HIS-5','Phần mềm VNPT-HIS','Gói VNPT-HIS-5',3,1,22000000.00,'Gói','2026-03-24 08:38:31',9,'2026-03-24 08:49:51',9,'Gói VNPT-HIS-5',1,'2026-03-24 08:49:51','GROUP_B'),(17,'VNPT-HIS-6','Phần mềm VNPT-HIS','Gói VNPT-HIS-6',3,1,37000000.00,'Gói','2026-03-24 08:38:31',9,'2026-03-24 08:49:53',9,'Gói VNPT-HIS-6',1,'2026-03-24 08:49:53','GROUP_B'),(18,'Gói VNPT-HIS-1','Phần mềm VNPT-HIS','Gói VNPT-HIS-1',3,1,1500000.00,'Gói','2026-03-24 08:51:25',9,'2026-03-24 08:51:25',9,'Đến 10 giường bệnh',1,NULL,'GROUP_B'),(19,'Gói VNPT-HIS-2','Phần mềm VNPT-HIS','Gói VNPT-HIS-2',3,1,3500000.00,'Gói','2026-03-24 08:51:25',9,'2026-03-24 08:51:25',9,'Từ 10 Đến 50 giường bệnh',1,NULL,'GROUP_B'),(20,'Gói VNPT-HIS-3','Phần mềm VNPT-HIS','Gói VNPT-HIS-3',3,1,10000000.00,'Gói','2026-03-24 08:51:25',9,'2026-03-24 08:51:25',9,'Từ 50 Đến 100 giường bệnh',1,NULL,'GROUP_B'),(21,'Gói VNPT-HIS-4','Phần mềm VNPT-HIS','Gói VNPT-HIS-4',3,1,15000000.00,'Gói','2026-03-24 08:51:25',9,'2026-03-24 08:51:25',9,'Từ 100 Đến 200 giường bệnh',1,NULL,'GROUP_B'),(22,'Gói VNPT-HIS-5','Phần mềm VNPT-HIS','Gói VNPT-HIS-5',3,1,22000000.00,'Gói','2026-03-24 08:51:25',9,'2026-03-24 08:51:25',9,'Từ 200 Đến 300 giường bệnh',1,NULL,'GROUP_B'),(23,'Gói VNPT-HIS-6','Phần mềm VNPT-HIS','Gói VNPT-HIS-6',3,1,37000000.00,'Gói','2026-03-24 08:51:25',9,'2026-03-24 08:51:25',9,'Từ 300 Đến 500 giường bệnh',1,NULL,'GROUP_B'),(24,'VNPT HIS KG 01','Phần mềm VNPT-HIS không giường','VNPT HIS KG 01',3,1,600000.00,'CSYT/tháng','2026-03-24 08:51:25',9,'2026-03-24 08:51:25',9,'Số lượng lượt khám tối đa/tháng <1.500 lượt',1,NULL,'GROUP_B'),(25,'VNPT HIS KG 02','Phần mềm VNPT-HIS không giường','VNPT HIS KG 02',3,1,1000000.00,'CSYT/tháng','2026-03-24 08:51:25',9,'2026-03-24 08:51:25',9,'Số lượng lượt khám tối đa/tháng từ 1.500 đến 3.000 lượt',1,NULL,'GROUP_B'),(26,'VNPT HIS KG 03','Phần mềm VNPT-HIS không giường','VNPT HIS KG 03',3,1,1400000.00,'CSYT/tháng','2026-03-24 08:51:26',9,'2026-03-24 08:51:26',9,'Số lượng lượt khám tối đa/tháng từ 3.000 đến 6.000 lượt',1,NULL,'GROUP_B'),(27,'VNPT HIS KG 04','Phần mềm VNPT-HIS không giường','VNPT HIS KG 04',3,1,1800000.00,'CSYT/tháng','2026-03-24 08:51:26',9,'2026-03-24 08:51:26',9,'Số lượng lượt khám tối đa/tháng từ 6.000 đến 9.000 lượt',1,NULL,'GROUP_B'),(28,'VNPT HIS KG 05','Phần mềm VNPT-HIS không giường','VNPT HIS KG 05',3,1,2200000.00,'CSYT/tháng','2026-03-24 08:51:26',9,'2026-03-24 08:51:26',9,'Số lượng lượt khám tối đa/tháng từ 9.000 đến 12.000 lượt',1,NULL,'GROUP_B'),(29,'VNPT HIS KG 06','Phần mềm VNPT-HIS không giường','VNPT HIS KG 06',3,1,2600000.00,'CSYT/tháng','2026-03-24 08:51:26',9,'2026-03-24 08:51:26',9,'Số lượng lượt khám tối đa/tháng từ 12.000 đến 15.000 lượt',1,NULL,'GROUP_B'),(30,'VNPT HIS KG 07','Phần mềm VNPT-HIS không giường','VNPT HIS KG 07',3,1,3000000.00,'CSYT/tháng','2026-03-24 08:51:26',9,'2026-03-24 08:51:26',9,'Số lượng lượt khám tối đa/tháng từ 15.000 đến 18.000 lượt',1,NULL,'GROUP_B'),(31,'Thuê dịch vụ','Phần mềm VNPT-HMIS','Thuê dịch vụ',3,1,313636.00,'CSYT/tháng','2026-03-24 08:51:26',9,'2026-03-24 08:51:26',9,'VNĐ/tháng/CSYT phường, xã',1,NULL,'GROUP_B'),(32,'Mua chọn gói phần mềm','Phần mềm quản lý xét nghiệm VNPT LIS','Mua chọn gói phần mềm',3,1,30000000.00,'Máy','2026-03-24 08:51:26',9,'2026-03-24 08:51:26',9,'Chưa bao gồm hạ tầng máy chủ cài đặt phần mềm',1,NULL,'GROUP_B'),(33,'Số lượng 500','Bệnh án điện tử VNPT EMR','Số lượng 500',3,1,2675000.00,'Bệnh án','2026-03-24 08:51:26',9,'2026-03-24 08:51:26',9,'Lưu hồ sơ 500 bệnh án',1,NULL,'GROUP_B'),(34,'Số lượng 5.000','Bệnh án điện tử VNPT EMR','Số lượng 5.000',3,1,26750000.00,'Bệnh án','2026-03-24 08:51:26',9,'2026-03-24 08:51:26',9,'Lưu hồ sơ 5.000 bệnh án',1,NULL,'GROUP_B'),(35,'Số lượng 10.000','Bệnh án điện tử VNPT EMR','Số lượng 10.000',3,1,53500000.00,'Bệnh án','2026-03-24 08:51:26',9,'2026-03-24 08:51:26',9,'Lưu hồ sơ 10.000 bệnh án',1,NULL,'GROUP_B'),(36,'Số lượng 50.000','Bệnh án điện tử VNPT EMR','Số lượng 50.000',3,1,267500000.00,'Bệnh án','2026-03-24 08:51:26',9,'2026-03-24 08:51:26',9,'Lưu hồ sơ 50.000 bệnh án',1,NULL,'GROUP_B'),(37,'V100','Ứng dụng chăm sóc sức khỏe người dân VnCare','V100',3,1,363636.00,'Lượt đặt lịch','2026-03-24 08:51:26',9,'2026-03-24 08:51:26',9,'Sản lượng tối đa 100 lượt đặt lịch/tháng',1,NULL,'GROUP_B'),(38,'V1000','Ứng dụng chăm sóc sức khỏe người dân VnCare','V1000',3,1,3636364.00,'Lượt đặt lịch','2026-03-24 08:51:26',9,'2026-03-24 08:51:26',9,'Sản lượng tối đa 1.000 lượt đặt lịch/tháng',1,NULL,'GROUP_B'),(39,'Mua thêm 25 lượt đặt lịch','Ứng dụng chăm sóc sức khỏe người dân VnCare','Mua thêm 25 lượt đặt lịch',3,1,90909.00,'Lượt đặt lịch','2026-03-24 08:51:27',9,'2026-03-24 08:51:27',9,'Sản lượng tối đa 25 lượt đặt lịch/ Block',1,NULL,'GROUP_B'),(40,'HSSK 50.000','Phần mềm hồ sơ sức khỏe cá nhân VNPT HSSK','HSSK 50.000',3,1,3600000.00,'Hồ sơ','2026-03-24 08:51:27',9,'2026-03-24 08:51:27',9,'Sản lượng tối đa 50.000 hồ sơ',1,NULL,'GROUP_B'),(41,'HSSK 100.000','Phần mềm hồ sơ sức khỏe cá nhân VNPT HSSK','HSSK 100.000',3,1,7200000.00,'Hồ sơ','2026-03-24 08:51:27',9,'2026-03-24 08:51:27',9,'Sản lượng tối đa 100.000 hồ sơ',1,NULL,'GROUP_B'),(42,'HSSK 200.000','Phần mềm hồ sơ sức khỏe cá nhân VNPT HSSK','HSSK 200.000',3,1,14400000.00,'Hồ sơ','2026-03-24 08:51:27',9,'2026-03-24 08:51:27',9,'Sản lượng tối đa 200.000 hồ sơ',1,NULL,'GROUP_B'),(43,'HSSK 500.000','Phần mềm hồ sơ sức khỏe cá nhân VNPT HSSK','HSSK 500.000',3,1,36000000.00,'Hồ sơ','2026-03-24 08:51:27',9,'2026-03-24 08:51:27',9,'Sản lượng tối đa 500.000 hồ sơ',1,NULL,'GROUP_B'),(44,'HSSK 1.000.000','Phần mềm hồ sơ sức khỏe cá nhân VNPT HSSK','HSSK 1.000.000',3,1,72000000.00,'Hồ sơ','2026-03-24 08:51:27',9,'2026-03-24 08:51:27',9,'Sản lượng tối đa 1.000.000 hồ sơ',1,NULL,'GROUP_B'),(45,'Block 5.000','Phần mềm hồ sơ sức khỏe cá nhân VNPT HSSK','Block 5.000',3,1,360000.00,'Hồ sơ','2026-03-24 08:51:27',9,'2026-03-24 08:51:27',9,'Sản lượng tối đa 5.000 hồ sơ',1,NULL,'GROUP_B'),(46,'Block 10.000','Phần mềm hồ sơ sức khỏe cá nhân VNPT HSSK','Block 10.000',3,1,720000.00,'Hồ sơ','2026-03-24 08:56:06',9,'2026-03-24 08:56:06',9,'Sản lượng tối đa 10.000 hồ sơ',1,NULL,'GROUP_B'),(47,'R_MIN','Hệ thống thông tin chuẩn đoán hình ảnh y khoa VNPT RIS/PACS','R_MIN',3,1,600000.00,'Ca chụp','2026-03-24 08:56:06',9,'2026-03-24 08:56:06',9,'Từ 0 đến 150 ca chụp/tháng',1,NULL,'GROUP_B'),(48,'Ca chụp thứ 151','Hệ thống thông tin chuẩn đoán hình ảnh y khoa VNPT RIS/PACS','Ca chụp thứ 151',3,1,4000.00,'Ca chụp','2026-03-24 08:56:06',9,'2026-03-24 08:56:06',9,'Ca chụp từ 151 trở lên',1,NULL,'GROUP_B'),(49,'P_MIN','Thuê máy chủ ảo lưu hình ảnh DICOM (VNPT CLOUD PACS)','P_MIN',3,1,909091.00,'Ca chụp phát sinh lưu trữ','2026-03-24 08:56:06',9,'2026-03-24 08:56:06',9,'Từ 0 đến 500 ca chụp/tháng',1,NULL,'GROUP_B'),(50,'Ca chụp thứ 501','Thuê máy chủ ảo lưu hình ảnh DICOM (VNPT CLOUD PACS)','Ca chụp thứ 501',3,1,1818.00,'Ca chụp phát sinh lưu trữ','2026-03-24 08:56:06',9,'2026-03-24 08:56:06',9,'Đơn giá áp dụng năm thứ 1',1,NULL,'GROUP_B'),(51,'SmartCA Nhân viên –\nY tế cơ bản 12 tháng','VNPT SmartCA dành cho Bác sỹ/ Cán bộ y tế:','SmartCA Nhân viên –\nY tế cơ bản 12 tháng',9,1,200000.00,'Gói','2026-03-24 08:58:29',9,'2026-03-24 08:58:29',9,'Gói SmartCA nhân viên y tế cơ bản 12 tháng',1,NULL,'GROUP_A'),(52,'SmartCA Nhân viên –\nY tế cơ bản 24 tháng','VNPT SmartCA dành cho Bác sỹ/ Cán bộ y tế:','SmartCA Nhân viên –\nY tế cơ bản 24 tháng',9,1,350000.00,'Gói','2026-03-24 08:58:29',9,'2026-03-24 08:58:29',9,'Gói SmartCA nhân viên y tế cơ bản 24 tháng',1,NULL,'GROUP_A'),(53,'SmartCA Nhân viên –\nY tế cơ bản 36 tháng','VNPT SmartCA dành cho Bác sỹ/ Cán bộ y tế:','SmartCA Nhân viên –\nY tế cơ bản 36 tháng',9,1,500000.00,'Gói','2026-03-24 08:58:29',9,'2026-03-24 08:58:29',9,'Gói SmartCA nhân viên y tế cơ bản 36 tháng',1,NULL,'GROUP_A'),(54,'SmartCA Nhân viên –\nY tế nâng cao 12 tháng','VNPT SmartCA dành cho Bác sỹ/ Cán bộ y tế:','SmartCA Nhân viên –\nY tế nâng cao 12 tháng',9,1,400000.00,'Gói','2026-03-24 08:58:29',9,'2026-03-24 08:58:29',9,'Gói SmartCA nhân viên y tế nâng cao 12 tháng',1,NULL,'GROUP_A'),(55,'SmartCA Nhân viên –\nY tế nâng cao 24 tháng','VNPT SmartCA dành cho Bác sỹ/ Cán bộ y tế','SmartCA Nhân viên –\nY tế nâng cao 24 tháng',9,1,700000.00,'Gói','2026-03-24 08:58:29',9,'2026-03-24 09:05:23',9,'Gói SmartCA nhân viên y tế nâng cao 24 tháng',1,NULL,'GROUP_A'),(56,'SmartCA Nhân viên –\nY tế nâng cao 36 tháng','VNPT SmartCA dành cho Bác sỹ/ Cán bộ y tế:','SmartCA Nhân viên –\nY tế nâng cao 36 tháng',9,1,1000000.00,'Gói','2026-03-24 08:58:29',9,'2026-03-24 08:58:29',9,'Gói SmartCA nhân viên y tế nâng cao 36 tháng',1,NULL,'GROUP_A'),(57,'SmartCA Doanh nghiệp –\nY tế cơ bản 12 tháng','VNPT SmartCA dành cho Bệnh viện/ cơ sở y tế:','SmartCA Doanh nghiệp –\nY tế cơ bản 12 tháng',9,1,1157272.73,'Gói','2026-03-24 08:58:29',9,'2026-03-24 08:58:29',9,'Gói SmartCA Doanh nghiệp y tế cơ bản 12 tháng',1,NULL,'GROUP_A'),(58,'SmartCA Doanh nghiệp –\nY tế cơ bản 24 tháng','VNPT SmartCA dành cho Bệnh viện/ cơ sở y tế:','SmartCA Doanh nghiệp –\nY tế cơ bản 24 tháng',9,1,1990909.09,'Gói','2026-03-24 08:58:29',9,'2026-03-24 08:58:29',9,'Gói SmartCA Doanh nghiệp y tế cơ bản 24 tháng',1,NULL,'GROUP_A'),(59,'SmartCA Doanh nghiệp –\nY tế cơ bản 36 tháng','VNPT SmartCA dành cho Bệnh viện/ cơ sở y tế:','SmartCA Doanh nghiệp –\nY tế cơ bản 36 tháng',9,1,2647272.73,'Gói','2026-03-24 08:58:29',9,'2026-03-24 08:58:29',9,'Gói SmartCA Doanh nghiệp y tế cơ bản 36 tháng',1,NULL,'GROUP_A'),(60,'SmartCA Doanh nghiệp –\nY tế nâng cao 12 tháng','VNPT SmartCA dành cho Bệnh viện/ cơ sở y tế:','SmartCA Doanh nghiệp –\nY tế nâng cao 12 tháng',9,1,3000000.00,'Gói','2026-03-24 08:58:29',9,'2026-03-24 08:58:29',9,'Gói SmartCA Doanh nghiệp y tế nâng cao 12 tháng',1,NULL,'GROUP_A'),(61,'SmartCA Doanh nghiệp –\nY tế nâng cao 24 tháng','VNPT SmartCA dành cho Bệnh viện/ cơ sở y tế:','SmartCA Doanh nghiệp –\nY tế nâng cao 24 tháng',9,1,4800000.00,'Gói','2026-03-24 08:58:29',9,'2026-03-24 08:58:29',9,'Gói SmartCA Doanh nghiệp y tế nâng cao 24 tháng',1,NULL,'GROUP_A'),(62,'SmartCA Doanh nghiệp –\nY tế nâng cao 36 tháng','VNPT SmartCA dành cho Bệnh viện/ cơ sở y tế:','SmartCA Doanh nghiệp –\nY tế nâng cao 36 tháng',9,1,6000000.00,'Gói','2026-03-24 08:58:29',9,'2026-03-24 08:58:29',9,'Gói SmartCA Doanh nghiệp y tế nâng cao 36 tháng',1,NULL,'GROUP_A');
/*!40000 ALTER TABLE `products` ENABLE KEYS */;
UNLOCK TABLES;

--
-- Table structure for table `project_items`
--

DROP TABLE IF EXISTS `project_items`;
/*!40101 SET @saved_cs_client     = @@character_set_client */;
/*!50503 SET character_set_client = utf8mb4 */;
CREATE TABLE `project_items` (
  `id` bigint unsigned NOT NULL AUTO_INCREMENT,
  `project_id` bigint unsigned NOT NULL,
  `product_id` bigint unsigned NOT NULL,
  `quantity` decimal(12,2) DEFAULT '1.00',
  `unit_price` decimal(15,2) DEFAULT '0.00',
  `created_at` timestamp NULL DEFAULT CURRENT_TIMESTAMP,
  `created_by` bigint unsigned DEFAULT NULL,
  `updated_at` timestamp NULL DEFAULT NULL ON UPDATE CURRENT_TIMESTAMP,
  `updated_by` bigint unsigned DEFAULT NULL,
  `deleted_at` timestamp NULL DEFAULT NULL,
  PRIMARY KEY (`id`),
  KEY `fk_item_proj` (`project_id`),
  KEY `fk_item_prod` (`product_id`),
  CONSTRAINT `fk_item_prod` FOREIGN KEY (`product_id`) REFERENCES `products` (`id`),
  CONSTRAINT `fk_item_proj` FOREIGN KEY (`project_id`) REFERENCES `projects` (`id`) ON DELETE CASCADE
) ENGINE=InnoDB AUTO_INCREMENT=151 DEFAULT CHARSET=utf8mb4 COLLATE=utf8mb4_unicode_ci COMMENT='Bảng 29: Hạng mục chi tiết dự án';
/*!40101 SET character_set_client = @saved_cs_client */;

--
-- Dumping data for table `project_items`
--

LOCK TABLES `project_items` WRITE;
/*!40000 ALTER TABLE `project_items` DISABLE KEYS */;
INSERT INTO `project_items` VALUES (1,1,1,1.00,150000000.00,'2026-02-24 01:00:00',NULL,'2026-02-24 01:00:00',NULL,NULL),(2,2,2,1.00,80000000.00,'2026-02-24 01:05:00',NULL,'2026-02-24 01:05:00',NULL,NULL),(4,94,1,1.00,150000000.00,'2026-02-25 08:21:11',NULL,NULL,NULL,NULL),(5,93,1,1.00,150000000.00,'2026-02-25 08:21:11',NULL,NULL,NULL,NULL),(6,92,1,1.00,150000000.00,'2026-02-25 08:21:11',NULL,NULL,NULL,NULL),(7,91,1,1.00,150000000.00,'2026-02-25 08:21:11',NULL,NULL,NULL,NULL),(8,90,1,1.00,150000000.00,'2026-02-25 08:21:11',NULL,NULL,NULL,NULL),(9,89,1,1.00,150000000.00,'2026-02-25 08:21:11',NULL,NULL,NULL,NULL),(10,88,1,1.00,150000000.00,'2026-02-25 08:21:11',NULL,NULL,NULL,NULL),(12,86,1,1.00,150000000.00,'2026-02-25 08:21:11',NULL,NULL,NULL,NULL),(13,85,1,1.00,150000000.00,'2026-02-25 08:21:11',NULL,NULL,NULL,NULL),(15,83,1,1.00,150000000.00,'2026-02-25 08:21:11',NULL,NULL,NULL,NULL),(16,82,1,1.00,150000000.00,'2026-02-25 08:21:11',NULL,NULL,NULL,NULL),(17,81,1,1.00,150000000.00,'2026-02-25 08:21:11',NULL,NULL,NULL,NULL),(18,80,1,1.00,150000000.00,'2026-02-25 08:21:11',NULL,NULL,NULL,NULL),(19,79,1,1.00,150000000.00,'2026-02-25 08:21:11',NULL,NULL,NULL,NULL),(20,78,1,1.00,150000000.00,'2026-02-25 08:21:11',NULL,NULL,NULL,NULL),(21,77,1,1.00,150000000.00,'2026-02-25 08:21:11',NULL,NULL,NULL,NULL),(22,76,1,1.00,150000000.00,'2026-02-25 08:21:11',NULL,NULL,NULL,NULL),(23,75,1,1.00,150000000.00,'2026-02-25 08:21:11',NULL,NULL,NULL,NULL),(24,74,1,1.00,150000000.00,'2026-02-25 08:21:11',NULL,NULL,NULL,NULL),(25,73,1,1.00,150000000.00,'2026-02-25 08:21:11',NULL,NULL,NULL,NULL),(26,72,1,1.00,150000000.00,'2026-02-25 08:21:11',NULL,NULL,NULL,NULL),(27,71,1,1.00,150000000.00,'2026-02-25 08:21:11',NULL,NULL,NULL,NULL),(28,70,1,1.00,150000000.00,'2026-02-25 08:21:11',NULL,NULL,NULL,NULL),(29,69,1,1.00,150000000.00,'2026-02-25 08:21:11',NULL,NULL,NULL,NULL),(30,68,1,1.00,150000000.00,'2026-02-25 08:21:11',NULL,NULL,NULL,NULL),(31,67,1,1.00,150000000.00,'2026-02-25 08:21:11',NULL,NULL,NULL,NULL),(32,66,1,1.00,150000000.00,'2026-02-25 08:21:11',NULL,NULL,NULL,NULL),(33,65,1,1.00,150000000.00,'2026-02-25 08:21:11',NULL,NULL,NULL,NULL),(34,64,1,1.00,150000000.00,'2026-02-25 08:21:11',NULL,NULL,NULL,NULL),(35,63,1,1.00,150000000.00,'2026-02-25 08:21:11',NULL,NULL,NULL,NULL),(36,62,1,1.00,150000000.00,'2026-02-25 08:21:11',NULL,NULL,NULL,NULL),(37,61,1,1.00,150000000.00,'2026-02-25 08:21:11',NULL,NULL,NULL,NULL),(38,60,1,1.00,150000000.00,'2026-02-25 08:21:11',NULL,NULL,NULL,NULL),(39,59,1,1.00,150000000.00,'2026-02-25 08:21:11',NULL,NULL,NULL,NULL),(40,58,1,1.00,150000000.00,'2026-02-25 08:21:11',NULL,NULL,NULL,NULL),(41,57,1,1.00,150000000.00,'2026-02-25 08:21:11',NULL,NULL,NULL,NULL),(42,56,1,1.00,150000000.00,'2026-02-25 08:21:11',NULL,NULL,NULL,NULL),(43,55,1,1.00,150000000.00,'2026-02-25 08:21:11',NULL,NULL,NULL,NULL),(44,54,1,1.00,150000000.00,'2026-02-25 08:21:11',NULL,NULL,NULL,NULL),(45,53,1,1.00,150000000.00,'2026-02-25 08:21:11',NULL,NULL,NULL,NULL),(46,52,1,1.00,150000000.00,'2026-02-25 08:21:11',NULL,NULL,NULL,NULL),(47,51,1,1.00,150000000.00,'2026-02-25 08:21:11',NULL,NULL,NULL,NULL),(48,50,1,1.00,150000000.00,'2026-02-25 08:21:11',NULL,NULL,NULL,NULL),(49,49,1,1.00,150000000.00,'2026-02-25 08:21:11',NULL,NULL,NULL,NULL),(50,48,1,1.00,150000000.00,'2026-02-25 08:21:11',NULL,NULL,NULL,NULL),(51,47,1,1.00,150000000.00,'2026-02-25 08:21:11',NULL,NULL,NULL,NULL),(52,46,1,1.00,150000000.00,'2026-02-25 08:21:11',NULL,NULL,NULL,NULL),(53,45,1,1.00,150000000.00,'2026-02-25 08:21:11',NULL,NULL,NULL,NULL),(54,44,1,1.00,150000000.00,'2026-02-25 08:21:11',NULL,NULL,NULL,NULL),(55,43,1,1.00,150000000.00,'2026-02-25 08:21:11',NULL,NULL,NULL,NULL),(56,42,1,1.00,150000000.00,'2026-02-25 08:21:11',NULL,NULL,NULL,NULL),(57,41,1,1.00,150000000.00,'2026-02-25 08:21:11',NULL,NULL,NULL,NULL),(58,40,1,1.00,150000000.00,'2026-02-25 08:21:11',NULL,NULL,NULL,NULL),(59,39,1,1.00,150000000.00,'2026-02-25 08:21:11',NULL,NULL,NULL,NULL),(60,38,1,1.00,150000000.00,'2026-02-25 08:21:11',NULL,NULL,NULL,NULL),(61,37,1,1.00,150000000.00,'2026-02-25 08:21:11',NULL,NULL,NULL,NULL),(62,36,1,1.00,150000000.00,'2026-02-25 08:21:11',NULL,NULL,NULL,NULL),(63,35,1,1.00,150000000.00,'2026-02-25 08:21:11',NULL,NULL,NULL,NULL),(64,34,1,1.00,150000000.00,'2026-02-25 08:21:11',NULL,NULL,NULL,NULL),(65,33,1,1.00,150000000.00,'2026-02-25 08:21:11',NULL,NULL,NULL,NULL),(66,32,1,1.00,150000000.00,'2026-02-25 08:21:11',NULL,NULL,NULL,NULL),(67,31,1,1.00,150000000.00,'2026-02-25 08:21:11',NULL,NULL,NULL,NULL),(68,30,1,1.00,150000000.00,'2026-02-25 08:21:11',NULL,NULL,NULL,NULL),(69,29,1,1.00,150000000.00,'2026-02-25 08:21:11',NULL,NULL,NULL,NULL),(70,28,1,1.00,150000000.00,'2026-02-25 08:21:11',NULL,NULL,NULL,NULL),(71,27,1,1.00,150000000.00,'2026-02-25 08:21:11',NULL,NULL,NULL,NULL),(72,26,1,1.00,150000000.00,'2026-02-25 08:21:11',NULL,NULL,NULL,NULL),(73,25,1,1.00,150000000.00,'2026-02-25 08:21:11',NULL,NULL,NULL,NULL),(74,24,1,1.00,150000000.00,'2026-02-25 08:21:11',NULL,NULL,NULL,NULL),(75,23,1,1.00,150000000.00,'2026-02-25 08:21:11',NULL,NULL,NULL,NULL),(76,22,1,1.00,150000000.00,'2026-02-25 08:21:11',NULL,NULL,NULL,NULL),(77,21,1,1.00,150000000.00,'2026-02-25 08:21:11',NULL,NULL,NULL,NULL),(78,20,1,1.00,150000000.00,'2026-02-25 08:21:11',NULL,NULL,NULL,NULL),(79,19,1,1.00,150000000.00,'2026-02-25 08:21:11',NULL,NULL,NULL,NULL),(80,18,1,1.00,150000000.00,'2026-02-25 08:21:11',NULL,NULL,NULL,NULL),(81,17,1,1.00,150000000.00,'2026-02-25 08:21:11',NULL,NULL,NULL,NULL),(82,16,1,1.00,150000000.00,'2026-02-25 08:21:11',NULL,NULL,NULL,NULL),(83,15,1,1.00,150000000.00,'2026-02-25 08:21:11',NULL,NULL,NULL,NULL),(84,14,1,1.00,150000000.00,'2026-02-25 08:21:11',NULL,NULL,NULL,NULL),(85,13,1,1.00,150000000.00,'2026-02-25 08:21:11',NULL,NULL,NULL,NULL),(86,12,1,1.00,150000000.00,'2026-02-25 08:21:11',NULL,NULL,NULL,NULL),(87,11,1,1.00,150000000.00,'2026-02-25 08:21:11',NULL,NULL,NULL,NULL),(88,10,1,1.00,150000000.00,'2026-02-25 08:21:11',NULL,NULL,NULL,NULL),(89,9,1,1.00,150000000.00,'2026-02-25 08:21:11',NULL,NULL,NULL,NULL),(90,8,1,1.00,150000000.00,'2026-02-25 08:21:11',NULL,NULL,NULL,NULL),(91,7,1,1.00,150000000.00,'2026-02-25 08:21:11',NULL,NULL,NULL,NULL),(92,6,1,1.00,150000000.00,'2026-02-25 08:21:11',NULL,NULL,NULL,NULL),(93,5,1,1.00,150000000.00,'2026-02-25 08:21:11',NULL,NULL,NULL,NULL),(94,4,1,1.00,150000000.00,'2026-02-25 08:21:11',NULL,NULL,NULL,NULL),(95,3,1,1.00,150000000.00,'2026-02-25 08:21:11',NULL,NULL,NULL,NULL),(97,97,2,1.00,80000000.00,'2026-02-25 08:21:11',NULL,NULL,NULL,NULL),(141,98,1,1.00,150000000.00,'2026-03-06 06:53:06',9,'2026-03-06 06:53:06',9,NULL),(142,95,1,1.00,1500000.00,'2026-03-14 23:29:04',9,'2026-03-14 23:29:04',9,NULL),(143,95,3,10.00,550000.00,'2026-03-14 23:29:04',9,'2026-03-14 23:29:04',9,NULL),(144,96,2,1.00,80000000.00,'2026-03-15 06:17:06',9,'2026-03-15 06:17:06',9,NULL),(145,84,1,1.00,150000000.00,'2026-03-23 23:19:24',9,'2026-03-23 23:19:24',9,NULL),(147,87,1,1.00,150000000.00,'2026-03-23 23:20:24',9,'2026-03-23 23:20:24',9,NULL),(148,87,3,9.00,550000.00,'2026-03-23 23:20:24',9,'2026-03-23 23:20:24',9,NULL),(149,87,4,8.00,100000000.00,'2026-03-23 23:20:24',9,'2026-03-23 23:20:24',9,NULL),(150,87,5,10.00,100000000.00,'2026-03-23 23:20:24',9,'2026-03-23 23:20:24',9,NULL);
/*!40000 ALTER TABLE `project_items` ENABLE KEYS */;
UNLOCK TABLES;

--
-- Table structure for table `project_procedure_raci`
--

DROP TABLE IF EXISTS `project_procedure_raci`;
/*!40101 SET @saved_cs_client     = @@character_set_client */;
/*!50503 SET character_set_client = utf8mb4 */;
CREATE TABLE `project_procedure_raci` (
  `id` bigint unsigned NOT NULL AUTO_INCREMENT,
  `procedure_id` bigint unsigned NOT NULL,
  `user_id` bigint unsigned NOT NULL,
  `raci_role` enum('R','A','C','I') NOT NULL,
  `note` varchar(500) DEFAULT NULL,
  `created_by` bigint unsigned DEFAULT NULL,
  `updated_by` bigint unsigned DEFAULT NULL,
  `created_at` timestamp NULL DEFAULT NULL,
  `updated_at` timestamp NULL DEFAULT NULL,
  PRIMARY KEY (`id`),
  UNIQUE KEY `uq_raci_user_role` (`procedure_id`,`user_id`,`raci_role`),
  KEY `idx_raci_proc` (`procedure_id`),
  KEY `idx_raci_user` (`user_id`),
  KEY `project_procedure_raci_updated_by_foreign` (`updated_by`),
  CONSTRAINT `project_procedure_raci_procedure_id_foreign` FOREIGN KEY (`procedure_id`) REFERENCES `project_procedures` (`id`) ON DELETE CASCADE,
  CONSTRAINT `project_procedure_raci_updated_by_foreign` FOREIGN KEY (`updated_by`) REFERENCES `internal_users` (`id`) ON DELETE SET NULL
) ENGINE=InnoDB AUTO_INCREMENT=14 DEFAULT CHARSET=utf8mb4 COLLATE=utf8mb4_0900_ai_ci;
/*!40101 SET character_set_client = @saved_cs_client */;

--
-- Dumping data for table `project_procedure_raci`
--

LOCK TABLES `project_procedure_raci` WRITE;
/*!40000 ALTER TABLE `project_procedure_raci` DISABLE KEYS */;
INSERT INTO `project_procedure_raci` VALUES (1,3,7,'R',NULL,9,NULL,'2026-03-14 05:10:31','2026-03-14 05:10:31'),(2,3,8,'R',NULL,9,NULL,'2026-03-14 05:15:59','2026-03-14 05:15:59'),(4,3,16,'R',NULL,9,NULL,'2026-03-14 05:16:13','2026-03-14 05:16:13'),(6,3,9,'A',NULL,9,NULL,'2026-03-14 05:16:42','2026-03-14 05:16:42'),(7,3,11,'R',NULL,9,NULL,'2026-03-14 05:16:57','2026-03-14 05:16:57'),(8,3,9,'R',NULL,9,NULL,'2026-03-14 05:17:44','2026-03-14 05:17:44'),(9,4,7,'R',NULL,9,NULL,'2026-03-15 06:43:35','2026-03-15 06:43:35'),(10,4,8,'R',NULL,9,9,'2026-03-17 05:43:23','2026-03-17 05:43:23'),(11,4,10,'R',NULL,9,9,'2026-03-17 05:43:26','2026-03-17 05:43:26'),(12,4,9,'C',NULL,9,9,'2026-03-17 05:43:34','2026-03-17 05:43:34'),(13,4,9,'A',NULL,9,9,'2026-03-18 04:52:39','2026-03-18 04:52:39');
/*!40000 ALTER TABLE `project_procedure_raci` ENABLE KEYS */;
UNLOCK TABLES;

--
-- Table structure for table `project_procedure_step_raci`
--

DROP TABLE IF EXISTS `project_procedure_step_raci`;
/*!40101 SET @saved_cs_client     = @@character_set_client */;
/*!50503 SET character_set_client = utf8mb4 */;
CREATE TABLE `project_procedure_step_raci` (
  `id` bigint unsigned NOT NULL AUTO_INCREMENT,
  `step_id` bigint unsigned NOT NULL,
  `user_id` bigint unsigned NOT NULL,
  `raci_role` enum('R','A','C','I') NOT NULL,
  `created_by` bigint unsigned DEFAULT NULL,
  `created_at` timestamp NULL DEFAULT NULL,
  `updated_at` timestamp NULL DEFAULT NULL,
  PRIMARY KEY (`id`),
  UNIQUE KEY `uq_proc_step_raci_user_role` (`step_id`,`user_id`,`raci_role`),
  KEY `idx_proc_step_raci_step` (`step_id`),
  KEY `idx_proc_step_raci_user` (`user_id`),
  CONSTRAINT `project_procedure_step_raci_step_id_foreign` FOREIGN KEY (`step_id`) REFERENCES `project_procedure_steps` (`id`) ON DELETE CASCADE
) ENGINE=InnoDB AUTO_INCREMENT=369 DEFAULT CHARSET=utf8mb4 COLLATE=utf8mb4_0900_ai_ci;
/*!40101 SET character_set_client = @saved_cs_client */;

--
-- Dumping data for table `project_procedure_step_raci`
--

LOCK TABLES `project_procedure_step_raci` WRITE;
/*!40000 ALTER TABLE `project_procedure_step_raci` DISABLE KEYS */;
INSERT INTO `project_procedure_step_raci` VALUES (2,345,8,'C',9,'2026-03-19 13:28:47','2026-03-19 13:28:47'),(3,345,8,'R',9,'2026-03-19 13:28:51','2026-03-19 13:28:51'),(4,345,10,'R',9,'2026-03-19 13:28:51','2026-03-19 13:28:51'),(5,345,9,'R',9,'2026-03-19 13:28:55','2026-03-19 13:28:55'),(110,362,8,'A',9,'2026-03-19 14:30:48','2026-03-19 14:30:48'),(111,362,7,'R',9,'2026-03-19 14:30:59','2026-03-19 14:30:59'),(112,362,10,'R',9,'2026-03-19 14:31:00','2026-03-19 14:31:00'),(113,362,9,'R',9,'2026-03-19 14:31:02','2026-03-19 14:31:02'),(114,362,9,'C',9,'2026-03-19 14:31:03','2026-03-19 14:31:03'),(115,363,8,'A',9,'2026-03-19 14:31:11','2026-03-19 14:31:11'),(116,363,7,'R',9,'2026-03-19 14:31:11','2026-03-19 14:31:11'),(117,363,10,'R',9,'2026-03-19 14:31:11','2026-03-19 14:31:11'),(118,363,9,'R',9,'2026-03-19 14:31:11','2026-03-19 14:31:11'),(119,363,9,'C',9,'2026-03-19 14:31:11','2026-03-19 14:31:11'),(120,364,8,'A',9,'2026-03-19 14:31:11','2026-03-19 14:31:11'),(121,364,7,'R',9,'2026-03-19 14:31:11','2026-03-19 14:31:11'),(122,364,10,'R',9,'2026-03-19 14:31:11','2026-03-19 14:31:11'),(123,364,9,'R',9,'2026-03-19 14:31:11','2026-03-19 14:31:11'),(124,364,9,'C',9,'2026-03-19 14:31:11','2026-03-19 14:31:11'),(126,368,7,'R',9,'2026-03-19 14:31:11','2026-03-19 14:31:11'),(127,368,10,'R',9,'2026-03-19 14:31:11','2026-03-19 14:31:11'),(128,368,9,'R',9,'2026-03-19 14:31:11','2026-03-19 14:31:11'),(129,368,9,'C',9,'2026-03-19 14:31:11','2026-03-19 14:31:11'),(130,369,8,'A',9,'2026-03-19 14:31:11','2026-03-19 14:31:11'),(131,369,7,'R',9,'2026-03-19 14:31:11','2026-03-19 14:31:11'),(132,369,10,'R',9,'2026-03-19 14:31:11','2026-03-19 14:31:11'),(133,369,9,'R',9,'2026-03-19 14:31:11','2026-03-19 14:31:11'),(134,369,9,'C',9,'2026-03-19 14:31:11','2026-03-19 14:31:11'),(135,370,8,'A',9,'2026-03-19 14:31:11','2026-03-19 14:31:11'),(136,370,7,'R',9,'2026-03-19 14:31:11','2026-03-19 14:31:11'),(137,370,10,'R',9,'2026-03-19 14:31:11','2026-03-19 14:31:11'),(138,370,9,'R',9,'2026-03-19 14:31:11','2026-03-19 14:31:11'),(139,370,9,'C',9,'2026-03-19 14:31:11','2026-03-19 14:31:11'),(140,371,8,'A',9,'2026-03-19 14:31:11','2026-03-19 14:31:11'),(141,371,7,'R',9,'2026-03-19 14:31:11','2026-03-19 14:31:11'),(142,371,10,'R',9,'2026-03-19 14:31:11','2026-03-19 14:31:11'),(143,371,9,'R',9,'2026-03-19 14:31:11','2026-03-19 14:31:11'),(144,371,9,'C',9,'2026-03-19 14:31:11','2026-03-19 14:31:11'),(145,372,8,'A',9,'2026-03-19 14:31:11','2026-03-19 14:31:11'),(146,372,7,'R',9,'2026-03-19 14:31:11','2026-03-19 14:31:11'),(147,372,10,'R',9,'2026-03-19 14:31:11','2026-03-19 14:31:11'),(148,372,9,'R',9,'2026-03-19 14:31:11','2026-03-19 14:31:11'),(149,372,9,'C',9,'2026-03-19 14:31:11','2026-03-19 14:31:11'),(150,373,8,'A',9,'2026-03-19 14:31:11','2026-03-19 14:31:11'),(151,373,7,'R',9,'2026-03-19 14:31:11','2026-03-19 14:31:11'),(152,373,10,'R',9,'2026-03-19 14:31:11','2026-03-19 14:31:11'),(153,373,9,'R',9,'2026-03-19 14:31:11','2026-03-19 14:31:11'),(154,373,9,'C',9,'2026-03-19 14:31:11','2026-03-19 14:31:11'),(155,374,8,'A',9,'2026-03-19 14:31:11','2026-03-19 14:31:11'),(156,374,7,'R',9,'2026-03-19 14:31:11','2026-03-19 14:31:11'),(157,374,10,'R',9,'2026-03-19 14:31:11','2026-03-19 14:31:11'),(158,374,9,'R',9,'2026-03-19 14:31:11','2026-03-19 14:31:11'),(159,374,9,'C',9,'2026-03-19 14:31:11','2026-03-19 14:31:11'),(160,375,8,'A',9,'2026-03-19 14:31:11','2026-03-19 14:31:11'),(161,375,7,'R',9,'2026-03-19 14:31:11','2026-03-19 14:31:11'),(162,375,10,'R',9,'2026-03-19 14:31:11','2026-03-19 14:31:11'),(163,375,9,'R',9,'2026-03-19 14:31:11','2026-03-19 14:31:11'),(164,375,9,'C',9,'2026-03-19 14:31:11','2026-03-19 14:31:11'),(165,376,8,'A',9,'2026-03-19 14:31:11','2026-03-19 14:31:11'),(166,376,7,'R',9,'2026-03-19 14:31:11','2026-03-19 14:31:11'),(167,376,10,'R',9,'2026-03-19 14:31:11','2026-03-19 14:31:11'),(168,376,9,'R',9,'2026-03-19 14:31:11','2026-03-19 14:31:11'),(169,376,9,'C',9,'2026-03-19 14:31:11','2026-03-19 14:31:11'),(170,377,8,'A',9,'2026-03-19 14:31:11','2026-03-19 14:31:11'),(171,377,7,'R',9,'2026-03-19 14:31:11','2026-03-19 14:31:11'),(172,377,10,'R',9,'2026-03-19 14:31:11','2026-03-19 14:31:11'),(173,377,9,'R',9,'2026-03-19 14:31:11','2026-03-19 14:31:11'),(174,377,9,'C',9,'2026-03-19 14:31:11','2026-03-19 14:31:11'),(175,378,8,'A',9,'2026-03-19 14:31:11','2026-03-19 14:31:11'),(176,378,7,'R',9,'2026-03-19 14:31:11','2026-03-19 14:31:11'),(177,378,10,'R',9,'2026-03-19 14:31:11','2026-03-19 14:31:11'),(178,378,9,'R',9,'2026-03-19 14:31:11','2026-03-19 14:31:11'),(179,378,9,'C',9,'2026-03-19 14:31:11','2026-03-19 14:31:11'),(180,379,8,'A',9,'2026-03-19 14:31:11','2026-03-19 14:31:11'),(181,379,7,'R',9,'2026-03-19 14:31:11','2026-03-19 14:31:11'),(182,379,10,'R',9,'2026-03-19 14:31:11','2026-03-19 14:31:11'),(183,379,9,'R',9,'2026-03-19 14:31:11','2026-03-19 14:31:11'),(184,379,9,'C',9,'2026-03-19 14:31:11','2026-03-19 14:31:11'),(185,380,8,'A',9,'2026-03-19 14:31:11','2026-03-19 14:31:11'),(186,380,7,'R',9,'2026-03-19 14:31:11','2026-03-19 14:31:11'),(187,380,10,'R',9,'2026-03-19 14:31:11','2026-03-19 14:31:11'),(188,380,9,'R',9,'2026-03-19 14:31:11','2026-03-19 14:31:11'),(189,380,9,'C',9,'2026-03-19 14:31:11','2026-03-19 14:31:11'),(190,381,8,'A',9,'2026-03-19 14:31:11','2026-03-19 14:31:11'),(191,381,7,'R',9,'2026-03-19 14:31:11','2026-03-19 14:31:11'),(192,381,10,'R',9,'2026-03-19 14:31:11','2026-03-19 14:31:11'),(193,381,9,'R',9,'2026-03-19 14:31:11','2026-03-19 14:31:11'),(194,381,9,'C',9,'2026-03-19 14:31:11','2026-03-19 14:31:11'),(195,382,8,'A',9,'2026-03-19 14:31:11','2026-03-19 14:31:11'),(196,382,7,'R',9,'2026-03-19 14:31:11','2026-03-19 14:31:11'),(197,382,10,'R',9,'2026-03-19 14:31:11','2026-03-19 14:31:11'),(198,382,9,'R',9,'2026-03-19 14:31:11','2026-03-19 14:31:11'),(199,382,9,'C',9,'2026-03-19 14:31:11','2026-03-19 14:31:11'),(200,383,8,'A',9,'2026-03-19 14:31:11','2026-03-19 14:31:11'),(201,383,7,'R',9,'2026-03-19 14:31:11','2026-03-19 14:31:11'),(202,383,10,'R',9,'2026-03-19 14:31:11','2026-03-19 14:31:11'),(203,383,9,'R',9,'2026-03-19 14:31:11','2026-03-19 14:31:11'),(204,383,9,'C',9,'2026-03-19 14:31:11','2026-03-19 14:31:11'),(205,384,8,'A',9,'2026-03-19 14:31:11','2026-03-19 14:31:11'),(206,384,7,'R',9,'2026-03-19 14:31:11','2026-03-19 14:31:11'),(207,384,10,'R',9,'2026-03-19 14:31:11','2026-03-19 14:31:11'),(208,384,9,'R',9,'2026-03-19 14:31:11','2026-03-19 14:31:11'),(209,384,9,'C',9,'2026-03-19 14:31:11','2026-03-19 14:31:11'),(210,385,8,'A',9,'2026-03-19 14:31:11','2026-03-19 14:31:11'),(211,385,7,'R',9,'2026-03-19 14:31:11','2026-03-19 14:31:11'),(212,385,10,'R',9,'2026-03-19 14:31:11','2026-03-19 14:31:11'),(213,385,9,'R',9,'2026-03-19 14:31:11','2026-03-19 14:31:11'),(214,385,9,'C',9,'2026-03-19 14:31:11','2026-03-19 14:31:11'),(215,386,8,'A',9,'2026-03-19 14:31:11','2026-03-19 14:31:11'),(216,386,7,'R',9,'2026-03-19 14:31:11','2026-03-19 14:31:11'),(217,386,10,'R',9,'2026-03-19 14:31:11','2026-03-19 14:31:11'),(218,386,9,'R',9,'2026-03-19 14:31:11','2026-03-19 14:31:11'),(219,386,9,'C',9,'2026-03-19 14:31:11','2026-03-19 14:31:11'),(220,387,8,'A',9,'2026-03-19 14:31:11','2026-03-19 14:31:11'),(221,387,7,'R',9,'2026-03-19 14:31:11','2026-03-19 14:31:11'),(222,387,10,'R',9,'2026-03-19 14:31:11','2026-03-19 14:31:11'),(223,387,9,'R',9,'2026-03-19 14:31:11','2026-03-19 14:31:11'),(224,387,9,'C',9,'2026-03-19 14:31:11','2026-03-19 14:31:11'),(225,388,8,'A',9,'2026-03-19 14:31:11','2026-03-19 14:31:11'),(226,388,7,'R',9,'2026-03-19 14:31:11','2026-03-19 14:31:11'),(227,388,10,'R',9,'2026-03-19 14:31:11','2026-03-19 14:31:11'),(228,388,9,'R',9,'2026-03-19 14:31:11','2026-03-19 14:31:11'),(229,388,9,'C',9,'2026-03-19 14:31:11','2026-03-19 14:31:11'),(230,389,8,'A',9,'2026-03-19 14:31:11','2026-03-19 14:31:11'),(231,389,7,'R',9,'2026-03-19 14:31:11','2026-03-19 14:31:11'),(232,389,10,'R',9,'2026-03-19 14:31:11','2026-03-19 14:31:11'),(233,389,9,'R',9,'2026-03-19 14:31:11','2026-03-19 14:31:11'),(234,389,9,'C',9,'2026-03-19 14:31:11','2026-03-19 14:31:11'),(235,390,8,'A',9,'2026-03-19 14:31:11','2026-03-19 14:31:11'),(236,390,7,'R',9,'2026-03-19 14:31:11','2026-03-19 14:31:11'),(237,390,10,'R',9,'2026-03-19 14:31:11','2026-03-19 14:31:11'),(238,390,9,'R',9,'2026-03-19 14:31:11','2026-03-19 14:31:11'),(239,390,9,'C',9,'2026-03-19 14:31:11','2026-03-19 14:31:11'),(240,391,8,'A',9,'2026-03-19 14:31:11','2026-03-19 14:31:11'),(241,391,7,'R',9,'2026-03-19 14:31:11','2026-03-19 14:31:11'),(242,391,10,'R',9,'2026-03-19 14:31:11','2026-03-19 14:31:11'),(243,391,9,'R',9,'2026-03-19 14:31:11','2026-03-19 14:31:11'),(244,391,9,'C',9,'2026-03-19 14:31:11','2026-03-19 14:31:11'),(245,392,8,'A',9,'2026-03-19 14:31:11','2026-03-19 14:31:11'),(246,392,7,'R',9,'2026-03-19 14:31:11','2026-03-19 14:31:11'),(247,392,10,'R',9,'2026-03-19 14:31:11','2026-03-19 14:31:11'),(248,392,9,'R',9,'2026-03-19 14:31:11','2026-03-19 14:31:11'),(249,392,9,'C',9,'2026-03-19 14:31:11','2026-03-19 14:31:11'),(250,393,8,'A',9,'2026-03-19 14:31:11','2026-03-19 14:31:11'),(251,393,7,'R',9,'2026-03-19 14:31:11','2026-03-19 14:31:11'),(252,393,10,'R',9,'2026-03-19 14:31:11','2026-03-19 14:31:11'),(253,393,9,'R',9,'2026-03-19 14:31:11','2026-03-19 14:31:11'),(254,393,9,'C',9,'2026-03-19 14:31:11','2026-03-19 14:31:11'),(255,394,8,'A',9,'2026-03-19 14:31:11','2026-03-19 14:31:11'),(256,394,7,'R',9,'2026-03-19 14:31:11','2026-03-19 14:31:11'),(257,394,10,'R',9,'2026-03-19 14:31:11','2026-03-19 14:31:11'),(258,394,9,'R',9,'2026-03-19 14:31:11','2026-03-19 14:31:11'),(259,394,9,'C',9,'2026-03-19 14:31:11','2026-03-19 14:31:11'),(260,395,8,'A',9,'2026-03-19 14:31:11','2026-03-19 14:31:11'),(261,395,7,'R',9,'2026-03-19 14:31:11','2026-03-19 14:31:11'),(262,395,10,'R',9,'2026-03-19 14:31:11','2026-03-19 14:31:11'),(263,395,9,'R',9,'2026-03-19 14:31:11','2026-03-19 14:31:11'),(264,395,9,'C',9,'2026-03-19 14:31:11','2026-03-19 14:31:11'),(265,396,8,'A',9,'2026-03-19 14:31:11','2026-03-19 14:31:11'),(266,396,7,'R',9,'2026-03-19 14:31:11','2026-03-19 14:31:11'),(267,396,10,'R',9,'2026-03-19 14:31:11','2026-03-19 14:31:11'),(268,396,9,'R',9,'2026-03-19 14:31:11','2026-03-19 14:31:11'),(269,396,9,'C',9,'2026-03-19 14:31:11','2026-03-19 14:31:11'),(270,368,7,'A',9,'2026-03-19 14:31:51','2026-03-19 14:31:51'),(271,353,7,'A',9,'2026-03-19 14:41:55','2026-03-19 14:41:55'),(272,353,8,'R',9,'2026-03-19 14:42:01','2026-03-19 14:42:01'),(273,353,10,'R',9,'2026-03-19 14:42:02','2026-03-19 14:42:02'),(274,353,9,'R',9,'2026-03-19 14:42:03','2026-03-19 14:42:03'),(277,353,9,'C',9,'2026-03-19 14:42:07','2026-03-19 14:42:07'),(278,354,7,'A',9,'2026-03-19 14:42:16','2026-03-19 14:42:16'),(279,354,8,'R',9,'2026-03-19 14:42:16','2026-03-19 14:42:16'),(280,354,10,'R',9,'2026-03-19 14:42:16','2026-03-19 14:42:16'),(281,354,9,'R',9,'2026-03-19 14:42:16','2026-03-19 14:42:16'),(282,354,9,'C',9,'2026-03-19 14:42:16','2026-03-19 14:42:16'),(283,355,7,'A',9,'2026-03-19 14:42:16','2026-03-19 14:42:16'),(284,355,8,'R',9,'2026-03-19 14:42:16','2026-03-19 14:42:16'),(285,355,10,'R',9,'2026-03-19 14:42:16','2026-03-19 14:42:16'),(286,355,9,'R',9,'2026-03-19 14:42:16','2026-03-19 14:42:16'),(287,355,9,'C',9,'2026-03-19 14:42:16','2026-03-19 14:42:16'),(288,356,7,'A',9,'2026-03-19 14:42:16','2026-03-19 14:42:16'),(289,356,8,'R',9,'2026-03-19 14:42:16','2026-03-19 14:42:16'),(290,356,10,'R',9,'2026-03-19 14:42:16','2026-03-19 14:42:16'),(291,356,9,'R',9,'2026-03-19 14:42:16','2026-03-19 14:42:16'),(292,356,9,'C',9,'2026-03-19 14:42:16','2026-03-19 14:42:16'),(293,357,7,'A',9,'2026-03-19 14:42:16','2026-03-19 14:42:16'),(294,357,8,'R',9,'2026-03-19 14:42:16','2026-03-19 14:42:16'),(295,357,10,'R',9,'2026-03-19 14:42:16','2026-03-19 14:42:16'),(296,357,9,'R',9,'2026-03-19 14:42:16','2026-03-19 14:42:16'),(297,357,9,'C',9,'2026-03-19 14:42:16','2026-03-19 14:42:16'),(298,358,7,'A',9,'2026-03-19 14:42:16','2026-03-19 14:42:16'),(299,358,8,'R',9,'2026-03-19 14:42:16','2026-03-19 14:42:16'),(300,358,10,'R',9,'2026-03-19 14:42:16','2026-03-19 14:42:16'),(301,358,9,'R',9,'2026-03-19 14:42:16','2026-03-19 14:42:16'),(302,358,9,'C',9,'2026-03-19 14:42:16','2026-03-19 14:42:16'),(303,359,7,'A',9,'2026-03-19 14:42:16','2026-03-19 14:42:16'),(304,359,8,'R',9,'2026-03-19 14:42:16','2026-03-19 14:42:16'),(305,359,10,'R',9,'2026-03-19 14:42:16','2026-03-19 14:42:16'),(306,359,9,'R',9,'2026-03-19 14:42:16','2026-03-19 14:42:16'),(307,359,9,'C',9,'2026-03-19 14:42:16','2026-03-19 14:42:16'),(308,360,7,'A',9,'2026-03-19 14:42:16','2026-03-19 14:42:16'),(309,360,8,'R',9,'2026-03-19 14:42:16','2026-03-19 14:42:16'),(310,360,10,'R',9,'2026-03-19 14:42:16','2026-03-19 14:42:16'),(311,360,9,'R',9,'2026-03-19 14:42:16','2026-03-19 14:42:16'),(312,360,9,'C',9,'2026-03-19 14:42:16','2026-03-19 14:42:16'),(313,361,7,'A',9,'2026-03-19 14:42:16','2026-03-19 14:42:16'),(314,361,8,'R',9,'2026-03-19 14:42:16','2026-03-19 14:42:16'),(315,361,10,'R',9,'2026-03-19 14:42:16','2026-03-19 14:42:16'),(316,361,9,'R',9,'2026-03-19 14:42:16','2026-03-19 14:42:16'),(317,361,9,'C',9,'2026-03-19 14:42:16','2026-03-19 14:42:16'),(318,480,7,'A',9,'2026-03-19 14:42:16','2026-03-19 14:42:16'),(319,480,8,'R',9,'2026-03-19 14:42:16','2026-03-19 14:42:16'),(320,480,10,'R',9,'2026-03-19 14:42:16','2026-03-19 14:42:16'),(321,480,9,'R',9,'2026-03-19 14:42:16','2026-03-19 14:42:16'),(322,480,9,'C',9,'2026-03-19 14:42:16','2026-03-19 14:42:16'),(323,345,7,'R',9,'2026-03-23 00:09:30','2026-03-23 00:09:30'),(324,346,8,'R',9,'2026-03-23 00:09:37','2026-03-23 00:09:37'),(325,346,9,'R',9,'2026-03-23 00:09:37','2026-03-23 00:09:37'),(326,346,10,'R',9,'2026-03-23 00:09:37','2026-03-23 00:09:37'),(327,346,8,'C',9,'2026-03-23 00:09:37','2026-03-23 00:09:37'),(328,346,7,'R',9,'2026-03-23 00:09:37','2026-03-23 00:09:37'),(329,347,8,'R',9,'2026-03-23 00:09:37','2026-03-23 00:09:37'),(330,347,9,'R',9,'2026-03-23 00:09:37','2026-03-23 00:09:37'),(331,347,10,'R',9,'2026-03-23 00:09:37','2026-03-23 00:09:37'),(332,347,8,'C',9,'2026-03-23 00:09:37','2026-03-23 00:09:37'),(333,347,7,'R',9,'2026-03-23 00:09:37','2026-03-23 00:09:37'),(334,348,8,'R',9,'2026-03-23 00:09:37','2026-03-23 00:09:37'),(335,348,9,'R',9,'2026-03-23 00:09:37','2026-03-23 00:09:37'),(336,348,10,'R',9,'2026-03-23 00:09:37','2026-03-23 00:09:37'),(337,348,8,'C',9,'2026-03-23 00:09:37','2026-03-23 00:09:37'),(338,348,7,'R',9,'2026-03-23 00:09:37','2026-03-23 00:09:37'),(339,349,8,'R',9,'2026-03-23 00:09:37','2026-03-23 00:09:37'),(340,349,9,'R',9,'2026-03-23 00:09:37','2026-03-23 00:09:37'),(341,349,10,'R',9,'2026-03-23 00:09:37','2026-03-23 00:09:37'),(342,349,8,'C',9,'2026-03-23 00:09:37','2026-03-23 00:09:37'),(343,349,7,'R',9,'2026-03-23 00:09:37','2026-03-23 00:09:37'),(344,350,8,'R',9,'2026-03-23 00:09:37','2026-03-23 00:09:37'),(345,350,9,'R',9,'2026-03-23 00:09:37','2026-03-23 00:09:37'),(346,350,10,'R',9,'2026-03-23 00:09:37','2026-03-23 00:09:37'),(347,350,8,'C',9,'2026-03-23 00:09:37','2026-03-23 00:09:37'),(348,350,7,'R',9,'2026-03-23 00:09:37','2026-03-23 00:09:37'),(349,351,8,'R',9,'2026-03-23 00:09:37','2026-03-23 00:09:37'),(350,351,9,'R',9,'2026-03-23 00:09:37','2026-03-23 00:09:37'),(351,351,10,'R',9,'2026-03-23 00:09:37','2026-03-23 00:09:37'),(352,351,8,'C',9,'2026-03-23 00:09:37','2026-03-23 00:09:37'),(353,351,7,'R',9,'2026-03-23 00:09:37','2026-03-23 00:09:37'),(354,352,8,'R',9,'2026-03-23 00:09:37','2026-03-23 00:09:37'),(355,352,9,'R',9,'2026-03-23 00:09:37','2026-03-23 00:09:37'),(356,352,10,'R',9,'2026-03-23 00:09:37','2026-03-23 00:09:37'),(357,352,8,'C',9,'2026-03-23 00:09:37','2026-03-23 00:09:37'),(358,352,7,'R',9,'2026-03-23 00:09:37','2026-03-23 00:09:37'),(359,479,8,'R',9,'2026-03-23 00:09:37','2026-03-23 00:09:37'),(360,479,9,'R',9,'2026-03-23 00:09:37','2026-03-23 00:09:37'),(361,479,10,'R',9,'2026-03-23 00:09:37','2026-03-23 00:09:37'),(362,479,8,'C',9,'2026-03-23 00:09:37','2026-03-23 00:09:37'),(363,479,7,'R',9,'2026-03-23 00:09:37','2026-03-23 00:09:37'),(364,539,8,'R',9,'2026-03-23 00:09:37','2026-03-23 00:09:37'),(365,539,9,'R',9,'2026-03-23 00:09:37','2026-03-23 00:09:37'),(366,539,10,'R',9,'2026-03-23 00:09:37','2026-03-23 00:09:37'),(367,539,8,'C',9,'2026-03-23 00:09:37','2026-03-23 00:09:37'),(368,539,7,'R',9,'2026-03-23 00:09:37','2026-03-23 00:09:37');
/*!40000 ALTER TABLE `project_procedure_step_raci` ENABLE KEYS */;
UNLOCK TABLES;

--
-- Table structure for table `project_procedure_step_worklogs`
--

DROP TABLE IF EXISTS `project_procedure_step_worklogs`;
/*!40101 SET @saved_cs_client     = @@character_set_client */;
/*!50503 SET character_set_client = utf8mb4 */;
CREATE TABLE `project_procedure_step_worklogs` (
  `id` bigint unsigned NOT NULL AUTO_INCREMENT,
  `step_id` bigint unsigned NOT NULL,
  `procedure_id` bigint unsigned NOT NULL,
  `log_type` enum('STATUS_CHANGE','DOCUMENT_ADDED','NOTE','CUSTOM') NOT NULL DEFAULT 'NOTE',
  `content` text NOT NULL,
  `old_value` varchar(100) DEFAULT NULL,
  `new_value` varchar(100) DEFAULT NULL,
  `created_by` bigint unsigned DEFAULT NULL,
  `created_at` timestamp NULL DEFAULT NULL,
  `updated_at` timestamp NULL DEFAULT NULL,
  PRIMARY KEY (`id`),
  KEY `idx_worklog_step` (`step_id`,`created_at`),
  KEY `idx_worklog_proc` (`procedure_id`,`created_at`),
  CONSTRAINT `project_procedure_step_worklogs_procedure_id_foreign` FOREIGN KEY (`procedure_id`) REFERENCES `project_procedures` (`id`) ON DELETE CASCADE,
  CONSTRAINT `project_procedure_step_worklogs_step_id_foreign` FOREIGN KEY (`step_id`) REFERENCES `project_procedure_steps` (`id`) ON DELETE CASCADE
) ENGINE=InnoDB AUTO_INCREMENT=33 DEFAULT CHARSET=utf8mb4 COLLATE=utf8mb4_0900_ai_ci;
/*!40101 SET character_set_client = @saved_cs_client */;

--
-- Dumping data for table `project_procedure_step_worklogs`
--

LOCK TABLES `project_procedure_step_worklogs` WRITE;
/*!40000 ALTER TABLE `project_procedure_step_worklogs` DISABLE KEYS */;
INSERT INTO `project_procedure_step_worklogs` VALUES (1,79,3,'NOTE','Ngày 12/04/2025, Chưa có nội dung thay đổi',NULL,NULL,9,'2026-03-14 05:18:15','2026-03-14 05:18:15'),(2,79,3,'NOTE','Ngày 12/04/2025, Chưa có nội dung thay đổi',NULL,NULL,9,'2026-03-14 05:18:15','2026-03-14 05:18:15'),(3,80,3,'STATUS_CHANGE','Tiến độ thay đổi: Chưa thực hiện → Đang thực hiện','CHUA_THUC_HIEN','DANG_THUC_HIEN',9,'2026-03-14 05:28:17','2026-03-14 05:28:17'),(4,82,3,'STATUS_CHANGE','Tiến độ thay đổi: Chưa thực hiện → Hoàn thành','CHUA_THUC_HIEN','HOAN_THANH',9,'2026-03-14 05:30:16','2026-03-14 05:30:16'),(5,99,3,'STATUS_CHANGE','Tiến độ thay đổi: Chưa thực hiện → Đang thực hiện','CHUA_THUC_HIEN','DANG_THUC_HIEN',9,'2026-03-14 06:37:40','2026-03-14 06:37:40'),(6,99,3,'STATUS_CHANGE','Tiến độ thay đổi: Đang thực hiện → Hoàn thành','DANG_THUC_HIEN','HOAN_THANH',9,'2026-03-14 06:37:53','2026-03-14 06:37:53'),(7,100,3,'STATUS_CHANGE','Tiến độ thay đổi: Chưa thực hiện → Hoàn thành','CHUA_THUC_HIEN','HOAN_THANH',9,'2026-03-14 06:37:53','2026-03-14 06:37:53'),(8,101,3,'STATUS_CHANGE','Tiến độ thay đổi: Chưa thực hiện → Hoàn thành','CHUA_THUC_HIEN','HOAN_THANH',9,'2026-03-14 06:37:53','2026-03-14 06:37:53'),(9,80,3,'NOTE','Trao đổi liên quan đến việc tư vấn dự án',NULL,NULL,9,'2026-03-16 03:18:38','2026-03-16 03:18:38'),(10,80,3,'NOTE','Chưa giải quyết xong',NULL,NULL,9,'2026-03-16 03:23:20','2026-03-16 03:23:20'),(11,81,3,'NOTE','Trao đổi với CĐT',NULL,NULL,9,'2026-03-16 05:35:49','2026-03-16 05:35:49'),(12,347,4,'NOTE','Phê duyệt chủ trương thực hiện',NULL,NULL,9,'2026-03-16 07:05:13','2026-03-16 07:05:13'),(13,479,4,'CUSTOM','Bước tùy chỉnh được thêm: Trình',NULL,NULL,9,'2026-03-16 07:08:41','2026-03-16 07:08:41'),(14,480,4,'CUSTOM','Bước tùy chỉnh được thêm: Thống nhất phê duyệt hồ sơ báo cáo ktkt',NULL,NULL,9,'2026-03-16 07:22:17','2026-03-16 07:22:17'),(15,345,4,'NOTE','Không lỗi',NULL,NULL,9,'2026-03-17 00:28:17','2026-03-17 00:28:17'),(16,483,8,'STATUS_CHANGE','Tiến độ thay đổi: Chưa thực hiện → Đang thực hiện','CHUA_THUC_HIEN','DANG_THUC_HIEN',9,'2026-03-18 06:08:23','2026-03-18 06:08:23'),(18,479,4,'STATUS_CHANGE','Tiến độ thay đổi: Chưa thực hiện → Hoàn thành','CHUA_THUC_HIEN','HOAN_THANH',9,'2026-03-18 15:52:58','2026-03-18 15:52:58'),(19,347,4,'STATUS_CHANGE','Tiến độ thay đổi: Chưa thực hiện → Đang thực hiện','CHUA_THUC_HIEN','DANG_THUC_HIEN',9,'2026-03-18 15:53:05','2026-03-18 15:53:05'),(20,351,4,'STATUS_CHANGE','Tiến độ thay đổi: Chưa thực hiện → Đang thực hiện','CHUA_THUC_HIEN','DANG_THUC_HIEN',9,'2026-03-18 15:53:05','2026-03-18 15:53:05'),(21,345,4,'NOTE','Diễm An kiểm tra',NULL,NULL,9,'2026-03-19 02:18:40','2026-03-19 02:18:40'),(22,538,4,'CUSTOM','Bước tùy chỉnh được thêm: Thêm bước con phê duyệt dự toán giai đoạn chuẩn bị đầu tư',NULL,NULL,9,'2026-03-19 06:38:32','2026-03-19 06:38:32'),(23,539,4,'CUSTOM','Bước tùy chỉnh được thêm: Bước tự thêm lần 2',NULL,NULL,9,'2026-03-19 06:45:22','2026-03-19 06:45:22'),(26,542,4,'CUSTOM','Bước tùy chỉnh được thêm: 2.1 Báo cáo kết quả thẩm định DXCT',NULL,NULL,9,'2026-03-19 06:46:31','2026-03-19 06:46:31'),(27,345,4,'DOCUMENT_ADDED','Số văn bản: 20/QĐ/UBND',NULL,'20/QĐ/UBND',9,'2026-03-19 08:20:18','2026-03-19 08:20:18'),(28,365,4,'NOTE','Khach hang tu chôi',NULL,NULL,9,'2026-03-19 08:31:38','2026-03-19 08:31:38'),(29,345,4,'STATUS_CHANGE','Tiến độ thay đổi: Chưa thực hiện → Đang thực hiện','CHUA_THUC_HIEN','DANG_THUC_HIEN',9,'2026-03-19 09:30:49','2026-03-19 09:30:49'),(30,543,4,'CUSTOM','Bước tùy chỉnh được thêm: Bổ sung thêm bước thông báo phê duyệt',NULL,NULL,9,'2026-03-19 14:43:23','2026-03-19 14:43:23'),(31,544,4,'CUSTOM','Bước tùy chỉnh được thêm: COn báo cáo kết qả thẩm iddnhj',NULL,NULL,9,'2026-03-24 03:23:01','2026-03-24 03:23:01'),(32,350,4,'NOTE','Qua sơ rkhcn',NULL,NULL,9,'2026-03-24 03:25:27','2026-03-24 03:25:27');
/*!40000 ALTER TABLE `project_procedure_step_worklogs` ENABLE KEYS */;
UNLOCK TABLES;

--
-- Table structure for table `project_procedure_steps`
--

DROP TABLE IF EXISTS `project_procedure_steps`;
/*!40101 SET @saved_cs_client     = @@character_set_client */;
/*!50503 SET character_set_client = utf8mb4 */;
CREATE TABLE `project_procedure_steps` (
  `id` bigint unsigned NOT NULL AUTO_INCREMENT,
  `procedure_id` bigint unsigned NOT NULL,
  `template_step_id` bigint unsigned DEFAULT NULL,
  `step_number` int NOT NULL,
  `parent_step_id` bigint unsigned DEFAULT NULL,
  `phase` varchar(100) DEFAULT NULL,
  `phase_label` varchar(255) DEFAULT NULL COMMENT 'Tên giai đoạn tuỳ chỉnh theo dự án; fallback về PHASE_LABELS ở FE nếu null',
  `step_name` varchar(500) NOT NULL,
  `step_detail` text,
  `lead_unit` varchar(500) DEFAULT NULL,
  `support_unit` varchar(500) DEFAULT NULL,
  `expected_result` text,
  `duration_days` int DEFAULT '0',
  `progress_status` enum('CHUA_THUC_HIEN','DANG_THUC_HIEN','HOAN_THANH') NOT NULL DEFAULT 'CHUA_THUC_HIEN',
  `document_number` varchar(255) DEFAULT NULL,
  `document_date` date DEFAULT NULL,
  `actual_start_date` date DEFAULT NULL,
  `actual_end_date` date DEFAULT NULL,
  `step_notes` text,
  `sort_order` int NOT NULL DEFAULT '0',
  `updated_by` bigint unsigned DEFAULT NULL,
  `created_by` bigint unsigned DEFAULT NULL,
  `created_at` timestamp NULL DEFAULT NULL,
  `updated_at` timestamp NULL DEFAULT NULL,
  PRIMARY KEY (`id`),
  KEY `project_procedure_steps_template_step_id_foreign` (`template_step_id`),
  KEY `project_procedure_steps_parent_step_id_foreign` (`parent_step_id`),
  KEY `idx_procedure_sort` (`procedure_id`,`sort_order`),
  KEY `idx_progress` (`procedure_id`,`progress_status`),
  CONSTRAINT `project_procedure_steps_parent_step_id_foreign` FOREIGN KEY (`parent_step_id`) REFERENCES `project_procedure_steps` (`id`) ON DELETE SET NULL,
  CONSTRAINT `project_procedure_steps_procedure_id_foreign` FOREIGN KEY (`procedure_id`) REFERENCES `project_procedures` (`id`) ON DELETE CASCADE,
  CONSTRAINT `project_procedure_steps_template_step_id_foreign` FOREIGN KEY (`template_step_id`) REFERENCES `project_procedure_template_steps` (`id`) ON DELETE SET NULL
) ENGINE=InnoDB AUTO_INCREMENT=545 DEFAULT CHARSET=utf8mb4 COLLATE=utf8mb4_0900_ai_ci;
/*!40101 SET character_set_client = @saved_cs_client */;

--
-- Dumping data for table `project_procedure_steps`
--

LOCK TABLES `project_procedure_steps` WRITE;
/*!40000 ALTER TABLE `project_procedure_steps` DISABLE KEYS */;
INSERT INTO `project_procedure_steps` VALUES (1,1,56,1,NULL,'CHUAN_BI_KH_THUE',NULL,'Trình xin chủ trương thực hiện kế hoạch thuê',NULL,'Sở Tài chính',NULL,'Tờ trình',0,'CHUA_THUC_HIEN',NULL,NULL,NULL,NULL,NULL,1,NULL,NULL,'2026-03-14 03:50:58','2026-03-18 15:38:19'),(2,1,57,1,1,'CHUAN_BI_KH_THUE',NULL,'Phê duyệt chủ trương thực hiện kế hoạch thuê',NULL,'UBND Tỉnh Hậu Giang',NULL,'Quyết định/Văn bản chấp thuận chủ trương',0,'CHUA_THUC_HIEN',NULL,NULL,NULL,NULL,NULL,2,NULL,NULL,'2026-03-14 03:50:58','2026-03-14 03:50:58'),(3,1,58,2,NULL,'CHUAN_BI_KH_THUE',NULL,'Lập dự toán giai đoạn chuẩn bị đầu tư',NULL,'Chủ đầu tư',NULL,'Dự toán giai đoạn chuẩn bị đầu tư',5,'CHUA_THUC_HIEN',NULL,NULL,NULL,NULL,NULL,3,NULL,NULL,'2026-03-14 03:50:58','2026-03-14 03:50:58'),(4,1,59,3,NULL,'CHUAN_BI_KH_THUE',NULL,'Phê duyệt dự toán giai đoạn chuẩn bị đầu tư',NULL,'Chủ đầu tư',NULL,'Quyết định phê duyệt dự toán - giai đoạn chuẩn bị đầu tư',1,'CHUA_THUC_HIEN',NULL,NULL,NULL,NULL,NULL,4,NULL,NULL,'2026-03-14 03:50:58','2026-03-14 03:50:58'),(5,1,60,4,NULL,'CHUAN_BI_KH_THUE',NULL,'Lập kế hoạch lựa chọn nhà thầu giai đoạn chuẩn bị đầu tư',NULL,'Chủ đầu tư',NULL,'Kế hoạch lựa chọn nhà thầu - giai đoạn chuẩn bị đầu tư',5,'CHUA_THUC_HIEN',NULL,NULL,NULL,NULL,NULL,5,NULL,NULL,'2026-03-14 03:50:58','2026-03-14 03:50:58'),(6,1,61,5,NULL,'CHUAN_BI_KH_THUE',NULL,'Phê duyệt kế hoạch lựa chọn nhà thầu giai đoạn chuẩn bị đầu tư',NULL,'Chủ đầu tư',NULL,'Quyết định phê duyệt KHLCNT - giai đoạn chuẩn bị đầu tư',2,'CHUA_THUC_HIEN',NULL,NULL,NULL,NULL,NULL,6,NULL,NULL,'2026-03-14 03:50:58','2026-03-14 03:50:58'),(7,1,62,6,NULL,'CHUAN_BI_KH_THUE',NULL,'Chọn lựa nhà thầu tư vấn lập kế hoạch thuê, thẩm định giá, tư vấn thẩm tra kế hoạch thuê',NULL,'Chủ đầu tư','Các đơn vị tư vấn','Biên bản thương thảo; Quyết định chỉ định thầu; Các hợp đồng tư vấn',3,'CHUA_THUC_HIEN',NULL,NULL,NULL,NULL,NULL,7,NULL,NULL,'2026-03-14 03:50:58','2026-03-14 03:50:58'),(8,1,63,7,NULL,'CHUAN_BI_KH_THUE',NULL,'Lập kế hoạch thuê',NULL,'Đơn vị tư vấn','Chủ đầu tư','Hồ sơ kế hoạch thuê',10,'CHUA_THUC_HIEN',NULL,NULL,NULL,NULL,NULL,8,NULL,NULL,'2026-03-14 03:50:58','2026-03-14 03:50:58'),(9,1,64,8,NULL,'CHUAN_BI_KH_THUE',NULL,'Thẩm định giá',NULL,'Thẩm định giá','Chủ đầu tư','Chứng thư thẩm định giá',2,'CHUA_THUC_HIEN',NULL,NULL,NULL,NULL,NULL,9,NULL,NULL,'2026-03-14 03:50:58','2026-03-14 03:50:58'),(10,1,65,9,NULL,'CHUAN_BI_KH_THUE',NULL,'Thẩm định công nghệ kế hoạch thuê',NULL,'Sở thông tin và TT và Sở tài chính','Chủ đầu tư',NULL,2,'CHUA_THUC_HIEN',NULL,NULL,NULL,NULL,NULL,10,NULL,NULL,'2026-03-14 03:50:58','2026-03-14 03:50:58'),(11,1,66,9,10,'CHUAN_BI_KH_THUE',NULL,'Thẩm tra kế hoạch thuê',NULL,'Đơn vị tư vấn thẩm tra','Chủ đầu tư','Báo cáo thẩm tra kế hoạch thuê',0,'CHUA_THUC_HIEN',NULL,NULL,NULL,NULL,NULL,11,NULL,NULL,'2026-03-14 03:50:58','2026-03-14 03:50:58'),(12,1,67,9,10,'CHUAN_BI_KH_THUE',NULL,'Thẩm định công nghệ kế hoạch thuê (lần 2)',NULL,'Đơn vị đầu mối về CNTT',NULL,NULL,0,'CHUA_THUC_HIEN',NULL,NULL,NULL,NULL,NULL,12,NULL,NULL,'2026-03-14 03:50:58','2026-03-14 03:50:58'),(13,1,68,10,NULL,'CHUAN_BI_KH_THUE',NULL,'Trình phê duyệt Hồ sơ kế hoạch thuê',NULL,'Chủ đầu tư','Đơn vị tư vấn','Hồ sơ kế hoạch thuê - hoàn chỉnh',3,'CHUA_THUC_HIEN',NULL,NULL,NULL,NULL,NULL,13,NULL,NULL,'2026-03-14 03:50:58','2026-03-14 03:50:58'),(14,1,69,11,NULL,'CHUAN_BI_KH_THUE',NULL,'Phê duyệt Hồ sơ kế hoạch thuê',NULL,'Cơ quan có thẩm quyền','Chủ đầu tư','Quyết định phê duyệt Hồ sơ kế hoạch thuê',0,'CHUA_THUC_HIEN',NULL,NULL,NULL,NULL,NULL,14,NULL,NULL,'2026-03-14 03:50:58','2026-03-14 03:50:58'),(15,1,70,12,NULL,'THUC_HIEN_DAU_TU',NULL,'Lập kế hoạch lựa chọn nhà thầu',NULL,'Chủ đầu tư',NULL,'Tờ trình phê duyệt KHLCNT giai đoạn thực hiện đầu tư',0,'CHUA_THUC_HIEN',NULL,NULL,NULL,NULL,NULL,15,NULL,NULL,'2026-03-14 03:50:58','2026-03-14 03:50:58'),(16,1,71,13,NULL,'THUC_HIEN_DAU_TU',NULL,'Phê duyệt kế hoạch lựa chọn nhà thầu',NULL,'Cơ quan có thẩm quyền','Chủ đầu tư','QĐ phê duyệt kế hoạch lựa chọn nhà thầu',3,'CHUA_THUC_HIEN',NULL,NULL,NULL,NULL,NULL,16,NULL,NULL,'2026-03-14 03:50:58','2026-03-14 03:50:58'),(17,1,72,14,NULL,'THUC_HIEN_DAU_TU',NULL,'Chọn lựa nhà thầu tư vấn QLDA, đấu thầu, tư vấn thẩm định HSMT-KQLCNT',NULL,'Chủ đầu tư','Các đơn vị tư vấn','Biên bản thương thảo; Quyết định chỉ định; Các hợp đồng tư vấn',1,'CHUA_THUC_HIEN',NULL,NULL,NULL,NULL,NULL,17,NULL,NULL,'2026-03-14 03:50:58','2026-03-14 03:50:58'),(18,1,73,14,17,'THUC_HIEN_DAU_TU',NULL,'Thương thảo',NULL,'Chủ đầu tư','Các đơn vị tư vấn',NULL,0,'CHUA_THUC_HIEN',NULL,NULL,NULL,NULL,NULL,18,NULL,NULL,'2026-03-14 03:50:58','2026-03-14 03:50:58'),(19,1,74,14,17,'THUC_HIEN_DAU_TU',NULL,'QĐ chỉ định thầu',NULL,'Chủ đầu tư','Các đơn vị tư vấn',NULL,0,'CHUA_THUC_HIEN',NULL,NULL,NULL,NULL,NULL,19,NULL,NULL,'2026-03-14 03:50:58','2026-03-14 03:50:58'),(20,1,75,14,17,'THUC_HIEN_DAU_TU',NULL,'Hợp đồng',NULL,'Chủ đầu tư','Các đơn vị tư vấn',NULL,0,'CHUA_THUC_HIEN',NULL,NULL,NULL,NULL,NULL,20,NULL,NULL,'2026-03-14 03:50:58','2026-03-14 03:50:58'),(21,1,76,15,NULL,'THUC_HIEN_DAU_TU',NULL,'Tổ chức lập E-HSMT cho gói thầu thuê (Gói phi tư vấn)',NULL,'Đơn vị tư vấn','Chủ đầu tư','E-HSMT (Phi tư vấn, 1 giai đoạn 2 túi hồ sơ)',5,'CHUA_THUC_HIEN',NULL,NULL,NULL,NULL,NULL,21,NULL,NULL,'2026-03-14 03:50:58','2026-03-14 03:50:58'),(22,1,77,16,NULL,'THUC_HIEN_DAU_TU',NULL,'Tổ chức thẩm định E-HSMT',NULL,'Đơn vị tư vấn thẩm định',NULL,'Báo cáo thẩm định',1,'CHUA_THUC_HIEN',NULL,NULL,NULL,NULL,NULL,22,NULL,NULL,'2026-03-14 03:50:58','2026-03-14 03:50:58'),(23,1,78,17,NULL,'THUC_HIEN_DAU_TU',NULL,'Phê duyệt E-HSMT',NULL,'Chủ đầu tư',NULL,'Quyết định phê duyệt E-HSMT; E-HSMT chính thức',0,'CHUA_THUC_HIEN',NULL,NULL,NULL,NULL,NULL,23,NULL,NULL,'2026-03-14 03:50:58','2026-03-14 03:50:58'),(24,1,79,19,NULL,'THUC_HIEN_DAU_TU',NULL,'Phát hành E-HSMT',NULL,'Chủ đầu tư',NULL,'E-HSMT',7,'CHUA_THUC_HIEN',NULL,NULL,NULL,NULL,NULL,24,NULL,NULL,'2026-03-14 03:50:58','2026-03-14 03:50:58'),(25,1,80,20,NULL,'THUC_HIEN_DAU_TU',NULL,'Đóng/mở thầu',NULL,'Đơn vị tư vấn, nhà thầu','Chủ đầu tư','Biên bản đóng/mở thầu',0,'CHUA_THUC_HIEN',NULL,NULL,NULL,NULL,NULL,25,NULL,NULL,'2026-03-14 03:50:58','2026-03-14 03:50:58'),(26,1,81,21,NULL,'THUC_HIEN_DAU_TU',NULL,'Đánh giá E-HSDT',NULL,'Đơn vị tư vấn',NULL,'Báo cáo đánh giá E-HSDT',3,'CHUA_THUC_HIEN',NULL,NULL,NULL,NULL,NULL,26,NULL,NULL,'2026-03-14 03:50:58','2026-03-14 03:50:58'),(27,1,82,22,NULL,'THUC_HIEN_DAU_TU',NULL,'Bàn giao Báo cáo Đánh giá E-HSDT',NULL,'Đơn vị tư vấn','Chủ đầu tư','Báo cáo Đánh giá E-HSDT, các QĐ, công văn, tờ trình',0,'CHUA_THUC_HIEN',NULL,NULL,NULL,NULL,NULL,27,NULL,NULL,'2026-03-14 03:50:58','2026-03-14 03:50:58'),(28,1,83,23,NULL,'THUC_HIEN_DAU_TU',NULL,'Phê duyệt danh sách xếp hạng nhà thầu',NULL,'Chủ đầu tư',NULL,'Quyết định phê duyệt danh sách xếp hạng nhà thầu',0,'CHUA_THUC_HIEN',NULL,NULL,NULL,NULL,NULL,28,NULL,NULL,'2026-03-14 03:50:58','2026-03-14 03:50:58'),(29,1,84,24,NULL,'THUC_HIEN_DAU_TU',NULL,'Mời thương thảo',NULL,'Chủ đầu tư','Nhà thầu',NULL,0,'CHUA_THUC_HIEN',NULL,NULL,NULL,NULL,NULL,29,NULL,NULL,'2026-03-14 03:50:58','2026-03-14 03:50:58'),(30,1,85,25,NULL,'THUC_HIEN_DAU_TU',NULL,'Thương thảo hợp đồng',NULL,'Chủ đầu tư, Nhà thầu đạt',NULL,NULL,1,'CHUA_THUC_HIEN',NULL,NULL,NULL,NULL,NULL,30,NULL,NULL,'2026-03-14 03:50:58','2026-03-14 03:50:58'),(31,1,86,26,NULL,'THUC_HIEN_DAU_TU',NULL,'Bàn giao BC đánh giá E-HSDT và BB thương thảo',NULL,'Chủ đầu tư','Đơn vị tư vấn thẩm định thầu',NULL,0,'CHUA_THUC_HIEN',NULL,NULL,NULL,NULL,NULL,31,NULL,NULL,'2026-03-14 03:50:58','2026-03-14 03:50:58'),(32,1,87,27,NULL,'THUC_HIEN_DAU_TU',NULL,'Tổ chức thẩm định kết quả lựa chọn nhà thầu',NULL,'Đơn vị tư vấn thẩm định thầu',NULL,'Báo cáo thẩm định kết quả lựa chọn nhà thầu',2,'CHUA_THUC_HIEN',NULL,NULL,NULL,NULL,NULL,32,NULL,NULL,'2026-03-14 03:50:58','2026-03-14 03:50:58'),(33,1,88,28,NULL,'THUC_HIEN_DAU_TU',NULL,'Phê duyệt kết quả lựa chọn nhà thầu',NULL,'Chủ đầu tư','Đơn vị tư vấn','Quyết định phê duyệt kết quả lựa chọn nhà thầu',1,'CHUA_THUC_HIEN',NULL,NULL,NULL,NULL,NULL,33,NULL,NULL,'2026-03-14 03:50:58','2026-03-14 03:50:58'),(34,1,89,29,NULL,'THUC_HIEN_DAU_TU',NULL,'Thông báo',NULL,'Chủ đầu tư','Đơn vị tư vấn',NULL,0,'CHUA_THUC_HIEN',NULL,NULL,NULL,NULL,NULL,34,NULL,NULL,'2026-03-14 03:50:58','2026-03-14 03:50:58'),(35,1,90,30,NULL,'THUC_HIEN_DAU_TU',NULL,'Đăng tải KQLCNT',NULL,'Chủ đầu tư','Đơn vị tư vấn',NULL,0,'CHUA_THUC_HIEN',NULL,NULL,NULL,NULL,NULL,35,NULL,NULL,'2026-03-14 03:50:58','2026-03-14 03:50:58'),(36,1,91,31,NULL,'THUC_HIEN_DAU_TU',NULL,'Thương thảo hoàn thiện hợp đồng, ký kết hợp đồng và tổ chức triển khai',NULL,'Chủ đầu tư, Nhà thầu đạt','Đơn vị tư vấn','Hợp đồng',1,'CHUA_THUC_HIEN',NULL,NULL,NULL,NULL,NULL,36,NULL,NULL,'2026-03-14 03:50:58','2026-03-14 03:50:58'),(37,1,92,32,NULL,'THUC_HIEN_DAU_TU',NULL,'Triển khai hợp đồng',NULL,'Chủ đầu tư, Nhà thầu, Đơn vị tư vấn','Đơn vị tư vấn','Nhật ký cho thuê',3,'CHUA_THUC_HIEN',NULL,NULL,NULL,NULL,NULL,37,NULL,NULL,'2026-03-14 03:50:58','2026-03-14 03:50:58'),(38,1,93,33,NULL,'THUC_HIEN_DAU_TU',NULL,'Giám sát (nếu có)',NULL,'Chủ đầu tư, Nhà thầu, Đơn vị tư vấn','Đơn vị tư vấn','Báo cáo giám sát, nhật ký giám sát',3,'CHUA_THUC_HIEN',NULL,NULL,NULL,NULL,NULL,38,NULL,NULL,'2026-03-14 03:50:58','2026-03-14 03:50:58'),(39,1,94,34,NULL,'KET_THUC_DAU_TU',NULL,'Nghiệm thu khởi tạo dịch vụ - Bắt đầu tính thời gian thuê',NULL,'Chủ đầu tư, Nhà thầu, Đơn vị tư vấn','Đơn vị tư vấn','Hồ sơ nghiệm thu và bàn giao',1,'CHUA_THUC_HIEN',NULL,NULL,NULL,NULL,NULL,39,NULL,NULL,'2026-03-14 03:50:58','2026-03-14 03:50:58'),(40,2,56,1,NULL,'CHUAN_BI_KH_THUE',NULL,'Trình xin chủ trương thực hiện kế hoạch thuê',NULL,'Sở Tài chính',NULL,'Tờ trình',0,'CHUA_THUC_HIEN',NULL,NULL,NULL,NULL,NULL,1,NULL,NULL,'2026-03-14 03:52:54','2026-03-14 03:52:54'),(41,2,57,1,40,'CHUAN_BI_KH_THUE',NULL,'Phê duyệt chủ trương thực hiện kế hoạch thuê',NULL,'UBND Tỉnh Hậu Giang',NULL,'Quyết định/Văn bản chấp thuận chủ trương',0,'CHUA_THUC_HIEN',NULL,NULL,NULL,NULL,NULL,2,NULL,NULL,'2026-03-14 03:52:54','2026-03-14 03:52:54'),(42,2,58,2,NULL,'CHUAN_BI_KH_THUE',NULL,'Lập dự toán giai đoạn chuẩn bị đầu tư',NULL,'Chủ đầu tư',NULL,'Dự toán giai đoạn chuẩn bị đầu tư',5,'CHUA_THUC_HIEN',NULL,NULL,NULL,NULL,NULL,3,NULL,NULL,'2026-03-14 03:52:54','2026-03-14 03:52:54'),(43,2,59,3,NULL,'CHUAN_BI_KH_THUE',NULL,'Phê duyệt dự toán giai đoạn chuẩn bị đầu tư',NULL,'Chủ đầu tư',NULL,'Quyết định phê duyệt dự toán - giai đoạn chuẩn bị đầu tư',1,'CHUA_THUC_HIEN',NULL,NULL,NULL,NULL,NULL,4,NULL,NULL,'2026-03-14 03:52:54','2026-03-14 03:52:54'),(44,2,60,4,NULL,'CHUAN_BI_KH_THUE',NULL,'Lập kế hoạch lựa chọn nhà thầu giai đoạn chuẩn bị đầu tư',NULL,'Chủ đầu tư',NULL,'Kế hoạch lựa chọn nhà thầu - giai đoạn chuẩn bị đầu tư',5,'CHUA_THUC_HIEN',NULL,NULL,NULL,NULL,NULL,5,NULL,NULL,'2026-03-14 03:52:54','2026-03-14 03:52:54'),(45,2,61,5,NULL,'CHUAN_BI_KH_THUE',NULL,'Phê duyệt kế hoạch lựa chọn nhà thầu giai đoạn chuẩn bị đầu tư',NULL,'Chủ đầu tư',NULL,'Quyết định phê duyệt KHLCNT - giai đoạn chuẩn bị đầu tư',2,'CHUA_THUC_HIEN',NULL,NULL,NULL,NULL,NULL,6,NULL,NULL,'2026-03-14 03:52:54','2026-03-14 03:52:54'),(46,2,62,6,NULL,'CHUAN_BI_KH_THUE',NULL,'Chọn lựa nhà thầu tư vấn lập kế hoạch thuê, thẩm định giá, tư vấn thẩm tra kế hoạch thuê',NULL,'Chủ đầu tư','Các đơn vị tư vấn','Biên bản thương thảo; Quyết định chỉ định thầu; Các hợp đồng tư vấn',3,'CHUA_THUC_HIEN',NULL,NULL,NULL,NULL,NULL,7,NULL,NULL,'2026-03-14 03:52:54','2026-03-14 03:52:54'),(47,2,63,7,NULL,'CHUAN_BI_KH_THUE',NULL,'Lập kế hoạch thuê',NULL,'Đơn vị tư vấn','Chủ đầu tư','Hồ sơ kế hoạch thuê',10,'CHUA_THUC_HIEN',NULL,NULL,NULL,NULL,NULL,8,NULL,NULL,'2026-03-14 03:52:54','2026-03-14 03:52:54'),(48,2,64,8,NULL,'CHUAN_BI_KH_THUE',NULL,'Thẩm định giá',NULL,'Thẩm định giá','Chủ đầu tư','Chứng thư thẩm định giá',2,'CHUA_THUC_HIEN',NULL,NULL,NULL,NULL,NULL,9,NULL,NULL,'2026-03-14 03:52:54','2026-03-14 03:52:54'),(49,2,65,9,NULL,'CHUAN_BI_KH_THUE',NULL,'Thẩm định công nghệ kế hoạch thuê',NULL,'Sở thông tin và TT và Sở tài chính','Chủ đầu tư',NULL,2,'CHUA_THUC_HIEN',NULL,NULL,NULL,NULL,NULL,10,NULL,NULL,'2026-03-14 03:52:54','2026-03-14 03:52:54'),(50,2,66,9,49,'CHUAN_BI_KH_THUE',NULL,'Thẩm tra kế hoạch thuê',NULL,'Đơn vị tư vấn thẩm tra','Chủ đầu tư','Báo cáo thẩm tra kế hoạch thuê',0,'CHUA_THUC_HIEN',NULL,NULL,NULL,NULL,NULL,11,NULL,NULL,'2026-03-14 03:52:54','2026-03-14 03:52:54'),(51,2,67,9,49,'CHUAN_BI_KH_THUE',NULL,'Thẩm định công nghệ kế hoạch thuê (lần 2)',NULL,'Đơn vị đầu mối về CNTT',NULL,NULL,0,'CHUA_THUC_HIEN',NULL,NULL,NULL,NULL,NULL,12,NULL,NULL,'2026-03-14 03:52:54','2026-03-14 03:52:54'),(52,2,68,10,NULL,'CHUAN_BI_KH_THUE',NULL,'Trình phê duyệt Hồ sơ kế hoạch thuê',NULL,'Chủ đầu tư','Đơn vị tư vấn','Hồ sơ kế hoạch thuê - hoàn chỉnh',3,'CHUA_THUC_HIEN',NULL,NULL,NULL,NULL,NULL,13,NULL,NULL,'2026-03-14 03:52:54','2026-03-14 03:52:54'),(53,2,69,11,NULL,'CHUAN_BI_KH_THUE',NULL,'Phê duyệt Hồ sơ kế hoạch thuê',NULL,'Cơ quan có thẩm quyền','Chủ đầu tư','Quyết định phê duyệt Hồ sơ kế hoạch thuê',0,'CHUA_THUC_HIEN',NULL,NULL,NULL,NULL,NULL,14,NULL,NULL,'2026-03-14 03:52:54','2026-03-14 03:52:54'),(54,2,70,12,NULL,'THUC_HIEN_DAU_TU',NULL,'Lập kế hoạch lựa chọn nhà thầu',NULL,'Chủ đầu tư',NULL,'Tờ trình phê duyệt KHLCNT giai đoạn thực hiện đầu tư',0,'CHUA_THUC_HIEN',NULL,NULL,NULL,NULL,NULL,15,NULL,NULL,'2026-03-14 03:52:54','2026-03-14 03:52:54'),(55,2,71,13,NULL,'THUC_HIEN_DAU_TU',NULL,'Phê duyệt kế hoạch lựa chọn nhà thầu',NULL,'Cơ quan có thẩm quyền','Chủ đầu tư','QĐ phê duyệt kế hoạch lựa chọn nhà thầu',3,'CHUA_THUC_HIEN',NULL,NULL,NULL,NULL,NULL,16,NULL,NULL,'2026-03-14 03:52:54','2026-03-14 03:52:54'),(56,2,72,14,NULL,'THUC_HIEN_DAU_TU',NULL,'Chọn lựa nhà thầu tư vấn QLDA, đấu thầu, tư vấn thẩm định HSMT-KQLCNT',NULL,'Chủ đầu tư','Các đơn vị tư vấn','Biên bản thương thảo; Quyết định chỉ định; Các hợp đồng tư vấn',1,'CHUA_THUC_HIEN',NULL,NULL,NULL,NULL,NULL,17,NULL,NULL,'2026-03-14 03:52:54','2026-03-14 03:52:54'),(57,2,73,14,56,'THUC_HIEN_DAU_TU',NULL,'Thương thảo',NULL,'Chủ đầu tư','Các đơn vị tư vấn',NULL,0,'CHUA_THUC_HIEN',NULL,NULL,NULL,NULL,NULL,18,NULL,NULL,'2026-03-14 03:52:54','2026-03-14 03:52:54'),(58,2,74,14,56,'THUC_HIEN_DAU_TU',NULL,'QĐ chỉ định thầu',NULL,'Chủ đầu tư','Các đơn vị tư vấn',NULL,0,'CHUA_THUC_HIEN',NULL,NULL,NULL,NULL,NULL,19,NULL,NULL,'2026-03-14 03:52:54','2026-03-14 03:52:54'),(59,2,75,14,56,'THUC_HIEN_DAU_TU',NULL,'Hợp đồng',NULL,'Chủ đầu tư','Các đơn vị tư vấn',NULL,0,'CHUA_THUC_HIEN',NULL,NULL,NULL,NULL,NULL,20,NULL,NULL,'2026-03-14 03:52:54','2026-03-14 03:52:54'),(60,2,76,15,NULL,'THUC_HIEN_DAU_TU',NULL,'Tổ chức lập E-HSMT cho gói thầu thuê (Gói phi tư vấn)',NULL,'Đơn vị tư vấn','Chủ đầu tư','E-HSMT (Phi tư vấn, 1 giai đoạn 2 túi hồ sơ)',5,'CHUA_THUC_HIEN',NULL,NULL,NULL,NULL,NULL,21,NULL,NULL,'2026-03-14 03:52:54','2026-03-14 03:52:54'),(61,2,77,16,NULL,'THUC_HIEN_DAU_TU',NULL,'Tổ chức thẩm định E-HSMT',NULL,'Đơn vị tư vấn thẩm định',NULL,'Báo cáo thẩm định',1,'CHUA_THUC_HIEN',NULL,NULL,NULL,NULL,NULL,22,NULL,NULL,'2026-03-14 03:52:54','2026-03-14 03:52:54'),(62,2,78,17,NULL,'THUC_HIEN_DAU_TU',NULL,'Phê duyệt E-HSMT',NULL,'Chủ đầu tư',NULL,'Quyết định phê duyệt E-HSMT; E-HSMT chính thức',0,'CHUA_THUC_HIEN',NULL,NULL,NULL,NULL,NULL,23,NULL,NULL,'2026-03-14 03:52:54','2026-03-14 03:52:54'),(63,2,79,19,NULL,'THUC_HIEN_DAU_TU',NULL,'Phát hành E-HSMT',NULL,'Chủ đầu tư',NULL,'E-HSMT',7,'CHUA_THUC_HIEN',NULL,NULL,NULL,NULL,NULL,24,NULL,NULL,'2026-03-14 03:52:54','2026-03-14 03:52:54'),(64,2,80,20,NULL,'THUC_HIEN_DAU_TU',NULL,'Đóng/mở thầu',NULL,'Đơn vị tư vấn, nhà thầu','Chủ đầu tư','Biên bản đóng/mở thầu',0,'CHUA_THUC_HIEN',NULL,NULL,NULL,NULL,NULL,25,NULL,NULL,'2026-03-14 03:52:54','2026-03-14 03:52:54'),(65,2,81,21,NULL,'THUC_HIEN_DAU_TU',NULL,'Đánh giá E-HSDT',NULL,'Đơn vị tư vấn',NULL,'Báo cáo đánh giá E-HSDT',3,'CHUA_THUC_HIEN',NULL,NULL,NULL,NULL,NULL,26,NULL,NULL,'2026-03-14 03:52:54','2026-03-14 03:52:54'),(66,2,82,22,NULL,'THUC_HIEN_DAU_TU',NULL,'Bàn giao Báo cáo Đánh giá E-HSDT',NULL,'Đơn vị tư vấn','Chủ đầu tư','Báo cáo Đánh giá E-HSDT, các QĐ, công văn, tờ trình',0,'CHUA_THUC_HIEN',NULL,NULL,NULL,NULL,NULL,27,NULL,NULL,'2026-03-14 03:52:54','2026-03-14 03:52:54'),(67,2,83,23,NULL,'THUC_HIEN_DAU_TU',NULL,'Phê duyệt danh sách xếp hạng nhà thầu',NULL,'Chủ đầu tư',NULL,'Quyết định phê duyệt danh sách xếp hạng nhà thầu',0,'CHUA_THUC_HIEN',NULL,NULL,NULL,NULL,NULL,28,NULL,NULL,'2026-03-14 03:52:54','2026-03-14 03:52:54'),(68,2,84,24,NULL,'THUC_HIEN_DAU_TU',NULL,'Mời thương thảo',NULL,'Chủ đầu tư','Nhà thầu',NULL,0,'CHUA_THUC_HIEN',NULL,NULL,NULL,NULL,NULL,29,NULL,NULL,'2026-03-14 03:52:54','2026-03-14 03:52:54'),(69,2,85,25,NULL,'THUC_HIEN_DAU_TU',NULL,'Thương thảo hợp đồng',NULL,'Chủ đầu tư, Nhà thầu đạt',NULL,NULL,1,'CHUA_THUC_HIEN',NULL,NULL,NULL,NULL,NULL,30,NULL,NULL,'2026-03-14 03:52:54','2026-03-14 03:52:54'),(70,2,86,26,NULL,'THUC_HIEN_DAU_TU',NULL,'Bàn giao BC đánh giá E-HSDT và BB thương thảo',NULL,'Chủ đầu tư','Đơn vị tư vấn thẩm định thầu',NULL,0,'CHUA_THUC_HIEN',NULL,NULL,NULL,NULL,NULL,31,NULL,NULL,'2026-03-14 03:52:54','2026-03-14 03:52:54'),(71,2,87,27,NULL,'THUC_HIEN_DAU_TU',NULL,'Tổ chức thẩm định kết quả lựa chọn nhà thầu',NULL,'Đơn vị tư vấn thẩm định thầu',NULL,'Báo cáo thẩm định kết quả lựa chọn nhà thầu',2,'CHUA_THUC_HIEN',NULL,NULL,NULL,NULL,NULL,32,NULL,NULL,'2026-03-14 03:52:54','2026-03-14 03:52:54'),(72,2,88,28,NULL,'THUC_HIEN_DAU_TU',NULL,'Phê duyệt kết quả lựa chọn nhà thầu',NULL,'Chủ đầu tư','Đơn vị tư vấn','Quyết định phê duyệt kết quả lựa chọn nhà thầu',1,'CHUA_THUC_HIEN',NULL,NULL,NULL,NULL,NULL,33,NULL,NULL,'2026-03-14 03:52:54','2026-03-14 03:52:54'),(73,2,89,29,NULL,'THUC_HIEN_DAU_TU',NULL,'Thông báo',NULL,'Chủ đầu tư','Đơn vị tư vấn',NULL,0,'CHUA_THUC_HIEN',NULL,NULL,NULL,NULL,NULL,34,NULL,NULL,'2026-03-14 03:52:54','2026-03-14 03:52:54'),(74,2,90,30,NULL,'THUC_HIEN_DAU_TU',NULL,'Đăng tải KQLCNT',NULL,'Chủ đầu tư','Đơn vị tư vấn',NULL,0,'CHUA_THUC_HIEN',NULL,NULL,NULL,NULL,NULL,35,NULL,NULL,'2026-03-14 03:52:54','2026-03-14 03:52:54'),(75,2,91,31,NULL,'THUC_HIEN_DAU_TU',NULL,'Thương thảo hoàn thiện hợp đồng, ký kết hợp đồng và tổ chức triển khai',NULL,'Chủ đầu tư, Nhà thầu đạt','Đơn vị tư vấn','Hợp đồng',1,'CHUA_THUC_HIEN',NULL,NULL,NULL,NULL,NULL,36,NULL,NULL,'2026-03-14 03:52:54','2026-03-14 03:52:54'),(76,2,92,32,NULL,'THUC_HIEN_DAU_TU',NULL,'Triển khai hợp đồng',NULL,'Chủ đầu tư, Nhà thầu, Đơn vị tư vấn','Đơn vị tư vấn','Nhật ký cho thuê',3,'CHUA_THUC_HIEN',NULL,NULL,NULL,NULL,NULL,37,NULL,NULL,'2026-03-14 03:52:54','2026-03-14 03:52:54'),(77,2,93,33,NULL,'THUC_HIEN_DAU_TU',NULL,'Giám sát (nếu có)',NULL,'Chủ đầu tư, Nhà thầu, Đơn vị tư vấn','Đơn vị tư vấn','Báo cáo giám sát, nhật ký giám sát',3,'CHUA_THUC_HIEN',NULL,NULL,NULL,NULL,NULL,38,NULL,NULL,'2026-03-14 03:52:54','2026-03-14 03:52:54'),(78,2,94,34,NULL,'KET_THUC_DAU_TU',NULL,'Nghiệm thu khởi tạo dịch vụ - Bắt đầu tính thời gian thuê',NULL,'Chủ đầu tư, Nhà thầu, Đơn vị tư vấn','Đơn vị tư vấn','Hồ sơ nghiệm thu và bàn giao',1,'CHUA_THUC_HIEN',NULL,NULL,NULL,NULL,NULL,39,NULL,NULL,'2026-03-14 03:52:54','2026-03-14 03:52:54'),(79,3,1,1,NULL,'CHUAN_BI',NULL,'Báo cáo đề xuất chủ trương đầu tư',NULL,'Chủ đầu tư',NULL,'Tờ trình và báo cáo ĐXCT đầu tư',0,'CHUA_THUC_HIEN',NULL,NULL,NULL,NULL,NULL,1,NULL,NULL,'2026-03-14 03:56:06','2026-03-14 03:56:06'),(80,3,2,2,NULL,'CHUAN_BI',NULL,'Báo cáo kết quả thẩm định ĐXCT',NULL,'Sở KHĐT',NULL,NULL,0,'DANG_THUC_HIEN',NULL,NULL,NULL,NULL,NULL,2,9,NULL,'2026-03-14 03:56:06','2026-03-14 05:28:17'),(81,3,3,3,NULL,'CHUAN_BI',NULL,'Phê duyệt chủ trương thực hiện',NULL,'UBND Tỉnh Hậu Giang',NULL,'Quyết định chủ trương',0,'CHUA_THUC_HIEN',NULL,'2026-10-10',NULL,NULL,NULL,3,9,NULL,'2026-03-14 03:56:06','2026-03-16 05:36:07'),(82,3,4,4,NULL,'CHUAN_BI',NULL,'Lập dự toán giai đoạn chuẩn bị đầu tư',NULL,'Chủ đầu tư',NULL,NULL,0,'HOAN_THANH',NULL,NULL,NULL,NULL,NULL,4,9,NULL,'2026-03-14 03:56:06','2026-03-14 05:30:16'),(83,3,5,5,NULL,'CHUAN_BI',NULL,'Phê duyệt dự toán giai đoạn chuẩn bị đầu tư',NULL,'Sở KHĐT',NULL,NULL,0,'CHUA_THUC_HIEN',NULL,NULL,NULL,NULL,NULL,5,NULL,NULL,'2026-03-14 03:56:06','2026-03-14 03:56:06'),(84,3,6,6,NULL,'CHUAN_BI',NULL,'Lập kế hoạch lựa chọn nhà thầu giai đoạn chuẩn bị đầu tư',NULL,'Chủ đầu tư',NULL,NULL,0,'CHUA_THUC_HIEN',NULL,NULL,NULL,NULL,NULL,6,NULL,NULL,'2026-03-14 03:56:06','2026-03-14 03:56:06'),(85,3,7,7,NULL,'CHUAN_BI',NULL,'Tờ trình phê duyệt KHLCNT nhiệm vụ chuẩn bị đầu tư',NULL,'Chủ đầu tư',NULL,NULL,0,'CHUA_THUC_HIEN',NULL,NULL,NULL,NULL,NULL,7,NULL,NULL,'2026-03-14 03:56:06','2026-03-14 03:56:06'),(86,3,8,8,NULL,'CHUAN_BI',NULL,'Phê duyệt kế hoạch lựa chọn nhà thầu giai đoạn chuẩn bị đầu tư',NULL,'Chủ đầu tư',NULL,NULL,0,'CHUA_THUC_HIEN',NULL,NULL,NULL,NULL,NULL,8,NULL,NULL,'2026-03-14 03:56:06','2026-03-14 03:56:06'),(87,3,9,9,NULL,'CHUAN_BI_DAU_TU',NULL,'Chọn lựa nhà thầu tư vấn khảo sát, thẩm định giá, tư vấn lập báo cáo kinh tế kỹ thuật, tư vấn thẩm tra báo cáo kinh tế kỹ thuật',NULL,'Chủ đầu tư','Các đơn vị tư vấn','Biên bản thương thảo; Quyết định chỉ định thầu; Các hợp đồng tư vấn',3,'CHUA_THUC_HIEN',NULL,NULL,NULL,NULL,NULL,9,NULL,NULL,'2026-03-14 03:56:06','2026-03-14 03:56:06'),(88,3,10,10,NULL,'CHUAN_BI_DAU_TU',NULL,'Lập nhiệm vụ khảo sát',NULL,'Đơn vị tư vấn','Chủ đầu tư','Nhiệm vụ khảo sát',3,'CHUA_THUC_HIEN',NULL,NULL,NULL,NULL,NULL,10,NULL,NULL,'2026-03-14 03:56:06','2026-03-14 03:56:06'),(89,3,11,11,NULL,'CHUAN_BI_DAU_TU',NULL,'Phê duyệt nhiệm vụ khảo sát',NULL,'Chủ đầu tư',NULL,NULL,3,'CHUA_THUC_HIEN',NULL,NULL,NULL,NULL,NULL,11,NULL,NULL,'2026-03-14 03:56:06','2026-03-14 03:56:06'),(90,3,12,12,NULL,'CHUAN_BI_DAU_TU',NULL,'Khảo sát',NULL,'Đơn vị tư vấn','Chủ đầu tư','Báo cáo khảo sát',6,'CHUA_THUC_HIEN',NULL,NULL,NULL,NULL,NULL,12,NULL,NULL,'2026-03-14 03:56:06','2026-03-14 03:56:06'),(91,3,13,13,NULL,'CHUAN_BI_DAU_TU',NULL,'Lập báo cáo kinh tế kỹ thuật',NULL,'Đơn vị tư vấn','Chủ đầu tư','Hồ sơ báo cáo kinh tế kỹ thuật',30,'CHUA_THUC_HIEN',NULL,NULL,NULL,NULL,NULL,13,NULL,NULL,'2026-03-14 03:56:06','2026-03-14 03:56:06'),(92,3,14,14,NULL,'CHUAN_BI_DAU_TU',NULL,'Thẩm định giá',NULL,'Đơn vị tư vấn','Chủ đầu tư','Chứng thư thẩm định giá',30,'CHUA_THUC_HIEN',NULL,NULL,NULL,NULL,NULL,14,NULL,NULL,'2026-03-14 03:56:06','2026-03-14 03:56:06'),(93,3,15,15,NULL,'CHUAN_BI_DAU_TU',NULL,'Thẩm tra báo cáo kinh tế kỹ thuật',NULL,'Đơn vị tư vấn thẩm tra','Chủ đầu tư','Báo cáo thẩm tra báo cáo kinh tế kỹ thuật',30,'CHUA_THUC_HIEN',NULL,NULL,NULL,NULL,NULL,15,NULL,NULL,'2026-03-14 03:56:06','2026-03-14 03:56:06'),(94,3,16,16,NULL,'CHUAN_BI_DAU_TU',NULL,'Trình phê duyệt Hồ sơ báo cáo kinh tế kỹ thuật',NULL,'Chủ đầu tư','Đơn vị tư vấn','Hồ sơ báo cáo kinh tế kỹ thuật - hoàn chỉnh',5,'CHUA_THUC_HIEN',NULL,NULL,NULL,NULL,NULL,16,NULL,NULL,'2026-03-14 03:56:06','2026-03-14 03:56:06'),(95,3,17,17,NULL,'CHUAN_BI_DAU_TU',NULL,'Phê duyệt Hồ sơ báo cáo kinh tế kỹ thuật',NULL,'Cơ quan có thẩm quyền','Chủ đầu tư','Quyết định phê duyệt Hồ sơ báo cáo kinh tế kỹ thuật',15,'CHUA_THUC_HIEN',NULL,NULL,NULL,NULL,NULL,17,NULL,NULL,'2026-03-14 03:56:06','2026-03-14 03:56:06'),(96,3,18,18,NULL,'THUC_HIEN_DAU_TU',NULL,'Lập kế hoạch lựa chọn nhà thầu',NULL,'Chủ đầu tư',NULL,'Tờ trình phê duyệt Kế hoạch lựa chọn nhà thầu giai đoạn thực hiện đầu tư',2,'CHUA_THUC_HIEN',NULL,NULL,NULL,NULL,NULL,18,NULL,NULL,'2026-03-14 03:56:06','2026-03-14 03:56:06'),(97,3,19,19,NULL,'THUC_HIEN_DAU_TU',NULL,'Phê duyệt kế hoạch lựa chọn nhà thầu',NULL,'Cơ quan có thẩm quyền','Chủ đầu tư','QĐ phê duyệt kế hoạch lựa chọn nhà thầu',2,'CHUA_THUC_HIEN',NULL,NULL,NULL,NULL,NULL,19,NULL,NULL,'2026-03-14 03:56:06','2026-03-14 03:56:06'),(98,3,20,20,NULL,'THUC_HIEN_DAU_TU',NULL,'Chọn lựa nhà thầu tư vấn quản lý dự án, tư vấn đấu thầu, tư vấn thẩm định thầu, tư vấn giám sát',NULL,'Chủ đầu tư','Các đơn vị tư vấn','Biên bản thương thảo; Quyết định chỉ định; Các hợp đồng tư vấn',3,'CHUA_THUC_HIEN',NULL,NULL,NULL,NULL,NULL,20,NULL,NULL,'2026-03-14 03:56:06','2026-03-14 03:56:06'),(99,3,21,20,98,'THUC_HIEN_DAU_TU',NULL,'Thương thảo',NULL,'Chủ đầu tư','Các đơn vị tư vấn',NULL,1,'HOAN_THANH',NULL,NULL,NULL,NULL,NULL,21,9,NULL,'2026-03-14 03:56:06','2026-03-14 06:37:53'),(100,3,22,20,98,'THUC_HIEN_DAU_TU',NULL,'QĐ chỉ định thầu',NULL,'Chủ đầu tư','Các đơn vị tư vấn',NULL,1,'HOAN_THANH',NULL,NULL,NULL,NULL,NULL,22,9,NULL,'2026-03-14 03:56:06','2026-03-14 06:37:53'),(101,3,23,20,98,'THUC_HIEN_DAU_TU',NULL,'Hợp đồng',NULL,'Chủ đầu tư','Các đơn vị tư vấn',NULL,1,'HOAN_THANH',NULL,NULL,NULL,NULL,NULL,23,9,NULL,'2026-03-14 03:56:06','2026-03-14 06:37:53'),(102,3,24,21,NULL,'THUC_HIEN_DAU_TU',NULL,'Tổ chức lập E-HSMT cho các gói thầu',NULL,'Đơn vị tư vấn','Chủ đầu tư','E-HSMT',15,'CHUA_THUC_HIEN',NULL,NULL,NULL,NULL,NULL,24,NULL,NULL,'2026-03-14 03:56:06','2026-03-14 03:56:06'),(103,3,25,22,NULL,'THUC_HIEN_DAU_TU',NULL,'Tổ chức thẩm định E-HSMT cho các gói thầu',NULL,'Đơn vị tư vấn',NULL,'Báo cáo thẩm định',10,'CHUA_THUC_HIEN',NULL,NULL,NULL,NULL,NULL,25,NULL,NULL,'2026-03-14 03:56:06','2026-03-14 03:56:06'),(104,3,26,23,NULL,'THUC_HIEN_DAU_TU',NULL,'Phê duyệt E-HSMT',NULL,'Chủ đầu tư',NULL,'Quyết định phê duyệt E-HSMT; E-HSMT chính thức',2,'CHUA_THUC_HIEN',NULL,NULL,NULL,NULL,NULL,26,NULL,NULL,'2026-03-14 03:56:06','2026-03-14 03:56:06'),(105,3,27,24,NULL,'THUC_HIEN_DAU_TU',NULL,'Đăng thông báo mời thầu',NULL,'Chủ đầu tư','Đơn vị tư vấn',NULL,1,'CHUA_THUC_HIEN',NULL,NULL,NULL,NULL,NULL,27,NULL,NULL,'2026-03-14 03:56:06','2026-03-14 03:56:06'),(106,3,28,25,NULL,'THUC_HIEN_DAU_TU',NULL,'Phát hành E-HSMT',NULL,'Chủ đầu tư',NULL,'E-HSMT',18,'CHUA_THUC_HIEN',NULL,NULL,NULL,NULL,NULL,28,NULL,NULL,'2026-03-14 03:56:06','2026-03-14 03:56:06'),(107,3,29,26,NULL,'THUC_HIEN_DAU_TU',NULL,'Nhận E-HSDT',NULL,'Chủ đầu tư',NULL,'E-HSDT',0,'CHUA_THUC_HIEN',NULL,NULL,NULL,NULL,NULL,29,NULL,NULL,'2026-03-14 03:56:06','2026-03-14 03:56:06'),(108,3,30,27,NULL,'THUC_HIEN_DAU_TU',NULL,'Đóng/mở thầu',NULL,'Đơn vị tư vấn, nhà thầu','Chủ đầu tư','Biên bản đóng/mở thầu',0,'CHUA_THUC_HIEN',NULL,NULL,NULL,NULL,NULL,30,NULL,NULL,'2026-03-14 03:56:06','2026-03-14 03:56:06'),(109,3,31,28,NULL,'THUC_HIEN_DAU_TU',NULL,'Đánh giá HSĐXKT',NULL,'Đơn vị tư vấn',NULL,'Báo cáo đánh giá HSĐXKT',10,'CHUA_THUC_HIEN',NULL,NULL,NULL,NULL,NULL,31,NULL,NULL,'2026-03-14 03:56:06','2026-03-14 03:56:06'),(110,3,32,29,NULL,'THUC_HIEN_DAU_TU',NULL,'Bàn giao Báo cáo Đánh giá HSĐXKT',NULL,'Đơn vị tư vấn','Chủ đầu tư','Báo cáo Đánh giá HSĐXKT, các QĐ, công văn, tờ trình',0,'CHUA_THUC_HIEN',NULL,NULL,NULL,NULL,NULL,32,NULL,NULL,'2026-03-14 03:56:06','2026-03-14 03:56:06'),(111,3,33,30,NULL,'THUC_HIEN_DAU_TU',NULL,'Bàn giao BC đánh giá HSĐXKT cho ĐV TV thẩm định',NULL,'Chủ đầu tư','Đơn vị tư vấn thẩm định thầu',NULL,0,'CHUA_THUC_HIEN',NULL,NULL,NULL,NULL,NULL,33,NULL,NULL,'2026-03-14 03:56:06','2026-03-14 03:56:06'),(112,3,34,31,NULL,'THUC_HIEN_DAU_TU',NULL,'Tổ chức thẩm định báo cáo đánh giá HSĐXKT',NULL,'Đơn vị tư vấn thẩm định thầu',NULL,'Báo cáo thẩm định kết quả đánh giá HSĐXKT',10,'CHUA_THUC_HIEN',NULL,NULL,NULL,NULL,NULL,34,NULL,NULL,'2026-03-14 03:56:06','2026-03-14 03:56:06'),(113,3,35,32,NULL,'THUC_HIEN_DAU_TU',NULL,'Bàn giao BC thẩm định kết quả đánh giá HSĐXKT',NULL,'Đơn vị tư vấn thẩm định thầu','Chủ đầu tư','Báo cáo thẩm định, các QĐ, công văn, tờ trình',0,'CHUA_THUC_HIEN',NULL,NULL,NULL,NULL,NULL,35,NULL,NULL,'2026-03-14 03:56:06','2026-03-14 03:56:06'),(114,3,36,33,NULL,'THUC_HIEN_DAU_TU',NULL,'Phê duyệt danh sách nhà thầu đáp ứng yêu cầu kỹ thuật',NULL,'Chủ đầu tư',NULL,'Quyết định phê duyệt danh sách nhà thầu đáp ứng YCKT',1,'CHUA_THUC_HIEN',NULL,NULL,NULL,NULL,NULL,36,NULL,NULL,'2026-03-14 03:56:06','2026-03-14 03:56:06'),(115,3,37,34,NULL,'THUC_HIEN_DAU_TU',NULL,'Mở HSĐXTC',NULL,'Đơn vị tư vấn, nhà thầu','Chủ đầu tư','Biên bản mở thầu',0,'CHUA_THUC_HIEN',NULL,NULL,NULL,NULL,NULL,37,NULL,NULL,'2026-03-14 03:56:06','2026-03-14 03:56:06'),(116,3,38,35,NULL,'THUC_HIEN_DAU_TU',NULL,'Đánh giá HSĐXTC',NULL,'Đơn vị tư vấn',NULL,'Báo cáo đánh giá HSĐXTC',5,'CHUA_THUC_HIEN',NULL,NULL,NULL,NULL,NULL,38,NULL,NULL,'2026-03-14 03:56:06','2026-03-14 03:56:06'),(117,3,39,36,NULL,'THUC_HIEN_DAU_TU',NULL,'Bàn giao Báo cáo Đánh giá HSĐXTC',NULL,'Đơn vị tư vấn','Chủ đầu tư','Báo cáo Đánh giá HSĐXTC, các QĐ, công văn, tờ trình',0,'CHUA_THUC_HIEN',NULL,NULL,NULL,NULL,NULL,39,NULL,NULL,'2026-03-14 03:56:06','2026-03-14 03:56:06'),(118,3,40,37,NULL,'THUC_HIEN_DAU_TU',NULL,'Mời thương thảo',NULL,'Chủ đầu tư','Nhà thầu',NULL,0,'CHUA_THUC_HIEN',NULL,NULL,NULL,NULL,NULL,40,NULL,NULL,'2026-03-14 03:56:06','2026-03-14 03:56:06'),(119,3,41,38,NULL,'THUC_HIEN_DAU_TU',NULL,'Thương thảo hợp đồng',NULL,'Chủ đầu tư, Nhà thầu đạt',NULL,NULL,1,'CHUA_THUC_HIEN',NULL,NULL,NULL,NULL,NULL,41,NULL,NULL,'2026-03-14 03:56:06','2026-03-14 03:56:06'),(120,3,42,39,NULL,'THUC_HIEN_DAU_TU',NULL,'Bàn giao BC đánh giá HSĐXTC và BB thương thảo',NULL,'Chủ đầu tư','Đơn vị tư vấn thẩm định thầu',NULL,2,'CHUA_THUC_HIEN',NULL,NULL,NULL,NULL,NULL,42,NULL,NULL,'2026-03-14 03:56:06','2026-03-14 03:56:06'),(121,3,43,40,NULL,'THUC_HIEN_DAU_TU',NULL,'Tổ chức thẩm định kết quả lựa chọn nhà thầu',NULL,'Đơn vị tư vấn thẩm định thầu',NULL,'Báo cáo thẩm định kết quả lựa chọn nhà thầu',5,'CHUA_THUC_HIEN',NULL,NULL,NULL,NULL,NULL,43,NULL,NULL,'2026-03-14 03:56:06','2026-03-14 03:56:06'),(122,3,44,41,NULL,'THUC_HIEN_DAU_TU',NULL,'Bàn giao BC thẩm định kết quả lựa chọn nhà thầu',NULL,'Đơn vị tư vấn thẩm định thầu','Chủ đầu tư','Báo cáo thẩm định, công văn, tờ trình',0,'CHUA_THUC_HIEN',NULL,NULL,NULL,NULL,NULL,44,NULL,NULL,'2026-03-14 03:56:06','2026-03-14 03:56:06'),(123,3,45,42,NULL,'THUC_HIEN_DAU_TU',NULL,'Phê duyệt kết quả lựa chọn nhà thầu',NULL,'Chủ đầu tư','Đơn vị tư vấn','Quyết định phê duyệt kết quả lựa chọn nhà thầu',2,'CHUA_THUC_HIEN',NULL,NULL,NULL,NULL,NULL,45,NULL,NULL,'2026-03-14 03:56:06','2026-03-14 03:56:06'),(124,3,46,43,NULL,'THUC_HIEN_DAU_TU',NULL,'Thông báo phê duyệt kết quả lựa chọn nhà thầu',NULL,'Chủ đầu tư','Đơn vị tư vấn',NULL,0,'CHUA_THUC_HIEN',NULL,NULL,NULL,NULL,NULL,46,NULL,NULL,'2026-03-14 03:56:06','2026-03-14 03:56:06'),(125,3,47,44,NULL,'THUC_HIEN_DAU_TU',NULL,'Đăng tải KQLCNT',NULL,'Chủ đầu tư','Đơn vị tư vấn',NULL,0,'CHUA_THUC_HIEN',NULL,NULL,NULL,NULL,NULL,47,NULL,NULL,'2026-03-14 03:56:06','2026-03-14 03:56:06'),(126,3,48,45,NULL,'THUC_HIEN_DAU_TU',NULL,'Thương thảo hoàn thiện hợp đồng, ký kết hợp đồng và tổ chức triển khai',NULL,'Chủ đầu tư, Nhà thầu đạt','Đơn vị tư vấn','Hợp đồng',7,'CHUA_THUC_HIEN',NULL,NULL,NULL,NULL,NULL,48,NULL,NULL,'2026-03-14 03:56:06','2026-03-14 03:56:06'),(127,3,49,46,NULL,'THUC_HIEN_DAU_TU',NULL,'Triển khai hợp đồng',NULL,'Chủ đầu tư, Nhà thầu, Đơn vị tư vấn','Đơn vị tư vấn','Nhật ký thi công',120,'CHUA_THUC_HIEN',NULL,NULL,NULL,NULL,NULL,49,NULL,NULL,'2026-03-14 03:56:06','2026-03-14 03:56:06'),(128,3,50,47,NULL,'THUC_HIEN_DAU_TU',NULL,'Quản lý dự án',NULL,'Chủ đầu tư, Nhà thầu, Đơn vị tư vấn','Đơn vị tư vấn','Báo cáo quản lý dự án',120,'CHUA_THUC_HIEN',NULL,NULL,NULL,NULL,NULL,50,NULL,NULL,'2026-03-14 03:56:06','2026-03-14 03:56:06'),(129,3,51,48,NULL,'THUC_HIEN_DAU_TU',NULL,'Giám sát',NULL,'Chủ đầu tư, Nhà thầu, Đơn vị tư vấn','Đơn vị tư vấn','Báo cáo giám sát, nhật ký giám sát',120,'CHUA_THUC_HIEN',NULL,NULL,NULL,NULL,NULL,51,NULL,NULL,'2026-03-14 03:56:06','2026-03-14 03:56:06'),(130,3,52,49,NULL,'THUC_HIEN_DAU_TU',NULL,'Dự phòng',NULL,'Chủ đầu tư','Đơn vị tư vấn',NULL,30,'CHUA_THUC_HIEN',NULL,NULL,NULL,NULL,NULL,52,NULL,NULL,'2026-03-14 03:56:06','2026-03-14 03:56:06'),(131,3,53,50,NULL,'KET_THUC_DAU_TU',NULL,'Bàn giao/nghiệm thu sản phẩm và dự án',NULL,'Chủ đầu tư, Nhà thầu, Đơn vị tư vấn','Đơn vị tư vấn','Hồ sơ nghiệm thu và bàn giao',30,'CHUA_THUC_HIEN',NULL,NULL,NULL,NULL,NULL,53,NULL,NULL,'2026-03-14 03:56:06','2026-03-14 03:56:06'),(132,3,54,51,NULL,'KET_THUC_DAU_TU',NULL,'Tổng nghiệm thu',NULL,'Chủ đầu tư, Nhà thầu, Đơn vị tư vấn','Đơn vị tư vấn','Hồ sơ tổng nghiệm thu',0,'CHUA_THUC_HIEN',NULL,NULL,NULL,NULL,NULL,54,NULL,NULL,'2026-03-14 03:56:06','2026-03-14 03:56:06'),(133,3,55,52,NULL,'KET_THUC_DAU_TU',NULL,'Quyết toán vốn đầu tư',NULL,'Chủ đầu tư','Các đơn vị tư vấn, nhà thầu','Hồ sơ quyết toán',0,'CHUA_THUC_HIEN',NULL,NULL,NULL,NULL,NULL,55,NULL,NULL,'2026-03-14 03:56:06','2026-03-14 03:56:06'),(189,5,56,1,NULL,'CHUAN_BI_KH_THUE',NULL,'Trình xin chủ trương thực hiện kế hoạch thuê',NULL,'Sở Tài chính',NULL,'Tờ trình',0,'CHUA_THUC_HIEN',NULL,NULL,NULL,NULL,NULL,1,NULL,NULL,'2026-03-14 23:29:08','2026-03-14 23:29:08'),(190,5,57,1,189,'CHUAN_BI_KH_THUE',NULL,'Phê duyệt chủ trương thực hiện kế hoạch thuê',NULL,'UBND Tỉnh Hậu Giang',NULL,'Quyết định/Văn bản chấp thuận chủ trương',0,'CHUA_THUC_HIEN',NULL,NULL,NULL,NULL,NULL,2,NULL,NULL,'2026-03-14 23:29:08','2026-03-14 23:29:08'),(191,5,58,2,NULL,'CHUAN_BI_KH_THUE',NULL,'Lập dự toán giai đoạn chuẩn bị đầu tư',NULL,'Chủ đầu tư',NULL,'Dự toán giai đoạn chuẩn bị đầu tư',5,'CHUA_THUC_HIEN',NULL,NULL,NULL,NULL,NULL,3,NULL,NULL,'2026-03-14 23:29:08','2026-03-14 23:29:08'),(192,5,59,3,NULL,'CHUAN_BI_KH_THUE',NULL,'Phê duyệt dự toán giai đoạn chuẩn bị đầu tư',NULL,'Chủ đầu tư',NULL,'Quyết định phê duyệt dự toán - giai đoạn chuẩn bị đầu tư',1,'CHUA_THUC_HIEN',NULL,NULL,NULL,NULL,NULL,4,NULL,NULL,'2026-03-14 23:29:08','2026-03-14 23:29:08'),(193,5,60,4,NULL,'CHUAN_BI_KH_THUE',NULL,'Lập kế hoạch lựa chọn nhà thầu giai đoạn chuẩn bị đầu tư',NULL,'Chủ đầu tư',NULL,'Kế hoạch lựa chọn nhà thầu - giai đoạn chuẩn bị đầu tư',5,'CHUA_THUC_HIEN',NULL,NULL,NULL,NULL,NULL,5,NULL,NULL,'2026-03-14 23:29:08','2026-03-14 23:29:08'),(194,5,61,5,NULL,'CHUAN_BI_KH_THUE',NULL,'Phê duyệt kế hoạch lựa chọn nhà thầu giai đoạn chuẩn bị đầu tư',NULL,'Chủ đầu tư',NULL,'Quyết định phê duyệt KHLCNT - giai đoạn chuẩn bị đầu tư',2,'CHUA_THUC_HIEN',NULL,NULL,NULL,NULL,NULL,6,NULL,NULL,'2026-03-14 23:29:08','2026-03-14 23:29:08'),(195,5,62,6,NULL,'CHUAN_BI_KH_THUE',NULL,'Chọn lựa nhà thầu tư vấn lập kế hoạch thuê, thẩm định giá, tư vấn thẩm tra kế hoạch thuê',NULL,'Chủ đầu tư','Các đơn vị tư vấn','Biên bản thương thảo; Quyết định chỉ định thầu; Các hợp đồng tư vấn',3,'CHUA_THUC_HIEN',NULL,NULL,NULL,NULL,NULL,7,NULL,NULL,'2026-03-14 23:29:08','2026-03-14 23:29:08'),(196,5,63,7,NULL,'CHUAN_BI_KH_THUE',NULL,'Lập kế hoạch thuê',NULL,'Đơn vị tư vấn','Chủ đầu tư','Hồ sơ kế hoạch thuê',10,'CHUA_THUC_HIEN',NULL,NULL,NULL,NULL,NULL,8,NULL,NULL,'2026-03-14 23:29:08','2026-03-14 23:29:08'),(197,5,64,8,NULL,'CHUAN_BI_KH_THUE',NULL,'Thẩm định giá',NULL,'Thẩm định giá','Chủ đầu tư','Chứng thư thẩm định giá',2,'CHUA_THUC_HIEN',NULL,NULL,NULL,NULL,NULL,9,NULL,NULL,'2026-03-14 23:29:08','2026-03-14 23:29:08'),(198,5,65,9,NULL,'CHUAN_BI_KH_THUE',NULL,'Thẩm định công nghệ kế hoạch thuê',NULL,'Sở thông tin và TT và Sở tài chính','Chủ đầu tư',NULL,2,'CHUA_THUC_HIEN',NULL,NULL,NULL,NULL,NULL,10,NULL,NULL,'2026-03-14 23:29:08','2026-03-14 23:29:08'),(199,5,66,9,198,'CHUAN_BI_KH_THUE',NULL,'Thẩm tra kế hoạch thuê',NULL,'Đơn vị tư vấn thẩm tra','Chủ đầu tư','Báo cáo thẩm tra kế hoạch thuê',0,'CHUA_THUC_HIEN',NULL,NULL,NULL,NULL,NULL,11,NULL,NULL,'2026-03-14 23:29:08','2026-03-14 23:29:08'),(200,5,67,9,198,'CHUAN_BI_KH_THUE',NULL,'Thẩm định công nghệ kế hoạch thuê (lần 2)',NULL,'Đơn vị đầu mối về CNTT',NULL,NULL,0,'CHUA_THUC_HIEN',NULL,NULL,NULL,NULL,NULL,12,NULL,NULL,'2026-03-14 23:29:08','2026-03-14 23:29:08'),(201,5,68,10,NULL,'CHUAN_BI_KH_THUE',NULL,'Trình phê duyệt Hồ sơ kế hoạch thuê',NULL,'Chủ đầu tư','Đơn vị tư vấn','Hồ sơ kế hoạch thuê - hoàn chỉnh',3,'CHUA_THUC_HIEN',NULL,NULL,NULL,NULL,NULL,13,NULL,NULL,'2026-03-14 23:29:08','2026-03-14 23:29:08'),(202,5,69,11,NULL,'CHUAN_BI_KH_THUE',NULL,'Phê duyệt Hồ sơ kế hoạch thuê',NULL,'Cơ quan có thẩm quyền','Chủ đầu tư','Quyết định phê duyệt Hồ sơ kế hoạch thuê',0,'CHUA_THUC_HIEN',NULL,NULL,NULL,NULL,NULL,14,NULL,NULL,'2026-03-14 23:29:08','2026-03-14 23:29:08'),(203,5,70,12,NULL,'THUC_HIEN_DAU_TU',NULL,'Lập kế hoạch lựa chọn nhà thầu',NULL,'Chủ đầu tư',NULL,'Tờ trình phê duyệt KHLCNT giai đoạn thực hiện đầu tư',0,'CHUA_THUC_HIEN',NULL,NULL,NULL,NULL,NULL,15,NULL,NULL,'2026-03-14 23:29:08','2026-03-14 23:29:08'),(204,5,71,13,NULL,'THUC_HIEN_DAU_TU',NULL,'Phê duyệt kế hoạch lựa chọn nhà thầu',NULL,'Cơ quan có thẩm quyền','Chủ đầu tư','QĐ phê duyệt kế hoạch lựa chọn nhà thầu',3,'CHUA_THUC_HIEN',NULL,NULL,NULL,NULL,NULL,16,NULL,NULL,'2026-03-14 23:29:08','2026-03-14 23:29:08'),(205,5,72,14,NULL,'THUC_HIEN_DAU_TU',NULL,'Chọn lựa nhà thầu tư vấn QLDA, đấu thầu, tư vấn thẩm định HSMT-KQLCNT',NULL,'Chủ đầu tư','Các đơn vị tư vấn','Biên bản thương thảo; Quyết định chỉ định; Các hợp đồng tư vấn',1,'CHUA_THUC_HIEN',NULL,NULL,NULL,NULL,NULL,17,NULL,NULL,'2026-03-14 23:29:08','2026-03-14 23:29:08'),(206,5,73,14,205,'THUC_HIEN_DAU_TU',NULL,'Thương thảo',NULL,'Chủ đầu tư','Các đơn vị tư vấn',NULL,0,'CHUA_THUC_HIEN',NULL,NULL,NULL,NULL,NULL,18,NULL,NULL,'2026-03-14 23:29:08','2026-03-14 23:29:08'),(207,5,74,14,205,'THUC_HIEN_DAU_TU',NULL,'QĐ chỉ định thầu',NULL,'Chủ đầu tư','Các đơn vị tư vấn',NULL,0,'CHUA_THUC_HIEN',NULL,NULL,NULL,NULL,NULL,19,NULL,NULL,'2026-03-14 23:29:08','2026-03-14 23:29:08'),(208,5,75,14,205,'THUC_HIEN_DAU_TU',NULL,'Hợp đồng',NULL,'Chủ đầu tư','Các đơn vị tư vấn',NULL,0,'CHUA_THUC_HIEN',NULL,NULL,NULL,NULL,NULL,20,NULL,NULL,'2026-03-14 23:29:08','2026-03-14 23:29:08'),(209,5,76,15,NULL,'THUC_HIEN_DAU_TU',NULL,'Tổ chức lập E-HSMT cho gói thầu thuê (Gói phi tư vấn)',NULL,'Đơn vị tư vấn','Chủ đầu tư','E-HSMT (Phi tư vấn, 1 giai đoạn 2 túi hồ sơ)',5,'CHUA_THUC_HIEN',NULL,NULL,NULL,NULL,NULL,21,NULL,NULL,'2026-03-14 23:29:08','2026-03-14 23:29:08'),(210,5,77,16,NULL,'THUC_HIEN_DAU_TU',NULL,'Tổ chức thẩm định E-HSMT',NULL,'Đơn vị tư vấn thẩm định',NULL,'Báo cáo thẩm định',1,'CHUA_THUC_HIEN',NULL,NULL,NULL,NULL,NULL,22,NULL,NULL,'2026-03-14 23:29:08','2026-03-14 23:29:08'),(211,5,78,17,NULL,'THUC_HIEN_DAU_TU',NULL,'Phê duyệt E-HSMT',NULL,'Chủ đầu tư',NULL,'Quyết định phê duyệt E-HSMT; E-HSMT chính thức',0,'CHUA_THUC_HIEN',NULL,NULL,NULL,NULL,NULL,23,NULL,NULL,'2026-03-14 23:29:08','2026-03-14 23:29:08'),(212,5,79,19,NULL,'THUC_HIEN_DAU_TU',NULL,'Phát hành E-HSMT',NULL,'Chủ đầu tư',NULL,'E-HSMT',7,'CHUA_THUC_HIEN',NULL,NULL,NULL,NULL,NULL,24,NULL,NULL,'2026-03-14 23:29:08','2026-03-14 23:29:08'),(213,5,80,20,NULL,'THUC_HIEN_DAU_TU',NULL,'Đóng/mở thầu',NULL,'Đơn vị tư vấn, nhà thầu','Chủ đầu tư','Biên bản đóng/mở thầu',0,'CHUA_THUC_HIEN',NULL,NULL,NULL,NULL,NULL,25,NULL,NULL,'2026-03-14 23:29:08','2026-03-14 23:29:08'),(214,5,81,21,NULL,'THUC_HIEN_DAU_TU',NULL,'Đánh giá E-HSDT',NULL,'Đơn vị tư vấn',NULL,'Báo cáo đánh giá E-HSDT',3,'CHUA_THUC_HIEN',NULL,NULL,NULL,NULL,NULL,26,NULL,NULL,'2026-03-14 23:29:08','2026-03-14 23:29:08'),(215,5,82,22,NULL,'THUC_HIEN_DAU_TU',NULL,'Bàn giao Báo cáo Đánh giá E-HSDT',NULL,'Đơn vị tư vấn','Chủ đầu tư','Báo cáo Đánh giá E-HSDT, các QĐ, công văn, tờ trình',0,'CHUA_THUC_HIEN',NULL,NULL,NULL,NULL,NULL,27,NULL,NULL,'2026-03-14 23:29:08','2026-03-14 23:29:08'),(216,5,83,23,NULL,'THUC_HIEN_DAU_TU',NULL,'Phê duyệt danh sách xếp hạng nhà thầu',NULL,'Chủ đầu tư',NULL,'Quyết định phê duyệt danh sách xếp hạng nhà thầu',0,'CHUA_THUC_HIEN',NULL,NULL,NULL,NULL,NULL,28,NULL,NULL,'2026-03-14 23:29:08','2026-03-14 23:29:08'),(217,5,84,24,NULL,'THUC_HIEN_DAU_TU',NULL,'Mời thương thảo',NULL,'Chủ đầu tư','Nhà thầu',NULL,0,'CHUA_THUC_HIEN',NULL,NULL,NULL,NULL,NULL,29,NULL,NULL,'2026-03-14 23:29:08','2026-03-14 23:29:08'),(218,5,85,25,NULL,'THUC_HIEN_DAU_TU',NULL,'Thương thảo hợp đồng',NULL,'Chủ đầu tư, Nhà thầu đạt',NULL,NULL,1,'CHUA_THUC_HIEN',NULL,NULL,NULL,NULL,NULL,30,NULL,NULL,'2026-03-14 23:29:08','2026-03-14 23:29:08'),(219,5,86,26,NULL,'THUC_HIEN_DAU_TU',NULL,'Bàn giao BC đánh giá E-HSDT và BB thương thảo',NULL,'Chủ đầu tư','Đơn vị tư vấn thẩm định thầu',NULL,0,'CHUA_THUC_HIEN',NULL,NULL,NULL,NULL,NULL,31,NULL,NULL,'2026-03-14 23:29:08','2026-03-14 23:29:08'),(220,5,87,27,NULL,'THUC_HIEN_DAU_TU',NULL,'Tổ chức thẩm định kết quả lựa chọn nhà thầu',NULL,'Đơn vị tư vấn thẩm định thầu',NULL,'Báo cáo thẩm định kết quả lựa chọn nhà thầu',2,'CHUA_THUC_HIEN',NULL,NULL,NULL,NULL,NULL,32,NULL,NULL,'2026-03-14 23:29:08','2026-03-14 23:29:08'),(221,5,88,28,NULL,'THUC_HIEN_DAU_TU',NULL,'Phê duyệt kết quả lựa chọn nhà thầu',NULL,'Chủ đầu tư','Đơn vị tư vấn','Quyết định phê duyệt kết quả lựa chọn nhà thầu',1,'CHUA_THUC_HIEN',NULL,NULL,NULL,NULL,NULL,33,NULL,NULL,'2026-03-14 23:29:08','2026-03-14 23:29:08'),(222,5,89,29,NULL,'THUC_HIEN_DAU_TU',NULL,'Thông báo',NULL,'Chủ đầu tư','Đơn vị tư vấn',NULL,0,'CHUA_THUC_HIEN',NULL,NULL,NULL,NULL,NULL,34,NULL,NULL,'2026-03-14 23:29:08','2026-03-14 23:29:08'),(223,5,90,30,NULL,'THUC_HIEN_DAU_TU',NULL,'Đăng tải KQLCNT',NULL,'Chủ đầu tư','Đơn vị tư vấn',NULL,0,'CHUA_THUC_HIEN',NULL,NULL,NULL,NULL,NULL,35,NULL,NULL,'2026-03-14 23:29:08','2026-03-14 23:29:08'),(224,5,91,31,NULL,'THUC_HIEN_DAU_TU',NULL,'Thương thảo hoàn thiện hợp đồng, ký kết hợp đồng và tổ chức triển khai',NULL,'Chủ đầu tư, Nhà thầu đạt','Đơn vị tư vấn','Hợp đồng',1,'CHUA_THUC_HIEN',NULL,NULL,NULL,NULL,NULL,36,NULL,NULL,'2026-03-14 23:29:08','2026-03-14 23:29:08'),(225,5,92,32,NULL,'THUC_HIEN_DAU_TU',NULL,'Triển khai hợp đồng',NULL,'Chủ đầu tư, Nhà thầu, Đơn vị tư vấn','Đơn vị tư vấn','Nhật ký cho thuê',3,'CHUA_THUC_HIEN',NULL,NULL,NULL,NULL,NULL,37,NULL,NULL,'2026-03-14 23:29:08','2026-03-14 23:29:08'),(226,5,93,33,NULL,'THUC_HIEN_DAU_TU',NULL,'Giám sát (nếu có)',NULL,'Chủ đầu tư, Nhà thầu, Đơn vị tư vấn','Đơn vị tư vấn','Báo cáo giám sát, nhật ký giám sát',3,'CHUA_THUC_HIEN',NULL,NULL,NULL,NULL,NULL,38,NULL,NULL,'2026-03-14 23:29:08','2026-03-14 23:29:08'),(227,5,94,34,NULL,'KET_THUC_DAU_TU',NULL,'Nghiệm thu khởi tạo dịch vụ - Bắt đầu tính thời gian thuê',NULL,'Chủ đầu tư, Nhà thầu, Đơn vị tư vấn','Đơn vị tư vấn','Hồ sơ nghiệm thu và bàn giao',1,'CHUA_THUC_HIEN',NULL,NULL,NULL,NULL,NULL,39,NULL,NULL,'2026-03-14 23:29:08','2026-03-14 23:29:08'),(345,4,1,1,NULL,'CHUAN_BI',NULL,'Báo cáo đề xuất chủ trương đầu tư',NULL,'Chủ đầu tư',NULL,'Tờ trình và báo cáo ĐXCT đầu tư',0,'DANG_THUC_HIEN','20/QĐ/UBND','2026-10-10',NULL,NULL,NULL,1,9,NULL,'2026-03-15 06:43:20','2026-03-19 09:30:49'),(346,4,2,2,NULL,'CHUAN_BI',NULL,'Báo cáo kết quả thẩm định ĐXCT',NULL,'Sở KHĐT',NULL,'Báo cáo thẩm định',9,'CHUA_THUC_HIEN',NULL,NULL,'2026-10-10','2026-10-17',NULL,3,9,NULL,'2026-03-15 06:43:20','2026-03-19 01:31:13'),(347,4,3,3,NULL,'CHUAN_BI',NULL,'Phê duyệt chủ trương thực hiện',NULL,'UBND Tỉnh Hậu Giang',NULL,'Quyết định chủ trương',0,'DANG_THUC_HIEN',NULL,NULL,NULL,NULL,NULL,8,9,NULL,'2026-03-15 06:43:20','2026-03-24 03:23:01'),(348,4,4,4,NULL,'CHUAN_BI',NULL,'Lập dự toán giai đoạn chuẩn bị đầu tư',NULL,'Chủ đầu tư',NULL,NULL,0,'CHUA_THUC_HIEN',NULL,NULL,NULL,NULL,NULL,9,NULL,NULL,'2026-03-15 06:43:20','2026-03-24 03:23:01'),(349,4,5,5,NULL,'CHUAN_BI',NULL,'Phê duyệt dự toán giai đoạn chuẩn bị đầu tư',NULL,'Sở KHĐT',NULL,NULL,0,'CHUA_THUC_HIEN',NULL,NULL,NULL,NULL,NULL,10,NULL,NULL,'2026-03-15 06:43:20','2026-03-24 03:23:01'),(350,4,6,6,NULL,'CHUAN_BI',NULL,'Lập kế hoạch lựa chọn nhà thầu giai đoạn chuẩn bị đầu tư',NULL,'Chủ đầu tư',NULL,'Kết quả -Báo mới',10,'CHUA_THUC_HIEN',NULL,NULL,'2025-10-10','2025-10-17',NULL,2,9,NULL,'2026-03-15 06:43:20','2026-03-19 08:23:02'),(351,4,7,7,NULL,'CHUAN_BI',NULL,'Tờ trình phê duyệt KHLCNT nhiệm vụ chuẩn bị đầu tư',NULL,'Chủ đầu tư',NULL,NULL,0,'DANG_THUC_HIEN',NULL,NULL,'2025-10-10','2025-10-30',NULL,11,9,NULL,'2026-03-15 06:43:20','2026-03-24 03:23:01'),(352,4,8,8,NULL,'CHUAN_BI',NULL,'Phê duyệt kế hoạch lựa chọn nhà thầu giai đoạn chuẩn bị đầu tư',NULL,'Chủ đầu tư',NULL,NULL,0,'CHUA_THUC_HIEN',NULL,NULL,NULL,NULL,NULL,61,NULL,NULL,'2026-03-15 06:43:20','2026-03-24 03:23:01'),(353,4,9,9,NULL,'CHUAN_BI_DAU_TU',NULL,'Chọn lựa nhà thầu tư vấn khảo sát, thẩm định giá, tư vấn lập báo cáo kinh tế kỹ thuật, tư vấn thẩm tra báo cáo kinh tế kỹ thuật',NULL,'Chủ đầu tư','Các đơn vị tư vấn','Biên bản thương thảo; Quyết định chỉ định thầu; Các hợp đồng tư vấn',3,'CHUA_THUC_HIEN',NULL,NULL,NULL,NULL,NULL,13,NULL,NULL,'2026-03-15 06:43:20','2026-03-24 03:23:01'),(354,4,10,10,NULL,'CHUAN_BI_DAU_TU',NULL,'Lập nhiệm vụ khảo sát',NULL,'Đơn vị tư vấn','Chủ đầu tư','Nhiệm vụ khảo sát',3,'CHUA_THUC_HIEN',NULL,NULL,NULL,NULL,NULL,15,NULL,NULL,'2026-03-15 06:43:20','2026-03-24 03:23:01'),(355,4,11,11,NULL,'CHUAN_BI_DAU_TU',NULL,'Phê duyệt nhiệm vụ khảo sát',NULL,'Chủ đầu tư',NULL,NULL,3,'CHUA_THUC_HIEN',NULL,NULL,NULL,NULL,NULL,16,NULL,NULL,'2026-03-15 06:43:20','2026-03-24 03:23:01'),(356,4,12,12,NULL,'CHUAN_BI_DAU_TU',NULL,'Khảo sát',NULL,'Đơn vị tư vấn','Chủ đầu tư','Báo cáo khảo sát',6,'CHUA_THUC_HIEN',NULL,NULL,NULL,NULL,NULL,17,NULL,NULL,'2026-03-15 06:43:20','2026-03-24 03:23:01'),(357,4,13,13,NULL,'CHUAN_BI_DAU_TU',NULL,'Lập báo cáo kinh tế kỹ thuật',NULL,'Đơn vị tư vấn','Chủ đầu tư','Hồ sơ báo cáo kinh tế kỹ thuật',30,'CHUA_THUC_HIEN',NULL,NULL,NULL,NULL,NULL,18,NULL,NULL,'2026-03-15 06:43:20','2026-03-24 03:23:01'),(358,4,14,14,NULL,'CHUAN_BI_DAU_TU',NULL,'Thẩm định giá',NULL,'Đơn vị tư vấn','Chủ đầu tư','Chứng thư thẩm định giá',30,'CHUA_THUC_HIEN',NULL,NULL,NULL,NULL,NULL,19,NULL,NULL,'2026-03-15 06:43:20','2026-03-24 03:23:01'),(359,4,15,15,NULL,'CHUAN_BI_DAU_TU',NULL,'Thẩm tra báo cáo kinh tế kỹ thuật',NULL,'Đơn vị tư vấn thẩm tra','Chủ đầu tư','Báo cáo thẩm tra báo cáo kinh tế kỹ thuật',30,'CHUA_THUC_HIEN',NULL,NULL,NULL,NULL,NULL,20,NULL,NULL,'2026-03-15 06:43:20','2026-03-24 03:23:01'),(360,4,16,16,NULL,'CHUAN_BI_DAU_TU',NULL,'Trình phê duyệt Hồ sơ báo cáo kinh tế kỹ thuật',NULL,'Chủ đầu tư','Đơn vị tư vấn','Hồ sơ báo cáo kinh tế kỹ thuật - hoàn chỉnh',5,'CHUA_THUC_HIEN',NULL,NULL,NULL,NULL,NULL,21,NULL,NULL,'2026-03-15 06:43:20','2026-03-24 03:23:01'),(361,4,17,17,NULL,'CHUAN_BI_DAU_TU',NULL,'Phê duyệt Hồ sơ báo cáo kinh tế kỹ thuật',NULL,'Cơ quan có thẩm quyền','Chủ đầu tư','Quyết định phê duyệt Hồ sơ báo cáo kinh tế kỹ thuật',15,'CHUA_THUC_HIEN',NULL,NULL,NULL,NULL,NULL,62,NULL,NULL,'2026-03-15 06:43:20','2026-03-24 03:23:01'),(362,4,18,18,NULL,'THUC_HIEN_DAU_TU',NULL,'Lập kế hoạch lựa chọn nhà thầu',NULL,'Chủ đầu tư',NULL,'Tờ trình phê duyệt Kế hoạch lựa chọn nhà thầu giai đoạn thực hiện đầu tư',2,'CHUA_THUC_HIEN',NULL,NULL,NULL,NULL,NULL,22,NULL,NULL,'2026-03-15 06:43:20','2026-03-24 03:23:01'),(363,4,19,19,NULL,'THUC_HIEN_DAU_TU',NULL,'Phê duyệt kế hoạch lựa chọn nhà thầu',NULL,'Cơ quan có thẩm quyền','Chủ đầu tư','QĐ phê duyệt kế hoạch lựa chọn nhà thầu',2,'CHUA_THUC_HIEN',NULL,NULL,NULL,NULL,NULL,23,NULL,NULL,'2026-03-15 06:43:20','2026-03-24 03:23:01'),(364,4,20,20,NULL,'THUC_HIEN_DAU_TU',NULL,'Chọn lựa nhà thầu tư vấn quản lý dự án, tư vấn đấu thầu, tư vấn thẩm định thầu, tư vấn giám sát',NULL,'Chủ đầu tư','Các đơn vị tư vấn','Biên bản thương thảo; Quyết định chỉ định; Các hợp đồng tư vấn',3,'CHUA_THUC_HIEN',NULL,NULL,NULL,NULL,NULL,24,NULL,NULL,'2026-03-15 06:43:20','2026-03-24 03:23:01'),(365,4,21,20,364,'THUC_HIEN_DAU_TU',NULL,'Thương thảo',NULL,'Chủ đầu tư','Các đơn vị tư vấn',NULL,1,'CHUA_THUC_HIEN',NULL,NULL,NULL,NULL,NULL,25,NULL,NULL,'2026-03-15 06:43:20','2026-03-24 03:23:01'),(366,4,22,20,364,'THUC_HIEN_DAU_TU',NULL,'QĐ chỉ định thầu',NULL,'Chủ đầu tư','Các đơn vị tư vấn',NULL,1,'CHUA_THUC_HIEN',NULL,NULL,NULL,NULL,NULL,26,NULL,NULL,'2026-03-15 06:43:20','2026-03-24 03:23:01'),(367,4,23,20,364,'THUC_HIEN_DAU_TU',NULL,'Hợp đồng',NULL,'Chủ đầu tư','Các đơn vị tư vấn',NULL,1,'CHUA_THUC_HIEN',NULL,NULL,NULL,NULL,NULL,27,NULL,NULL,'2026-03-15 06:43:20','2026-03-24 03:23:01'),(368,4,24,21,NULL,'THUC_HIEN_DAU_TU',NULL,'Tổ chức lập E-HSMT cho các gói thầu',NULL,'Đơn vị tư vấn','Chủ đầu tư','E-HSMT',15,'CHUA_THUC_HIEN',NULL,NULL,NULL,NULL,NULL,28,NULL,NULL,'2026-03-15 06:43:20','2026-03-24 03:23:01'),(369,4,25,22,NULL,'THUC_HIEN_DAU_TU',NULL,'Tổ chức thẩm định E-HSMT cho các gói thầu',NULL,'Đơn vị tư vấn',NULL,'Báo cáo thẩm định',10,'CHUA_THUC_HIEN',NULL,NULL,NULL,NULL,NULL,29,NULL,NULL,'2026-03-15 06:43:20','2026-03-24 03:23:01'),(370,4,26,23,NULL,'THUC_HIEN_DAU_TU',NULL,'Phê duyệt E-HSMT',NULL,'Chủ đầu tư',NULL,'Quyết định phê duyệt E-HSMT; E-HSMT chính thức',2,'CHUA_THUC_HIEN',NULL,NULL,NULL,NULL,NULL,30,NULL,NULL,'2026-03-15 06:43:20','2026-03-24 03:23:01'),(371,4,27,24,NULL,'THUC_HIEN_DAU_TU',NULL,'Đăng thông báo mời thầu',NULL,'Chủ đầu tư','Đơn vị tư vấn',NULL,1,'CHUA_THUC_HIEN',NULL,NULL,NULL,NULL,NULL,31,NULL,NULL,'2026-03-15 06:43:20','2026-03-24 03:23:01'),(372,4,28,25,NULL,'THUC_HIEN_DAU_TU',NULL,'Phát hành E-HSMT',NULL,'Chủ đầu tư',NULL,'E-HSMT',18,'CHUA_THUC_HIEN',NULL,NULL,NULL,NULL,NULL,32,NULL,NULL,'2026-03-15 06:43:20','2026-03-24 03:23:01'),(373,4,29,26,NULL,'THUC_HIEN_DAU_TU',NULL,'Nhận E-HSDT',NULL,'Chủ đầu tư',NULL,'E-HSDT',0,'CHUA_THUC_HIEN',NULL,NULL,NULL,NULL,NULL,33,NULL,NULL,'2026-03-15 06:43:20','2026-03-24 03:23:01'),(374,4,30,27,NULL,'THUC_HIEN_DAU_TU',NULL,'Đóng/mở thầu',NULL,'Đơn vị tư vấn, nhà thầu','Chủ đầu tư','Biên bản đóng/mở thầu',0,'CHUA_THUC_HIEN',NULL,NULL,NULL,NULL,NULL,34,NULL,NULL,'2026-03-15 06:43:20','2026-03-24 03:23:01'),(375,4,31,28,NULL,'THUC_HIEN_DAU_TU',NULL,'Đánh giá HSĐXKT',NULL,'Đơn vị tư vấn',NULL,'Báo cáo đánh giá HSĐXKT',10,'CHUA_THUC_HIEN',NULL,NULL,NULL,NULL,NULL,35,NULL,NULL,'2026-03-15 06:43:20','2026-03-24 03:23:01'),(376,4,32,29,NULL,'THUC_HIEN_DAU_TU',NULL,'Bàn giao Báo cáo Đánh giá HSĐXKT',NULL,'Đơn vị tư vấn','Chủ đầu tư','Báo cáo Đánh giá HSĐXKT, các QĐ, công văn, tờ trình',0,'CHUA_THUC_HIEN',NULL,NULL,NULL,NULL,NULL,36,NULL,NULL,'2026-03-15 06:43:20','2026-03-24 03:23:01'),(377,4,33,30,NULL,'THUC_HIEN_DAU_TU',NULL,'Bàn giao BC đánh giá HSĐXKT cho ĐV TV thẩm định',NULL,'Chủ đầu tư','Đơn vị tư vấn thẩm định thầu',NULL,0,'CHUA_THUC_HIEN',NULL,NULL,NULL,NULL,NULL,37,NULL,NULL,'2026-03-15 06:43:20','2026-03-24 03:23:01'),(378,4,34,31,NULL,'THUC_HIEN_DAU_TU',NULL,'Tổ chức thẩm định báo cáo đánh giá HSĐXKT',NULL,'Đơn vị tư vấn thẩm định thầu',NULL,'Báo cáo thẩm định kết quả đánh giá HSĐXKT',10,'CHUA_THUC_HIEN',NULL,NULL,NULL,NULL,NULL,38,NULL,NULL,'2026-03-15 06:43:20','2026-03-24 03:23:01'),(379,4,35,32,NULL,'THUC_HIEN_DAU_TU',NULL,'Bàn giao BC thẩm định kết quả đánh giá HSĐXKT',NULL,'Đơn vị tư vấn thẩm định thầu','Chủ đầu tư','Báo cáo thẩm định, các QĐ, công văn, tờ trình',0,'CHUA_THUC_HIEN',NULL,NULL,NULL,NULL,NULL,39,NULL,NULL,'2026-03-15 06:43:20','2026-03-24 03:23:01'),(380,4,36,33,NULL,'THUC_HIEN_DAU_TU',NULL,'Phê duyệt danh sách nhà thầu đáp ứng yêu cầu kỹ thuật',NULL,'Chủ đầu tư',NULL,'Quyết định phê duyệt danh sách nhà thầu đáp ứng YCKT',1,'CHUA_THUC_HIEN',NULL,NULL,NULL,NULL,NULL,40,NULL,NULL,'2026-03-15 06:43:20','2026-03-24 03:23:01'),(381,4,37,34,NULL,'THUC_HIEN_DAU_TU',NULL,'Mở HSĐXTC',NULL,'Đơn vị tư vấn, nhà thầu','Chủ đầu tư','Biên bản mở thầu',0,'CHUA_THUC_HIEN',NULL,NULL,NULL,NULL,NULL,41,NULL,NULL,'2026-03-15 06:43:20','2026-03-24 03:23:01'),(382,4,38,35,NULL,'THUC_HIEN_DAU_TU',NULL,'Đánh giá HSĐXTC',NULL,'Đơn vị tư vấn',NULL,'Báo cáo đánh giá HSĐXTC',5,'CHUA_THUC_HIEN',NULL,NULL,NULL,NULL,NULL,42,NULL,NULL,'2026-03-15 06:43:20','2026-03-24 03:23:01'),(383,4,39,36,NULL,'THUC_HIEN_DAU_TU',NULL,'Bàn giao Báo cáo Đánh giá HSĐXTC',NULL,'Đơn vị tư vấn','Chủ đầu tư','Báo cáo Đánh giá HSĐXTC, các QĐ, công văn, tờ trình',0,'CHUA_THUC_HIEN',NULL,NULL,NULL,NULL,NULL,43,NULL,NULL,'2026-03-15 06:43:20','2026-03-24 03:23:01'),(384,4,40,37,NULL,'THUC_HIEN_DAU_TU',NULL,'Mời thương thảo',NULL,'Chủ đầu tư','Nhà thầu',NULL,0,'CHUA_THUC_HIEN',NULL,NULL,NULL,NULL,NULL,44,NULL,NULL,'2026-03-15 06:43:20','2026-03-24 03:23:01'),(385,4,41,38,NULL,'THUC_HIEN_DAU_TU',NULL,'Thương thảo hợp đồng',NULL,'Chủ đầu tư, Nhà thầu đạt',NULL,NULL,1,'CHUA_THUC_HIEN',NULL,NULL,NULL,NULL,NULL,45,NULL,NULL,'2026-03-15 06:43:20','2026-03-24 03:23:01'),(386,4,42,39,NULL,'THUC_HIEN_DAU_TU',NULL,'Bàn giao BC đánh giá HSĐXTC và BB thương thảo',NULL,'Chủ đầu tư','Đơn vị tư vấn thẩm định thầu',NULL,2,'CHUA_THUC_HIEN',NULL,NULL,NULL,NULL,NULL,46,NULL,NULL,'2026-03-15 06:43:20','2026-03-24 03:23:01'),(387,4,43,40,NULL,'THUC_HIEN_DAU_TU',NULL,'Tổ chức thẩm định kết quả lựa chọn nhà thầu',NULL,'Đơn vị tư vấn thẩm định thầu',NULL,'Báo cáo thẩm định kết quả lựa chọn nhà thầu',5,'CHUA_THUC_HIEN',NULL,NULL,NULL,NULL,NULL,47,NULL,NULL,'2026-03-15 06:43:20','2026-03-24 03:23:01'),(388,4,44,41,NULL,'THUC_HIEN_DAU_TU',NULL,'Bàn giao BC thẩm định kết quả lựa chọn nhà thầu',NULL,'Đơn vị tư vấn thẩm định thầu','Chủ đầu tư','Báo cáo thẩm định, công văn, tờ trình',0,'CHUA_THUC_HIEN',NULL,NULL,NULL,NULL,NULL,48,NULL,NULL,'2026-03-15 06:43:20','2026-03-24 03:23:01'),(389,4,45,42,NULL,'THUC_HIEN_DAU_TU',NULL,'Phê duyệt kết quả lựa chọn nhà thầu',NULL,'Chủ đầu tư','Đơn vị tư vấn','Quyết định phê duyệt kết quả lựa chọn nhà thầu',2,'CHUA_THUC_HIEN',NULL,NULL,NULL,NULL,NULL,49,NULL,NULL,'2026-03-15 06:43:20','2026-03-24 03:23:01'),(390,4,46,43,NULL,'THUC_HIEN_DAU_TU',NULL,'Thông báo phê duyệt kết quả lựa chọn nhà thầu',NULL,'Chủ đầu tư','Đơn vị tư vấn',NULL,0,'CHUA_THUC_HIEN',NULL,NULL,NULL,NULL,NULL,50,NULL,NULL,'2026-03-15 06:43:20','2026-03-24 03:23:01'),(391,4,47,44,NULL,'THUC_HIEN_DAU_TU',NULL,'Đăng tải KQLCNT',NULL,'Chủ đầu tư','Đơn vị tư vấn',NULL,0,'CHUA_THUC_HIEN',NULL,NULL,NULL,NULL,NULL,52,NULL,NULL,'2026-03-15 06:43:20','2026-03-24 03:23:01'),(392,4,48,45,NULL,'THUC_HIEN_DAU_TU',NULL,'Thương thảo hoàn thiện hợp đồng, ký kết hợp đồng và tổ chức triển khai',NULL,'Chủ đầu tư, Nhà thầu đạt','Đơn vị tư vấn','Hợp đồng',7,'CHUA_THUC_HIEN',NULL,NULL,NULL,NULL,NULL,53,NULL,NULL,'2026-03-15 06:43:20','2026-03-24 03:23:01'),(393,4,49,46,NULL,'THUC_HIEN_DAU_TU',NULL,'Triển khai hợp đồng',NULL,'Chủ đầu tư, Nhà thầu, Đơn vị tư vấn','Đơn vị tư vấn','Nhật ký thi công',1,'CHUA_THUC_HIEN',NULL,NULL,NULL,NULL,NULL,54,9,NULL,'2026-03-15 06:43:20','2026-03-24 03:23:01'),(394,4,50,47,NULL,'THUC_HIEN_DAU_TU',NULL,'Quản lý dự án',NULL,'Chủ đầu tư, Nhà thầu, Đơn vị tư vấn','Đơn vị tư vấn','Báo cáo quản lý dự án',120,'CHUA_THUC_HIEN',NULL,NULL,NULL,NULL,NULL,55,NULL,NULL,'2026-03-15 06:43:20','2026-03-24 03:23:01'),(395,4,51,48,NULL,'THUC_HIEN_DAU_TU',NULL,'Giám sát',NULL,'Chủ đầu tư, Nhà thầu, Đơn vị tư vấn','Đơn vị tư vấn','Báo cáo giám sát, nhật ký giám sát',120,'CHUA_THUC_HIEN',NULL,NULL,NULL,NULL,NULL,56,NULL,NULL,'2026-03-15 06:43:20','2026-03-24 03:23:01'),(396,4,52,49,NULL,'THUC_HIEN_DAU_TU',NULL,'Dự phòng',NULL,'Chủ đầu tư','Đơn vị tư vấn',NULL,30,'CHUA_THUC_HIEN',NULL,NULL,NULL,NULL,NULL,57,NULL,NULL,'2026-03-15 06:43:20','2026-03-24 03:23:01'),(397,4,53,50,NULL,'KET_THUC_DAU_TU',NULL,'Bàn giao/nghiệm thu sản phẩm và dự án',NULL,'Chủ đầu tư, Nhà thầu, Đơn vị tư vấn','Đơn vị tư vấn','Hồ sơ nghiệm thu và bàn giao',30,'CHUA_THUC_HIEN',NULL,NULL,NULL,NULL,NULL,58,NULL,NULL,'2026-03-15 06:43:20','2026-03-24 03:23:01'),(398,4,54,51,NULL,'KET_THUC_DAU_TU',NULL,'Tổng nghiệm thu',NULL,'Chủ đầu tư, Nhà thầu, Đơn vị tư vấn','Đơn vị tư vấn','Hồ sơ tổng nghiệm thu',0,'CHUA_THUC_HIEN',NULL,NULL,NULL,NULL,NULL,59,NULL,NULL,'2026-03-15 06:43:20','2026-03-24 03:23:01'),(399,4,55,52,NULL,'KET_THUC_DAU_TU',NULL,'Quyết toán vốn đầu tư',NULL,'Chủ đầu tư','Các đơn vị tư vấn, nhà thầu','Hồ sơ quyết toán',0,'CHUA_THUC_HIEN',NULL,NULL,NULL,NULL,NULL,60,NULL,NULL,'2026-03-15 06:43:20','2026-03-24 03:23:01'),(478,6,95,1,NULL,'BAO_GIA',NULL,'Báo giá',NULL,'VNPT',NULL,'Bảng báo giá',3,'CHUA_THUC_HIEN',NULL,NULL,NULL,NULL,NULL,1,NULL,NULL,'2026-03-15 18:04:32','2026-03-15 18:04:32'),(479,4,NULL,53,NULL,'CHUAN_BI',NULL,'Trình tự thủ tục tự thêm',NULL,'Sở KHCN',NULL,NULL,1,'HOAN_THANH',NULL,NULL,'2024-12-01','2024-12-01',NULL,12,9,NULL,'2026-03-16 07:08:41','2026-03-24 03:23:01'),(480,4,NULL,54,NULL,'CHUAN_BI_DAU_TU',NULL,'Thống nhất phê duyệt hồ sơ báo cáo ktkt',NULL,NULL,NULL,NULL,1,'CHUA_THUC_HIEN',NULL,NULL,NULL,NULL,NULL,14,NULL,NULL,'2026-03-16 07:22:17','2026-03-24 03:23:01'),(481,7,95,1,NULL,'BAO_GIA',NULL,'Báo giá',NULL,'VNPT',NULL,'Bảng báo giá',3,'CHUA_THUC_HIEN',NULL,NULL,NULL,NULL,NULL,1,NULL,NULL,'2026-03-18 06:07:23','2026-03-18 06:07:23'),(482,8,1,1,NULL,'CHUAN_BI',NULL,'Báo cáo đề xuất chủ trương đầu tư',NULL,'Chủ đầu tư',NULL,'Tờ trình và báo cáo ĐXCT đầu tư',0,'CHUA_THUC_HIEN',NULL,NULL,NULL,NULL,NULL,1,NULL,NULL,'2026-03-18 06:07:30','2026-03-18 06:07:30'),(483,8,2,2,NULL,'CHUAN_BI',NULL,'Báo cáo kết quả thẩm định ĐXCT',NULL,'Sở KHCN',NULL,'Thành công',1,'DANG_THUC_HIEN',NULL,NULL,NULL,NULL,NULL,2,9,NULL,'2026-03-18 06:07:30','2026-03-18 06:08:23'),(484,8,3,3,NULL,'CHUAN_BI',NULL,'Phê duyệt chủ trương thực hiện',NULL,'UBND Tỉnh Hậu Giang',NULL,'Quyết định chủ trương',0,'CHUA_THUC_HIEN',NULL,NULL,NULL,NULL,NULL,3,NULL,NULL,'2026-03-18 06:07:30','2026-03-18 06:07:30'),(485,8,4,4,NULL,'CHUAN_BI',NULL,'Lập dự toán giai đoạn chuẩn bị đầu tư',NULL,'Chủ đầu tư',NULL,NULL,0,'CHUA_THUC_HIEN',NULL,NULL,NULL,NULL,NULL,4,NULL,NULL,'2026-03-18 06:07:30','2026-03-18 06:07:30'),(486,8,5,5,NULL,'CHUAN_BI',NULL,'Phê duyệt dự toán giai đoạn chuẩn bị đầu tư',NULL,'Sở KHĐT',NULL,NULL,0,'CHUA_THUC_HIEN',NULL,NULL,NULL,NULL,NULL,5,NULL,NULL,'2026-03-18 06:07:30','2026-03-18 06:07:30'),(487,8,6,6,NULL,'CHUAN_BI',NULL,'Lập kế hoạch lựa chọn nhà thầu giai đoạn chuẩn bị đầu tư',NULL,'Chủ đầu tư',NULL,NULL,0,'CHUA_THUC_HIEN',NULL,NULL,NULL,NULL,NULL,6,NULL,NULL,'2026-03-18 06:07:30','2026-03-18 06:07:30'),(488,8,7,7,NULL,'CHUAN_BI',NULL,'Tờ trình phê duyệt KHLCNT nhiệm vụ chuẩn bị đầu tư',NULL,'Chủ đầu tư',NULL,NULL,0,'CHUA_THUC_HIEN',NULL,NULL,NULL,NULL,NULL,7,NULL,NULL,'2026-03-18 06:07:30','2026-03-18 06:07:30'),(489,8,8,8,NULL,'CHUAN_BI',NULL,'Phê duyệt kế hoạch lựa chọn nhà thầu giai đoạn chuẩn bị đầu tư',NULL,'Chủ đầu tư',NULL,NULL,0,'CHUA_THUC_HIEN',NULL,NULL,NULL,NULL,NULL,8,NULL,NULL,'2026-03-18 06:07:30','2026-03-18 06:07:30'),(490,8,9,9,NULL,'CHUAN_BI_DAU_TU',NULL,'Chọn lựa nhà thầu tư vấn khảo sát, thẩm định giá, tư vấn lập báo cáo kinh tế kỹ thuật, tư vấn thẩm tra báo cáo kinh tế kỹ thuật',NULL,'Chủ đầu tư','Các đơn vị tư vấn','Biên bản thương thảo; Quyết định chỉ định thầu; Các hợp đồng tư vấn',3,'CHUA_THUC_HIEN',NULL,NULL,NULL,NULL,NULL,9,NULL,NULL,'2026-03-18 06:07:30','2026-03-18 06:07:30'),(491,8,10,10,NULL,'CHUAN_BI_DAU_TU',NULL,'Lập nhiệm vụ khảo sát',NULL,'Đơn vị tư vấn','Chủ đầu tư','Nhiệm vụ khảo sát',3,'CHUA_THUC_HIEN',NULL,NULL,NULL,NULL,NULL,10,NULL,NULL,'2026-03-18 06:07:30','2026-03-18 06:07:30'),(492,8,11,11,NULL,'CHUAN_BI_DAU_TU',NULL,'Phê duyệt nhiệm vụ khảo sát',NULL,'Chủ đầu tư',NULL,NULL,3,'CHUA_THUC_HIEN',NULL,NULL,NULL,NULL,NULL,11,NULL,NULL,'2026-03-18 06:07:30','2026-03-18 06:07:30'),(494,8,13,13,NULL,'CHUAN_BI_DAU_TU',NULL,'Lập báo cáo kinh tế kỹ thuật',NULL,'Đơn vị tư vấn','Chủ đầu tư','Hồ sơ báo cáo kinh tế kỹ thuật',30,'CHUA_THUC_HIEN',NULL,NULL,NULL,NULL,NULL,13,NULL,NULL,'2026-03-18 06:07:30','2026-03-18 06:07:30'),(496,8,15,15,NULL,'CHUAN_BI_DAU_TU',NULL,'Thẩm tra báo cáo kinh tế kỹ thuật',NULL,'Đơn vị tư vấn thẩm tra','Chủ đầu tư','Báo cáo thẩm tra báo cáo kinh tế kỹ thuật',30,'CHUA_THUC_HIEN',NULL,NULL,NULL,NULL,NULL,15,NULL,NULL,'2026-03-18 06:07:30','2026-03-18 06:07:30'),(497,8,16,16,NULL,'CHUAN_BI_DAU_TU',NULL,'Trình phê duyệt Hồ sơ báo cáo kinh tế kỹ thuật',NULL,'Chủ đầu tư','Đơn vị tư vấn','Hồ sơ báo cáo kinh tế kỹ thuật - hoàn chỉnh',5,'CHUA_THUC_HIEN',NULL,NULL,NULL,NULL,NULL,16,NULL,NULL,'2026-03-18 06:07:30','2026-03-18 06:07:30'),(498,8,17,17,NULL,'CHUAN_BI_DAU_TU',NULL,'Phê duyệt Hồ sơ báo cáo kinh tế kỹ thuật',NULL,'Cơ quan có thẩm quyền','Chủ đầu tư','Quyết định phê duyệt Hồ sơ báo cáo kinh tế kỹ thuật',15,'CHUA_THUC_HIEN',NULL,NULL,NULL,NULL,NULL,17,NULL,NULL,'2026-03-18 06:07:30','2026-03-18 06:07:30'),(499,8,18,18,NULL,'THUC_HIEN_DAU_TU',NULL,'Lập kế hoạch lựa chọn nhà thầu',NULL,'Chủ đầu tư',NULL,'Tờ trình phê duyệt Kế hoạch lựa chọn nhà thầu giai đoạn thực hiện đầu tư',2,'CHUA_THUC_HIEN',NULL,NULL,NULL,NULL,NULL,18,NULL,NULL,'2026-03-18 06:07:30','2026-03-18 06:07:30'),(500,8,19,19,NULL,'THUC_HIEN_DAU_TU',NULL,'Phê duyệt kế hoạch lựa chọn nhà thầu',NULL,'Cơ quan có thẩm quyền','Chủ đầu tư','QĐ phê duyệt kế hoạch lựa chọn nhà thầu',2,'CHUA_THUC_HIEN',NULL,NULL,NULL,NULL,NULL,19,NULL,NULL,'2026-03-18 06:07:30','2026-03-18 06:07:30'),(501,8,20,20,NULL,'THUC_HIEN_DAU_TU',NULL,'Chọn lựa nhà thầu tư vấn quản lý dự án, tư vấn đấu thầu, tư vấn thẩm định thầu, tư vấn giám sát',NULL,'Chủ đầu tư','Các đơn vị tư vấn','Biên bản thương thảo; Quyết định chỉ định; Các hợp đồng tư vấn',3,'CHUA_THUC_HIEN',NULL,NULL,NULL,NULL,NULL,20,NULL,NULL,'2026-03-18 06:07:30','2026-03-18 06:07:30'),(502,8,21,20,501,'THUC_HIEN_DAU_TU',NULL,'Thương thảo',NULL,'Chủ đầu tư','Các đơn vị tư vấn',NULL,1,'CHUA_THUC_HIEN',NULL,NULL,NULL,NULL,NULL,21,NULL,NULL,'2026-03-18 06:07:30','2026-03-18 06:07:30'),(503,8,22,20,501,'THUC_HIEN_DAU_TU',NULL,'QĐ chỉ định thầu',NULL,'Chủ đầu tư','Các đơn vị tư vấn',NULL,1,'CHUA_THUC_HIEN',NULL,NULL,NULL,NULL,NULL,22,NULL,NULL,'2026-03-18 06:07:30','2026-03-18 06:07:30'),(504,8,23,20,501,'THUC_HIEN_DAU_TU',NULL,'Hợp đồng',NULL,'Chủ đầu tư','Các đơn vị tư vấn',NULL,1,'CHUA_THUC_HIEN',NULL,NULL,NULL,NULL,NULL,23,NULL,NULL,'2026-03-18 06:07:30','2026-03-18 06:07:30'),(505,8,24,21,NULL,'THUC_HIEN_DAU_TU',NULL,'Tổ chức lập E-HSMT cho các gói thầu',NULL,'Đơn vị tư vấn','Chủ đầu tư','E-HSMT',15,'CHUA_THUC_HIEN',NULL,NULL,NULL,NULL,NULL,24,NULL,NULL,'2026-03-18 06:07:30','2026-03-18 06:07:30'),(506,8,25,22,NULL,'THUC_HIEN_DAU_TU',NULL,'Tổ chức thẩm định E-HSMT cho các gói thầu',NULL,'Đơn vị tư vấn',NULL,'Báo cáo thẩm định',10,'CHUA_THUC_HIEN',NULL,NULL,NULL,NULL,NULL,25,NULL,NULL,'2026-03-18 06:07:30','2026-03-18 06:07:30'),(507,8,26,23,NULL,'THUC_HIEN_DAU_TU',NULL,'Phê duyệt E-HSMT',NULL,'Chủ đầu tư',NULL,'Quyết định phê duyệt E-HSMT; E-HSMT chính thức',2,'CHUA_THUC_HIEN',NULL,NULL,NULL,NULL,NULL,26,NULL,NULL,'2026-03-18 06:07:30','2026-03-18 06:07:30'),(508,8,27,24,NULL,'THUC_HIEN_DAU_TU',NULL,'Đăng thông báo mời thầu',NULL,'Chủ đầu tư','Đơn vị tư vấn',NULL,1,'CHUA_THUC_HIEN',NULL,NULL,NULL,NULL,NULL,27,NULL,NULL,'2026-03-18 06:07:30','2026-03-18 06:07:30'),(509,8,28,25,NULL,'THUC_HIEN_DAU_TU',NULL,'Phát hành E-HSMT',NULL,'Chủ đầu tư',NULL,'E-HSMT',18,'CHUA_THUC_HIEN',NULL,NULL,NULL,NULL,NULL,28,NULL,NULL,'2026-03-18 06:07:30','2026-03-18 06:07:30'),(510,8,29,26,NULL,'THUC_HIEN_DAU_TU',NULL,'Nhận E-HSDT',NULL,'Chủ đầu tư',NULL,'E-HSDT',0,'CHUA_THUC_HIEN',NULL,NULL,NULL,NULL,NULL,29,NULL,NULL,'2026-03-18 06:07:30','2026-03-18 06:07:30'),(511,8,30,27,NULL,'THUC_HIEN_DAU_TU',NULL,'Đóng/mở thầu',NULL,'Đơn vị tư vấn, nhà thầu','Chủ đầu tư','Biên bản đóng/mở thầu',0,'CHUA_THUC_HIEN',NULL,NULL,NULL,NULL,NULL,30,NULL,NULL,'2026-03-18 06:07:30','2026-03-18 06:07:30'),(512,8,31,28,NULL,'THUC_HIEN_DAU_TU',NULL,'Đánh giá HSĐXKT',NULL,'Đơn vị tư vấn',NULL,'Báo cáo đánh giá HSĐXKT',10,'CHUA_THUC_HIEN',NULL,NULL,NULL,NULL,NULL,31,NULL,NULL,'2026-03-18 06:07:30','2026-03-18 06:07:30'),(513,8,32,29,NULL,'THUC_HIEN_DAU_TU',NULL,'Bàn giao Báo cáo Đánh giá HSĐXKT',NULL,'Đơn vị tư vấn','Chủ đầu tư','Báo cáo Đánh giá HSĐXKT, các QĐ, công văn, tờ trình',0,'CHUA_THUC_HIEN',NULL,NULL,NULL,NULL,NULL,32,NULL,NULL,'2026-03-18 06:07:30','2026-03-18 06:07:30'),(514,8,33,30,NULL,'THUC_HIEN_DAU_TU',NULL,'Bàn giao BC đánh giá HSĐXKT cho ĐV TV thẩm định',NULL,'Chủ đầu tư','Đơn vị tư vấn thẩm định thầu',NULL,0,'CHUA_THUC_HIEN',NULL,NULL,NULL,NULL,NULL,33,NULL,NULL,'2026-03-18 06:07:30','2026-03-18 06:07:30'),(515,8,34,31,NULL,'THUC_HIEN_DAU_TU',NULL,'Tổ chức thẩm định báo cáo đánh giá HSĐXKT',NULL,'Đơn vị tư vấn thẩm định thầu',NULL,'Báo cáo thẩm định kết quả đánh giá HSĐXKT',10,'CHUA_THUC_HIEN',NULL,NULL,NULL,NULL,NULL,34,NULL,NULL,'2026-03-18 06:07:30','2026-03-18 06:07:30'),(516,8,35,32,NULL,'THUC_HIEN_DAU_TU',NULL,'Bàn giao BC thẩm định kết quả đánh giá HSĐXKT',NULL,'Đơn vị tư vấn thẩm định thầu','Chủ đầu tư','Báo cáo thẩm định, các QĐ, công văn, tờ trình',0,'CHUA_THUC_HIEN',NULL,NULL,NULL,NULL,NULL,35,NULL,NULL,'2026-03-18 06:07:30','2026-03-18 06:07:30'),(517,8,36,33,NULL,'THUC_HIEN_DAU_TU',NULL,'Phê duyệt danh sách nhà thầu đáp ứng yêu cầu kỹ thuật',NULL,'Chủ đầu tư',NULL,'Quyết định phê duyệt danh sách nhà thầu đáp ứng YCKT',1,'CHUA_THUC_HIEN',NULL,NULL,NULL,NULL,NULL,36,NULL,NULL,'2026-03-18 06:07:30','2026-03-18 06:07:30'),(518,8,37,34,NULL,'THUC_HIEN_DAU_TU',NULL,'Mở HSĐXTC',NULL,'Đơn vị tư vấn, nhà thầu','Chủ đầu tư','Biên bản mở thầu',0,'CHUA_THUC_HIEN',NULL,NULL,NULL,NULL,NULL,37,NULL,NULL,'2026-03-18 06:07:30','2026-03-18 06:07:30'),(519,8,38,35,NULL,'THUC_HIEN_DAU_TU',NULL,'Đánh giá HSĐXTC',NULL,'Đơn vị tư vấn',NULL,'Báo cáo đánh giá HSĐXTC',5,'CHUA_THUC_HIEN',NULL,NULL,NULL,NULL,NULL,38,NULL,NULL,'2026-03-18 06:07:30','2026-03-18 06:07:30'),(520,8,39,36,NULL,'THUC_HIEN_DAU_TU',NULL,'Bàn giao Báo cáo Đánh giá HSĐXTC',NULL,'Đơn vị tư vấn','Chủ đầu tư','Báo cáo Đánh giá HSĐXTC, các QĐ, công văn, tờ trình',0,'CHUA_THUC_HIEN',NULL,NULL,NULL,NULL,NULL,39,NULL,NULL,'2026-03-18 06:07:30','2026-03-18 06:07:30'),(521,8,40,37,NULL,'THUC_HIEN_DAU_TU',NULL,'Mời thương thảo',NULL,'Chủ đầu tư','Nhà thầu',NULL,0,'CHUA_THUC_HIEN',NULL,NULL,NULL,NULL,NULL,40,NULL,NULL,'2026-03-18 06:07:30','2026-03-18 06:07:30'),(522,8,41,38,NULL,'THUC_HIEN_DAU_TU',NULL,'Thương thảo hợp đồng',NULL,'Chủ đầu tư, Nhà thầu đạt',NULL,NULL,1,'CHUA_THUC_HIEN',NULL,NULL,NULL,NULL,NULL,41,NULL,NULL,'2026-03-18 06:07:30','2026-03-18 06:07:30'),(523,8,42,39,NULL,'THUC_HIEN_DAU_TU',NULL,'Bàn giao BC đánh giá HSĐXTC và BB thương thảo',NULL,'Chủ đầu tư','Đơn vị tư vấn thẩm định thầu',NULL,2,'CHUA_THUC_HIEN',NULL,NULL,NULL,NULL,NULL,42,NULL,NULL,'2026-03-18 06:07:30','2026-03-18 06:07:30'),(524,8,43,40,NULL,'THUC_HIEN_DAU_TU',NULL,'Tổ chức thẩm định kết quả lựa chọn nhà thầu',NULL,'Đơn vị tư vấn thẩm định thầu',NULL,'Báo cáo thẩm định kết quả lựa chọn nhà thầu',5,'CHUA_THUC_HIEN',NULL,NULL,NULL,NULL,NULL,43,NULL,NULL,'2026-03-18 06:07:30','2026-03-18 06:07:30'),(525,8,44,41,NULL,'THUC_HIEN_DAU_TU',NULL,'Bàn giao BC thẩm định kết quả lựa chọn nhà thầu',NULL,'Đơn vị tư vấn thẩm định thầu','Chủ đầu tư','Báo cáo thẩm định, công văn, tờ trình',0,'CHUA_THUC_HIEN',NULL,NULL,NULL,NULL,NULL,44,NULL,NULL,'2026-03-18 06:07:30','2026-03-18 06:07:30'),(526,8,45,42,NULL,'THUC_HIEN_DAU_TU',NULL,'Phê duyệt kết quả lựa chọn nhà thầu',NULL,'Chủ đầu tư','Đơn vị tư vấn','Quyết định phê duyệt kết quả lựa chọn nhà thầu',2,'CHUA_THUC_HIEN',NULL,NULL,NULL,NULL,NULL,45,NULL,NULL,'2026-03-18 06:07:30','2026-03-18 06:07:30'),(527,8,46,43,NULL,'THUC_HIEN_DAU_TU',NULL,'Thông báo phê duyệt kết quả lựa chọn nhà thầu',NULL,'Chủ đầu tư','Đơn vị tư vấn',NULL,0,'CHUA_THUC_HIEN',NULL,NULL,NULL,NULL,NULL,46,NULL,NULL,'2026-03-18 06:07:30','2026-03-18 06:07:30'),(528,8,47,44,NULL,'THUC_HIEN_DAU_TU',NULL,'Đăng tải KQLCNT',NULL,'Chủ đầu tư','Đơn vị tư vấn',NULL,0,'CHUA_THUC_HIEN',NULL,NULL,NULL,NULL,NULL,47,NULL,NULL,'2026-03-18 06:07:30','2026-03-18 06:07:30'),(529,8,48,45,NULL,'THUC_HIEN_DAU_TU',NULL,'Thương thảo hoàn thiện hợp đồng, ký kết hợp đồng và tổ chức triển khai',NULL,'Chủ đầu tư, Nhà thầu đạt','Đơn vị tư vấn','Hợp đồng',7,'CHUA_THUC_HIEN',NULL,NULL,NULL,NULL,NULL,48,NULL,NULL,'2026-03-18 06:07:30','2026-03-18 06:07:30'),(530,8,49,46,NULL,'THUC_HIEN_DAU_TU',NULL,'Triển khai hợp đồng',NULL,'Chủ đầu tư, Nhà thầu, Đơn vị tư vấn','Đơn vị tư vấn','Nhật ký thi công',120,'CHUA_THUC_HIEN',NULL,NULL,NULL,NULL,NULL,49,NULL,NULL,'2026-03-18 06:07:30','2026-03-18 06:07:30'),(531,8,50,47,NULL,'THUC_HIEN_DAU_TU',NULL,'Quản lý dự án',NULL,'Chủ đầu tư, Nhà thầu, Đơn vị tư vấn','Đơn vị tư vấn','Báo cáo quản lý dự án',120,'CHUA_THUC_HIEN',NULL,NULL,NULL,NULL,NULL,50,NULL,NULL,'2026-03-18 06:07:30','2026-03-18 06:07:30'),(532,8,51,48,NULL,'THUC_HIEN_DAU_TU',NULL,'Giám sát',NULL,'Chủ đầu tư, Nhà thầu, Đơn vị tư vấn','Đơn vị tư vấn','Báo cáo giám sát, nhật ký giám sát',120,'CHUA_THUC_HIEN',NULL,NULL,NULL,NULL,NULL,51,NULL,NULL,'2026-03-18 06:07:30','2026-03-18 06:07:30'),(533,8,52,49,NULL,'THUC_HIEN_DAU_TU',NULL,'Dự phòng',NULL,'Chủ đầu tư','Đơn vị tư vấn',NULL,30,'CHUA_THUC_HIEN',NULL,NULL,NULL,NULL,NULL,52,NULL,NULL,'2026-03-18 06:07:30','2026-03-18 06:07:30'),(534,8,53,50,NULL,'KET_THUC_DAU_TU',NULL,'Bàn giao/nghiệm thu sản phẩm và dự án',NULL,'Chủ đầu tư, Nhà thầu, Đơn vị tư vấn','Đơn vị tư vấn','Hồ sơ nghiệm thu và bàn giao',30,'CHUA_THUC_HIEN',NULL,NULL,NULL,NULL,NULL,53,NULL,NULL,'2026-03-18 06:07:30','2026-03-18 06:07:30'),(535,8,54,51,NULL,'KET_THUC_DAU_TU',NULL,'Tổng nghiệm thu',NULL,'Chủ đầu tư, Nhà thầu, Đơn vị tư vấn','Đơn vị tư vấn','Hồ sơ tổng nghiệm thu',0,'CHUA_THUC_HIEN',NULL,NULL,NULL,NULL,NULL,54,NULL,NULL,'2026-03-18 06:07:30','2026-03-18 06:07:30'),(536,8,55,52,NULL,'KET_THUC_DAU_TU',NULL,'Quyết toán vốn đầu tư',NULL,'Chủ đầu tư','Các đơn vị tư vấn, nhà thầu','Hồ sơ quyết toán',0,'CHUA_THUC_HIEN',NULL,NULL,NULL,NULL,NULL,55,NULL,NULL,'2026-03-18 06:07:30','2026-03-18 06:07:30'),(538,4,NULL,56,349,'CHUAN_BI',NULL,'Thêm bước con phê duyệt dự toán giai đoạn chuẩn bị đầu tư',NULL,'Sở Nông nghiệp',NULL,NULL,0,'CHUA_THUC_HIEN',NULL,NULL,NULL,NULL,NULL,64,NULL,9,'2026-03-19 06:38:32','2026-03-24 03:23:01'),(539,4,NULL,57,NULL,'CHUAN_BI',NULL,'Bước tự thêm lần 2',NULL,'Đơn vị chủ tri',NULL,NULL,0,'CHUA_THUC_HIEN',NULL,NULL,NULL,NULL,NULL,65,NULL,9,'2026-03-19 06:45:22','2026-03-24 03:23:01'),(542,4,NULL,58,346,'CHUAN_BI',NULL,'2.1 Báo cáo kết quả thẩm định DXCT',NULL,NULL,NULL,NULL,0,'CHUA_THUC_HIEN',NULL,NULL,NULL,NULL,NULL,4,NULL,9,'2026-03-19 06:46:31','2026-03-19 06:46:31'),(543,4,NULL,59,390,'THUC_HIEN_DAU_TU',NULL,'Bổ sung thêm bước thông báo phê duyệt',NULL,'Chủ đầu tu',NULL,NULL,10,'CHUA_THUC_HIEN',NULL,NULL,NULL,NULL,NULL,51,NULL,9,'2026-03-19 14:43:23','2026-03-24 03:23:01'),(544,4,NULL,60,346,'CHUAN_BI',NULL,'COn báo cáo kết qả thẩm định',NULL,NULL,NULL,NULL,0,'CHUA_THUC_HIEN',NULL,NULL,NULL,NULL,NULL,5,9,9,'2026-03-24 03:23:01','2026-03-24 03:23:12');
/*!40000 ALTER TABLE `project_procedure_steps` ENABLE KEYS */;
UNLOCK TABLES;

--
-- Table structure for table `project_procedure_template_steps`
--

DROP TABLE IF EXISTS `project_procedure_template_steps`;
/*!40101 SET @saved_cs_client     = @@character_set_client */;
/*!50503 SET character_set_client = utf8mb4 */;
CREATE TABLE `project_procedure_template_steps` (
  `id` bigint unsigned NOT NULL AUTO_INCREMENT,
  `template_id` bigint unsigned NOT NULL,
  `step_number` int NOT NULL,
  `parent_step_id` bigint unsigned DEFAULT NULL,
  `phase` varchar(100) DEFAULT NULL,
  `step_name` varchar(500) NOT NULL,
  `step_detail` text,
  `lead_unit` varchar(500) DEFAULT NULL,
  `support_unit` varchar(500) DEFAULT NULL,
  `expected_result` text,
  `default_duration_days` int DEFAULT '0',
  `sort_order` int NOT NULL DEFAULT '0',
  `created_at` timestamp NULL DEFAULT NULL,
  `updated_at` timestamp NULL DEFAULT NULL,
  PRIMARY KEY (`id`),
  KEY `project_procedure_template_steps_parent_step_id_foreign` (`parent_step_id`),
  KEY `idx_template_sort` (`template_id`,`sort_order`),
  CONSTRAINT `project_procedure_template_steps_parent_step_id_foreign` FOREIGN KEY (`parent_step_id`) REFERENCES `project_procedure_template_steps` (`id`) ON DELETE SET NULL,
  CONSTRAINT `project_procedure_template_steps_template_id_foreign` FOREIGN KEY (`template_id`) REFERENCES `project_procedure_templates` (`id`) ON DELETE CASCADE
) ENGINE=InnoDB AUTO_INCREMENT=97 DEFAULT CHARSET=utf8mb4 COLLATE=utf8mb4_0900_ai_ci;
/*!40101 SET character_set_client = @saved_cs_client */;

--
-- Dumping data for table `project_procedure_template_steps`
--

LOCK TABLES `project_procedure_template_steps` WRITE;
/*!40000 ALTER TABLE `project_procedure_template_steps` DISABLE KEYS */;
INSERT INTO `project_procedure_template_steps` VALUES (1,1,1,NULL,'CHUAN_BI','Báo cáo đề xuất chủ trương đầu tư',NULL,'Chủ đầu tư',NULL,'Tờ trình và báo cáo ĐXCT đầu tư',0,1,'2026-03-14 03:50:13','2026-03-14 03:50:13'),(2,1,2,NULL,'CHUAN_BI','Báo cáo kết quả thẩm định ĐXCT',NULL,'Sở KHĐT',NULL,NULL,0,2,'2026-03-14 03:50:13','2026-03-14 03:50:13'),(3,1,3,NULL,'CHUAN_BI','Phê duyệt chủ trương thực hiện',NULL,'UBND Tỉnh Hậu Giang',NULL,'Quyết định chủ trương',0,3,'2026-03-14 03:50:13','2026-03-14 03:50:13'),(4,1,4,NULL,'CHUAN_BI','Lập dự toán giai đoạn chuẩn bị đầu tư',NULL,'Chủ đầu tư',NULL,NULL,0,4,'2026-03-14 03:50:13','2026-03-14 03:50:13'),(5,1,5,NULL,'CHUAN_BI','Phê duyệt dự toán giai đoạn chuẩn bị đầu tư',NULL,'Sở KHĐT',NULL,NULL,0,5,'2026-03-14 03:50:13','2026-03-14 03:50:13'),(6,1,6,NULL,'CHUAN_BI','Lập kế hoạch lựa chọn nhà thầu giai đoạn chuẩn bị đầu tư',NULL,'Chủ đầu tư',NULL,NULL,0,6,'2026-03-14 03:50:13','2026-03-14 03:50:13'),(7,1,7,NULL,'CHUAN_BI','Tờ trình phê duyệt KHLCNT nhiệm vụ chuẩn bị đầu tư',NULL,'Chủ đầu tư',NULL,NULL,0,7,'2026-03-14 03:50:13','2026-03-14 03:50:13'),(8,1,8,NULL,'CHUAN_BI','Phê duyệt kế hoạch lựa chọn nhà thầu giai đoạn chuẩn bị đầu tư',NULL,'Chủ đầu tư',NULL,NULL,0,8,'2026-03-14 03:50:13','2026-03-14 03:50:13'),(9,1,9,NULL,'CHUAN_BI_DAU_TU','Chọn lựa nhà thầu tư vấn khảo sát, thẩm định giá, tư vấn lập báo cáo kinh tế kỹ thuật, tư vấn thẩm tra báo cáo kinh tế kỹ thuật',NULL,'Chủ đầu tư','Các đơn vị tư vấn','Biên bản thương thảo; Quyết định chỉ định thầu; Các hợp đồng tư vấn',3,9,'2026-03-14 03:50:13','2026-03-14 03:50:13'),(10,1,10,NULL,'CHUAN_BI_DAU_TU','Lập nhiệm vụ khảo sát',NULL,'Đơn vị tư vấn','Chủ đầu tư','Nhiệm vụ khảo sát',3,10,'2026-03-14 03:50:13','2026-03-14 03:50:13'),(11,1,11,NULL,'CHUAN_BI_DAU_TU','Phê duyệt nhiệm vụ khảo sát',NULL,'Chủ đầu tư',NULL,NULL,3,11,'2026-03-14 03:50:13','2026-03-14 03:50:13'),(12,1,12,NULL,'CHUAN_BI_DAU_TU','Khảo sát',NULL,'Đơn vị tư vấn','Chủ đầu tư','Báo cáo khảo sát',6,12,'2026-03-14 03:50:13','2026-03-14 03:50:13'),(13,1,13,NULL,'CHUAN_BI_DAU_TU','Lập báo cáo kinh tế kỹ thuật',NULL,'Đơn vị tư vấn','Chủ đầu tư','Hồ sơ báo cáo kinh tế kỹ thuật',30,13,'2026-03-14 03:50:13','2026-03-14 03:50:13'),(14,1,14,NULL,'CHUAN_BI_DAU_TU','Thẩm định giá',NULL,'Đơn vị tư vấn','Chủ đầu tư','Chứng thư thẩm định giá',30,14,'2026-03-14 03:50:13','2026-03-14 03:50:13'),(15,1,15,NULL,'CHUAN_BI_DAU_TU','Thẩm tra báo cáo kinh tế kỹ thuật',NULL,'Đơn vị tư vấn thẩm tra','Chủ đầu tư','Báo cáo thẩm tra báo cáo kinh tế kỹ thuật',30,15,'2026-03-14 03:50:13','2026-03-14 03:50:13'),(16,1,16,NULL,'CHUAN_BI_DAU_TU','Trình phê duyệt Hồ sơ báo cáo kinh tế kỹ thuật',NULL,'Chủ đầu tư','Đơn vị tư vấn','Hồ sơ báo cáo kinh tế kỹ thuật - hoàn chỉnh',5,16,'2026-03-14 03:50:13','2026-03-14 03:50:13'),(17,1,17,NULL,'CHUAN_BI_DAU_TU','Phê duyệt Hồ sơ báo cáo kinh tế kỹ thuật',NULL,'Cơ quan có thẩm quyền','Chủ đầu tư','Quyết định phê duyệt Hồ sơ báo cáo kinh tế kỹ thuật',15,17,'2026-03-14 03:50:13','2026-03-14 03:50:13'),(18,1,18,NULL,'THUC_HIEN_DAU_TU','Lập kế hoạch lựa chọn nhà thầu',NULL,'Chủ đầu tư',NULL,'Tờ trình phê duyệt Kế hoạch lựa chọn nhà thầu giai đoạn thực hiện đầu tư',2,18,'2026-03-14 03:50:13','2026-03-14 03:50:13'),(19,1,19,NULL,'THUC_HIEN_DAU_TU','Phê duyệt kế hoạch lựa chọn nhà thầu',NULL,'Cơ quan có thẩm quyền','Chủ đầu tư','QĐ phê duyệt kế hoạch lựa chọn nhà thầu',2,19,'2026-03-14 03:50:13','2026-03-14 03:50:13'),(20,1,20,NULL,'THUC_HIEN_DAU_TU','Chọn lựa nhà thầu tư vấn quản lý dự án, tư vấn đấu thầu, tư vấn thẩm định thầu, tư vấn giám sát',NULL,'Chủ đầu tư','Các đơn vị tư vấn','Biên bản thương thảo; Quyết định chỉ định; Các hợp đồng tư vấn',3,20,'2026-03-14 03:50:13','2026-03-14 03:50:13'),(21,1,20,20,'THUC_HIEN_DAU_TU','Thương thảo',NULL,'Chủ đầu tư','Các đơn vị tư vấn',NULL,1,21,'2026-03-14 03:50:13','2026-03-14 03:50:13'),(22,1,20,20,'THUC_HIEN_DAU_TU','QĐ chỉ định thầu',NULL,'Chủ đầu tư','Các đơn vị tư vấn',NULL,1,22,'2026-03-14 03:50:13','2026-03-14 03:50:13'),(23,1,20,20,'THUC_HIEN_DAU_TU','Hợp đồng',NULL,'Chủ đầu tư','Các đơn vị tư vấn',NULL,1,23,'2026-03-14 03:50:13','2026-03-14 03:50:13'),(24,1,21,NULL,'THUC_HIEN_DAU_TU','Tổ chức lập E-HSMT cho các gói thầu',NULL,'Đơn vị tư vấn','Chủ đầu tư','E-HSMT',15,24,'2026-03-14 03:50:13','2026-03-14 03:50:13'),(25,1,22,NULL,'THUC_HIEN_DAU_TU','Tổ chức thẩm định E-HSMT cho các gói thầu',NULL,'Đơn vị tư vấn',NULL,'Báo cáo thẩm định',10,25,'2026-03-14 03:50:13','2026-03-14 03:50:13'),(26,1,23,NULL,'THUC_HIEN_DAU_TU','Phê duyệt E-HSMT',NULL,'Chủ đầu tư',NULL,'Quyết định phê duyệt E-HSMT; E-HSMT chính thức',2,26,'2026-03-14 03:50:13','2026-03-14 03:50:13'),(27,1,24,NULL,'THUC_HIEN_DAU_TU','Đăng thông báo mời thầu',NULL,'Chủ đầu tư','Đơn vị tư vấn',NULL,1,27,'2026-03-14 03:50:13','2026-03-14 03:50:13'),(28,1,25,NULL,'THUC_HIEN_DAU_TU','Phát hành E-HSMT',NULL,'Chủ đầu tư',NULL,'E-HSMT',18,28,'2026-03-14 03:50:13','2026-03-14 03:50:13'),(29,1,26,NULL,'THUC_HIEN_DAU_TU','Nhận E-HSDT',NULL,'Chủ đầu tư',NULL,'E-HSDT',0,29,'2026-03-14 03:50:13','2026-03-14 03:50:13'),(30,1,27,NULL,'THUC_HIEN_DAU_TU','Đóng/mở thầu',NULL,'Đơn vị tư vấn, nhà thầu','Chủ đầu tư','Biên bản đóng/mở thầu',0,30,'2026-03-14 03:50:13','2026-03-14 03:50:13'),(31,1,28,NULL,'THUC_HIEN_DAU_TU','Đánh giá HSĐXKT',NULL,'Đơn vị tư vấn',NULL,'Báo cáo đánh giá HSĐXKT',10,31,'2026-03-14 03:50:13','2026-03-14 03:50:13'),(32,1,29,NULL,'THUC_HIEN_DAU_TU','Bàn giao Báo cáo Đánh giá HSĐXKT',NULL,'Đơn vị tư vấn','Chủ đầu tư','Báo cáo Đánh giá HSĐXKT, các QĐ, công văn, tờ trình',0,32,'2026-03-14 03:50:13','2026-03-14 03:50:13'),(33,1,30,NULL,'THUC_HIEN_DAU_TU','Bàn giao BC đánh giá HSĐXKT cho ĐV TV thẩm định',NULL,'Chủ đầu tư','Đơn vị tư vấn thẩm định thầu',NULL,0,33,'2026-03-14 03:50:13','2026-03-14 03:50:13'),(34,1,31,NULL,'THUC_HIEN_DAU_TU','Tổ chức thẩm định báo cáo đánh giá HSĐXKT',NULL,'Đơn vị tư vấn thẩm định thầu',NULL,'Báo cáo thẩm định kết quả đánh giá HSĐXKT',10,34,'2026-03-14 03:50:13','2026-03-14 03:50:13'),(35,1,32,NULL,'THUC_HIEN_DAU_TU','Bàn giao BC thẩm định kết quả đánh giá HSĐXKT',NULL,'Đơn vị tư vấn thẩm định thầu','Chủ đầu tư','Báo cáo thẩm định, các QĐ, công văn, tờ trình',0,35,'2026-03-14 03:50:13','2026-03-14 03:50:13'),(36,1,33,NULL,'THUC_HIEN_DAU_TU','Phê duyệt danh sách nhà thầu đáp ứng yêu cầu kỹ thuật',NULL,'Chủ đầu tư',NULL,'Quyết định phê duyệt danh sách nhà thầu đáp ứng YCKT',1,36,'2026-03-14 03:50:13','2026-03-14 03:50:13'),(37,1,34,NULL,'THUC_HIEN_DAU_TU','Mở HSĐXTC',NULL,'Đơn vị tư vấn, nhà thầu','Chủ đầu tư','Biên bản mở thầu',0,37,'2026-03-14 03:50:13','2026-03-14 03:50:13'),(38,1,35,NULL,'THUC_HIEN_DAU_TU','Đánh giá HSĐXTC',NULL,'Đơn vị tư vấn',NULL,'Báo cáo đánh giá HSĐXTC',5,38,'2026-03-14 03:50:13','2026-03-14 03:50:13'),(39,1,36,NULL,'THUC_HIEN_DAU_TU','Bàn giao Báo cáo Đánh giá HSĐXTC',NULL,'Đơn vị tư vấn','Chủ đầu tư','Báo cáo Đánh giá HSĐXTC, các QĐ, công văn, tờ trình',0,39,'2026-03-14 03:50:13','2026-03-14 03:50:13'),(40,1,37,NULL,'THUC_HIEN_DAU_TU','Mời thương thảo',NULL,'Chủ đầu tư','Nhà thầu',NULL,0,40,'2026-03-14 03:50:13','2026-03-14 03:50:13'),(41,1,38,NULL,'THUC_HIEN_DAU_TU','Thương thảo hợp đồng',NULL,'Chủ đầu tư, Nhà thầu đạt',NULL,NULL,1,41,'2026-03-14 03:50:13','2026-03-14 03:50:13'),(42,1,39,NULL,'THUC_HIEN_DAU_TU','Bàn giao BC đánh giá HSĐXTC và BB thương thảo',NULL,'Chủ đầu tư','Đơn vị tư vấn thẩm định thầu',NULL,2,42,'2026-03-14 03:50:13','2026-03-14 03:50:13'),(43,1,40,NULL,'THUC_HIEN_DAU_TU','Tổ chức thẩm định kết quả lựa chọn nhà thầu',NULL,'Đơn vị tư vấn thẩm định thầu',NULL,'Báo cáo thẩm định kết quả lựa chọn nhà thầu',5,43,'2026-03-14 03:50:13','2026-03-14 03:50:13'),(44,1,41,NULL,'THUC_HIEN_DAU_TU','Bàn giao BC thẩm định kết quả lựa chọn nhà thầu',NULL,'Đơn vị tư vấn thẩm định thầu','Chủ đầu tư','Báo cáo thẩm định, công văn, tờ trình',0,44,'2026-03-14 03:50:13','2026-03-14 03:50:13'),(45,1,42,NULL,'THUC_HIEN_DAU_TU','Phê duyệt kết quả lựa chọn nhà thầu',NULL,'Chủ đầu tư','Đơn vị tư vấn','Quyết định phê duyệt kết quả lựa chọn nhà thầu',2,45,'2026-03-14 03:50:13','2026-03-14 03:50:13'),(46,1,43,NULL,'THUC_HIEN_DAU_TU','Thông báo phê duyệt kết quả lựa chọn nhà thầu',NULL,'Chủ đầu tư','Đơn vị tư vấn',NULL,0,46,'2026-03-14 03:50:13','2026-03-14 03:50:13'),(47,1,44,NULL,'THUC_HIEN_DAU_TU','Đăng tải KQLCNT',NULL,'Chủ đầu tư','Đơn vị tư vấn',NULL,0,47,'2026-03-14 03:50:13','2026-03-14 03:50:13'),(48,1,45,NULL,'THUC_HIEN_DAU_TU','Thương thảo hoàn thiện hợp đồng, ký kết hợp đồng và tổ chức triển khai',NULL,'Chủ đầu tư, Nhà thầu đạt','Đơn vị tư vấn','Hợp đồng',7,48,'2026-03-14 03:50:13','2026-03-14 03:50:13'),(49,1,46,NULL,'THUC_HIEN_DAU_TU','Triển khai hợp đồng',NULL,'Chủ đầu tư, Nhà thầu, Đơn vị tư vấn','Đơn vị tư vấn','Nhật ký thi công',120,49,'2026-03-14 03:50:13','2026-03-14 03:50:13'),(50,1,47,NULL,'THUC_HIEN_DAU_TU','Quản lý dự án',NULL,'Chủ đầu tư, Nhà thầu, Đơn vị tư vấn','Đơn vị tư vấn','Báo cáo quản lý dự án',120,50,'2026-03-14 03:50:13','2026-03-14 03:50:13'),(51,1,48,NULL,'THUC_HIEN_DAU_TU','Giám sát',NULL,'Chủ đầu tư, Nhà thầu, Đơn vị tư vấn','Đơn vị tư vấn','Báo cáo giám sát, nhật ký giám sát',120,51,'2026-03-14 03:50:13','2026-03-14 03:50:13'),(52,1,49,NULL,'THUC_HIEN_DAU_TU','Dự phòng',NULL,'Chủ đầu tư','Đơn vị tư vấn',NULL,30,52,'2026-03-14 03:50:13','2026-03-14 03:50:13'),(53,1,50,NULL,'KET_THUC_DAU_TU','Bàn giao/nghiệm thu sản phẩm và dự án',NULL,'Chủ đầu tư, Nhà thầu, Đơn vị tư vấn','Đơn vị tư vấn','Hồ sơ nghiệm thu và bàn giao',30,53,'2026-03-14 03:50:13','2026-03-14 03:50:13'),(54,1,51,NULL,'KET_THUC_DAU_TU','Tổng nghiệm thu',NULL,'Chủ đầu tư, Nhà thầu, Đơn vị tư vấn','Đơn vị tư vấn','Hồ sơ tổng nghiệm thu',0,54,'2026-03-14 03:50:13','2026-03-14 03:50:13'),(55,1,52,NULL,'KET_THUC_DAU_TU','Quyết toán vốn đầu tư',NULL,'Chủ đầu tư','Các đơn vị tư vấn, nhà thầu','Hồ sơ quyết toán',0,55,'2026-03-14 03:50:13','2026-03-14 03:50:13'),(56,2,1,NULL,'CHUAN_BI_KH_THUE','Trình xin chủ trương thực hiện kế hoạch thuê',NULL,'Sở Tài chính',NULL,'Tờ trình',0,1,'2026-03-14 03:50:13','2026-03-14 03:50:13'),(57,2,1,56,'CHUAN_BI_KH_THUE','Phê duyệt chủ trương thực hiện kế hoạch thuê',NULL,'UBND Tỉnh Hậu Giang',NULL,'Quyết định/Văn bản chấp thuận chủ trương',0,2,'2026-03-14 03:50:13','2026-03-14 03:50:13'),(58,2,2,NULL,'CHUAN_BI_KH_THUE','Lập dự toán giai đoạn chuẩn bị đầu tư',NULL,'Chủ đầu tư',NULL,'Dự toán giai đoạn chuẩn bị đầu tư',5,3,'2026-03-14 03:50:13','2026-03-14 03:50:13'),(59,2,3,NULL,'CHUAN_BI_KH_THUE','Phê duyệt dự toán giai đoạn chuẩn bị đầu tư',NULL,'Chủ đầu tư',NULL,'Quyết định phê duyệt dự toán - giai đoạn chuẩn bị đầu tư',1,4,'2026-03-14 03:50:13','2026-03-14 03:50:13'),(60,2,4,NULL,'CHUAN_BI_KH_THUE','Lập kế hoạch lựa chọn nhà thầu giai đoạn chuẩn bị đầu tư',NULL,'Chủ đầu tư',NULL,'Kế hoạch lựa chọn nhà thầu - giai đoạn chuẩn bị đầu tư',5,5,'2026-03-14 03:50:13','2026-03-14 03:50:13'),(61,2,5,NULL,'CHUAN_BI_KH_THUE','Phê duyệt kế hoạch lựa chọn nhà thầu giai đoạn chuẩn bị đầu tư',NULL,'Chủ đầu tư',NULL,'Quyết định phê duyệt KHLCNT - giai đoạn chuẩn bị đầu tư',2,6,'2026-03-14 03:50:13','2026-03-14 03:50:13'),(62,2,6,NULL,'CHUAN_BI_KH_THUE','Chọn lựa nhà thầu tư vấn lập kế hoạch thuê, thẩm định giá, tư vấn thẩm tra kế hoạch thuê',NULL,'Chủ đầu tư','Các đơn vị tư vấn','Biên bản thương thảo; Quyết định chỉ định thầu; Các hợp đồng tư vấn',3,7,'2026-03-14 03:50:13','2026-03-14 03:50:13'),(63,2,7,NULL,'CHUAN_BI_KH_THUE','Lập kế hoạch thuê',NULL,'Đơn vị tư vấn','Chủ đầu tư','Hồ sơ kế hoạch thuê',10,8,'2026-03-14 03:50:13','2026-03-14 03:50:13'),(64,2,8,NULL,'CHUAN_BI_KH_THUE','Thẩm định giá',NULL,'Thẩm định giá','Chủ đầu tư','Chứng thư thẩm định giá',2,9,'2026-03-14 03:50:13','2026-03-14 03:50:13'),(65,2,9,NULL,'CHUAN_BI_KH_THUE','Thẩm định công nghệ kế hoạch thuê',NULL,'Sở thông tin và TT và Sở tài chính','Chủ đầu tư',NULL,2,10,'2026-03-14 03:50:13','2026-03-14 03:50:13'),(66,2,9,65,'CHUAN_BI_KH_THUE','Thẩm tra kế hoạch thuê',NULL,'Đơn vị tư vấn thẩm tra','Chủ đầu tư','Báo cáo thẩm tra kế hoạch thuê',0,11,'2026-03-14 03:50:13','2026-03-14 03:50:13'),(67,2,9,65,'CHUAN_BI_KH_THUE','Thẩm định công nghệ kế hoạch thuê (lần 2)',NULL,'Đơn vị đầu mối về CNTT',NULL,NULL,0,12,'2026-03-14 03:50:13','2026-03-14 03:50:13'),(68,2,10,NULL,'CHUAN_BI_KH_THUE','Trình phê duyệt Hồ sơ kế hoạch thuê',NULL,'Chủ đầu tư','Đơn vị tư vấn','Hồ sơ kế hoạch thuê - hoàn chỉnh',3,13,'2026-03-14 03:50:13','2026-03-14 03:50:13'),(69,2,11,NULL,'CHUAN_BI_KH_THUE','Phê duyệt Hồ sơ kế hoạch thuê',NULL,'Cơ quan có thẩm quyền','Chủ đầu tư','Quyết định phê duyệt Hồ sơ kế hoạch thuê',0,14,'2026-03-14 03:50:13','2026-03-14 03:50:13'),(70,2,12,NULL,'THUC_HIEN_DAU_TU','Lập kế hoạch lựa chọn nhà thầu',NULL,'Chủ đầu tư',NULL,'Tờ trình phê duyệt KHLCNT giai đoạn thực hiện đầu tư',0,15,'2026-03-14 03:50:13','2026-03-14 03:50:13'),(71,2,13,NULL,'THUC_HIEN_DAU_TU','Phê duyệt kế hoạch lựa chọn nhà thầu',NULL,'Cơ quan có thẩm quyền','Chủ đầu tư','QĐ phê duyệt kế hoạch lựa chọn nhà thầu',3,16,'2026-03-14 03:50:13','2026-03-14 03:50:13'),(72,2,14,NULL,'THUC_HIEN_DAU_TU','Chọn lựa nhà thầu tư vấn QLDA, đấu thầu, tư vấn thẩm định HSMT-KQLCNT',NULL,'Chủ đầu tư','Các đơn vị tư vấn','Biên bản thương thảo; Quyết định chỉ định; Các hợp đồng tư vấn',1,17,'2026-03-14 03:50:13','2026-03-14 03:50:13'),(73,2,14,72,'THUC_HIEN_DAU_TU','Thương thảo',NULL,'Chủ đầu tư','Các đơn vị tư vấn',NULL,0,18,'2026-03-14 03:50:13','2026-03-14 03:50:13'),(74,2,14,72,'THUC_HIEN_DAU_TU','QĐ chỉ định thầu',NULL,'Chủ đầu tư','Các đơn vị tư vấn',NULL,0,19,'2026-03-14 03:50:13','2026-03-14 03:50:13'),(75,2,14,72,'THUC_HIEN_DAU_TU','Hợp đồng',NULL,'Chủ đầu tư','Các đơn vị tư vấn',NULL,0,20,'2026-03-14 03:50:13','2026-03-14 03:50:13'),(76,2,15,NULL,'THUC_HIEN_DAU_TU','Tổ chức lập E-HSMT cho gói thầu thuê (Gói phi tư vấn)',NULL,'Đơn vị tư vấn','Chủ đầu tư','E-HSMT (Phi tư vấn, 1 giai đoạn 2 túi hồ sơ)',5,21,'2026-03-14 03:50:13','2026-03-14 03:50:13'),(77,2,16,NULL,'THUC_HIEN_DAU_TU','Tổ chức thẩm định E-HSMT',NULL,'Đơn vị tư vấn thẩm định',NULL,'Báo cáo thẩm định',1,22,'2026-03-14 03:50:13','2026-03-14 03:50:13'),(78,2,17,NULL,'THUC_HIEN_DAU_TU','Phê duyệt E-HSMT',NULL,'Chủ đầu tư',NULL,'Quyết định phê duyệt E-HSMT; E-HSMT chính thức',0,23,'2026-03-14 03:50:13','2026-03-14 03:50:13'),(79,2,19,NULL,'THUC_HIEN_DAU_TU','Phát hành E-HSMT',NULL,'Chủ đầu tư',NULL,'E-HSMT',7,24,'2026-03-14 03:50:13','2026-03-14 03:50:13'),(80,2,20,NULL,'THUC_HIEN_DAU_TU','Đóng/mở thầu',NULL,'Đơn vị tư vấn, nhà thầu','Chủ đầu tư','Biên bản đóng/mở thầu',0,25,'2026-03-14 03:50:13','2026-03-14 03:50:13'),(81,2,21,NULL,'THUC_HIEN_DAU_TU','Đánh giá E-HSDT',NULL,'Đơn vị tư vấn',NULL,'Báo cáo đánh giá E-HSDT',3,26,'2026-03-14 03:50:13','2026-03-14 03:50:13'),(82,2,22,NULL,'THUC_HIEN_DAU_TU','Bàn giao Báo cáo Đánh giá E-HSDT',NULL,'Đơn vị tư vấn','Chủ đầu tư','Báo cáo Đánh giá E-HSDT, các QĐ, công văn, tờ trình',0,27,'2026-03-14 03:50:13','2026-03-14 03:50:13'),(83,2,23,NULL,'THUC_HIEN_DAU_TU','Phê duyệt danh sách xếp hạng nhà thầu',NULL,'Chủ đầu tư',NULL,'Quyết định phê duyệt danh sách xếp hạng nhà thầu',0,28,'2026-03-14 03:50:13','2026-03-14 03:50:13'),(84,2,24,NULL,'THUC_HIEN_DAU_TU','Mời thương thảo',NULL,'Chủ đầu tư','Nhà thầu',NULL,0,29,'2026-03-14 03:50:13','2026-03-14 03:50:13'),(85,2,25,NULL,'THUC_HIEN_DAU_TU','Thương thảo hợp đồng',NULL,'Chủ đầu tư, Nhà thầu đạt',NULL,NULL,1,30,'2026-03-14 03:50:13','2026-03-14 03:50:13'),(86,2,26,NULL,'THUC_HIEN_DAU_TU','Bàn giao BC đánh giá E-HSDT và BB thương thảo',NULL,'Chủ đầu tư','Đơn vị tư vấn thẩm định thầu',NULL,0,31,'2026-03-14 03:50:13','2026-03-14 03:50:13'),(87,2,27,NULL,'THUC_HIEN_DAU_TU','Tổ chức thẩm định kết quả lựa chọn nhà thầu',NULL,'Đơn vị tư vấn thẩm định thầu',NULL,'Báo cáo thẩm định kết quả lựa chọn nhà thầu',2,32,'2026-03-14 03:50:13','2026-03-14 03:50:13'),(88,2,28,NULL,'THUC_HIEN_DAU_TU','Phê duyệt kết quả lựa chọn nhà thầu',NULL,'Chủ đầu tư','Đơn vị tư vấn','Quyết định phê duyệt kết quả lựa chọn nhà thầu',1,33,'2026-03-14 03:50:13','2026-03-14 03:50:13'),(89,2,29,NULL,'THUC_HIEN_DAU_TU','Thông báo',NULL,'Chủ đầu tư','Đơn vị tư vấn',NULL,0,34,'2026-03-14 03:50:13','2026-03-14 03:50:13'),(90,2,30,NULL,'THUC_HIEN_DAU_TU','Đăng tải KQLCNT',NULL,'Chủ đầu tư','Đơn vị tư vấn',NULL,0,35,'2026-03-14 03:50:13','2026-03-14 03:50:13'),(91,2,31,NULL,'THUC_HIEN_DAU_TU','Thương thảo hoàn thiện hợp đồng, ký kết hợp đồng và tổ chức triển khai',NULL,'Chủ đầu tư, Nhà thầu đạt','Đơn vị tư vấn','Hợp đồng',1,36,'2026-03-14 03:50:13','2026-03-14 03:50:13'),(92,2,32,NULL,'THUC_HIEN_DAU_TU','Triển khai hợp đồng',NULL,'Chủ đầu tư, Nhà thầu, Đơn vị tư vấn','Đơn vị tư vấn','Nhật ký cho thuê',3,37,'2026-03-14 03:50:13','2026-03-14 03:50:13'),(93,2,33,NULL,'THUC_HIEN_DAU_TU','Giám sát (nếu có)',NULL,'Chủ đầu tư, Nhà thầu, Đơn vị tư vấn','Đơn vị tư vấn','Báo cáo giám sát, nhật ký giám sát',3,38,'2026-03-14 03:50:13','2026-03-14 03:50:13'),(94,2,34,NULL,'KET_THUC_DAU_TU','Nghiệm thu khởi tạo dịch vụ - Bắt đầu tính thời gian thuê',NULL,'Chủ đầu tư, Nhà thầu, Đơn vị tư vấn','Đơn vị tư vấn','Hồ sơ nghiệm thu và bàn giao',1,39,'2026-03-14 03:50:13','2026-03-14 03:50:13'),(95,3,1,NULL,'BAO_GIA','Báo giá',NULL,'VNPT',NULL,'Bảng báo giá',3,1,'2026-03-15 03:29:57','2026-03-15 03:30:38'),(96,1,53,NULL,'Checklist hợp đồng','CheckList hợp đồng',NULL,NULL,NULL,NULL,NULL,65,'2026-03-24 03:47:16','2026-03-24 03:47:16');
/*!40000 ALTER TABLE `project_procedure_template_steps` ENABLE KEYS */;
UNLOCK TABLES;

--
-- Table structure for table `project_procedure_templates`
--

DROP TABLE IF EXISTS `project_procedure_templates`;
/*!40101 SET @saved_cs_client     = @@character_set_client */;
/*!50503 SET character_set_client = utf8mb4 */;
CREATE TABLE `project_procedure_templates` (
  `id` bigint unsigned NOT NULL AUTO_INCREMENT,
  `template_code` varchar(50) NOT NULL,
  `template_name` varchar(255) NOT NULL,
  `description` text,
  `is_active` tinyint(1) NOT NULL DEFAULT '1',
  `created_by` bigint unsigned DEFAULT NULL,
  `updated_by` bigint unsigned DEFAULT NULL,
  `created_at` timestamp NULL DEFAULT NULL,
  `updated_at` timestamp NULL DEFAULT NULL,
  PRIMARY KEY (`id`),
  UNIQUE KEY `project_procedure_templates_template_code_unique` (`template_code`),
  KEY `idx_template_code` (`template_code`)
) ENGINE=InnoDB AUTO_INCREMENT=5 DEFAULT CHARSET=utf8mb4 COLLATE=utf8mb4_0900_ai_ci;
/*!40101 SET character_set_client = @saved_cs_client */;

--
-- Dumping data for table `project_procedure_templates`
--

LOCK TABLES `project_procedure_templates` WRITE;
/*!40000 ALTER TABLE `project_procedure_templates` DISABLE KEYS */;
INSERT INTO `project_procedure_templates` VALUES (1,'DAU_TU','Thủ tục dự án đầu tư','Quy trình thủ tục cho dự án đầu tư công nghệ thông tin',1,NULL,NULL,'2026-03-14 03:50:13','2026-03-14 03:50:13'),(2,'THUE_DICH_VU','Thủ tục dự án thuê dịch vụ','Quy trình thủ tục cho dự án thuê dịch vụ công nghệ thông tin',1,NULL,NULL,'2026-03-14 03:50:13','2026-03-14 03:50:13'),(3,'THUE_DICH_VU_DACTHU','Thủ tục dự án thuê dịch vụ CNTT đặc thù','THUE_DICH_VU_DACTHU',1,9,9,'2026-03-15 03:28:36','2026-03-15 03:28:36'),(4,'CHECK_LIST_HĐ','CheckList hợp đồng',NULL,1,9,9,'2026-03-24 03:46:40','2026-03-24 03:46:40');
/*!40000 ALTER TABLE `project_procedure_templates` ENABLE KEYS */;
UNLOCK TABLES;

--
-- Table structure for table `project_procedures`
--

DROP TABLE IF EXISTS `project_procedures`;
/*!40101 SET @saved_cs_client     = @@character_set_client */;
/*!50503 SET character_set_client = utf8mb4 */;
CREATE TABLE `project_procedures` (
  `id` bigint unsigned NOT NULL AUTO_INCREMENT,
  `project_id` bigint unsigned NOT NULL,
  `template_id` bigint unsigned NOT NULL,
  `procedure_name` varchar(255) NOT NULL,
  `overall_progress` decimal(5,2) NOT NULL DEFAULT '0.00',
  `notes` text,
  `created_by` bigint unsigned DEFAULT NULL,
  `updated_by` bigint unsigned DEFAULT NULL,
  `created_at` timestamp NULL DEFAULT NULL,
  `updated_at` timestamp NULL DEFAULT NULL,
  `deleted_at` timestamp NULL DEFAULT NULL,
  PRIMARY KEY (`id`),
  UNIQUE KEY `uk_project_template_procedure` (`project_id`,`template_id`),
  KEY `project_procedures_template_id_foreign` (`template_id`),
  KEY `idx_project` (`project_id`),
  CONSTRAINT `project_procedures_project_id_foreign` FOREIGN KEY (`project_id`) REFERENCES `projects` (`id`) ON DELETE CASCADE,
  CONSTRAINT `project_procedures_template_id_foreign` FOREIGN KEY (`template_id`) REFERENCES `project_procedure_templates` (`id`)
) ENGINE=InnoDB AUTO_INCREMENT=9 DEFAULT CHARSET=utf8mb4 COLLATE=utf8mb4_0900_ai_ci;
/*!40101 SET character_set_client = @saved_cs_client */;

--
-- Dumping data for table `project_procedures`
--

LOCK TABLES `project_procedures` WRITE;
/*!40000 ALTER TABLE `project_procedures` DISABLE KEYS */;
INSERT INTO `project_procedures` VALUES (1,98,2,'Thủ tục dự án thuê dịch vụ',0.00,NULL,9,9,'2026-03-14 03:50:58','2026-03-14 03:50:58',NULL),(2,97,2,'Thủ tục dự án thuê dịch vụ',0.00,NULL,9,9,'2026-03-14 03:52:54','2026-03-14 03:52:54',NULL),(3,97,1,'Thủ tục dự án đầu tư',7.27,NULL,9,9,'2026-03-14 03:56:06','2026-03-14 06:37:53',NULL),(4,98,1,'Thủ tục dự án đầu tư',1.61,NULL,9,9,'2026-03-14 04:08:45','2026-03-24 03:23:01',NULL),(5,95,2,'Thủ tục dự án thuê dịch vụ',0.00,NULL,9,9,'2026-03-14 23:29:08','2026-03-14 23:29:08',NULL),(6,96,3,'Thủ tục dự án thuê dịch vụ',0.00,NULL,9,9,'2026-03-15 06:17:10','2026-03-15 18:04:32',NULL),(7,95,3,'Thủ tục dự án thuê dịch vụ CNTT đặc thù',0.00,NULL,9,9,'2026-03-18 06:07:23','2026-03-18 06:07:23',NULL),(8,93,1,'Thủ tục dự án đầu tư',0.00,NULL,9,9,'2026-03-18 06:07:30','2026-03-18 06:07:30',NULL);
/*!40000 ALTER TABLE `project_procedures` ENABLE KEYS */;
UNLOCK TABLES;

--
-- Table structure for table `project_types`
--

DROP TABLE IF EXISTS `project_types`;
/*!40101 SET @saved_cs_client     = @@character_set_client */;
/*!50503 SET character_set_client = utf8mb4 */;
CREATE TABLE `project_types` (
  `id` bigint unsigned NOT NULL AUTO_INCREMENT,
  `type_code` varchar(100) NOT NULL,
  `type_name` varchar(120) NOT NULL,
  `description` varchar(255) DEFAULT NULL,
  `is_active` tinyint(1) NOT NULL DEFAULT '1',
  `sort_order` int NOT NULL DEFAULT '0',
  `created_by` bigint unsigned DEFAULT NULL,
  `updated_by` bigint unsigned DEFAULT NULL,
  `created_at` timestamp NULL DEFAULT NULL,
  `updated_at` timestamp NULL DEFAULT NULL,
  PRIMARY KEY (`id`),
  UNIQUE KEY `uq_project_types_type_code` (`type_code`),
  KEY `idx_project_types_active_sort` (`is_active`,`sort_order`)
) ENGINE=InnoDB AUTO_INCREMENT=4 DEFAULT CHARSET=utf8mb4 COLLATE=utf8mb4_0900_ai_ci;
/*!40101 SET character_set_client = @saved_cs_client */;

--
-- Dumping data for table `project_types`
--

LOCK TABLES `project_types` WRITE;
/*!40000 ALTER TABLE `project_types` DISABLE KEYS */;
INSERT INTO `project_types` VALUES (1,'DAU_TU','Đầu tư',NULL,1,3,NULL,9,'2026-03-14 20:46:46','2026-03-14 23:11:36'),(2,'THUE_DICH_VU_DACTHU','Thuê dịch vụ CNTT đặc thù','Dịch vụ CNTT theo yêu cầu riêng: Là dịch vụ được thiết kế, xây dựng hoặc tùy chỉnh đặc thù theo các yêu cầu riêng biệt của bên thuê để phục vụ mục tiêu quản lý, vận hành cụ thể',1,1,NULL,9,'2026-03-14 20:46:46','2026-03-15 13:50:57'),(3,'THUE_DICH_VU_CO_SAN','Thuê dịch vụ CNTT có sẵn','Dịch vụ CNTT sẵn có trên thị trường: Là các dịch vụ đã được nhà cung cấp thiết lập sẵn về tính năng, tiêu chuẩn kỹ thuật và được cung cấp rộng rãi cho nhiều khách hàng.',1,2,NULL,9,'2026-03-14 23:09:06','2026-03-14 23:11:09');
/*!40000 ALTER TABLE `project_types` ENABLE KEYS */;
UNLOCK TABLES;

--
-- Table structure for table `projects`
--

DROP TABLE IF EXISTS `projects`;
/*!40101 SET @saved_cs_client     = @@character_set_client */;
/*!50503 SET character_set_client = utf8mb4 */;
CREATE TABLE `projects` (
  `id` bigint unsigned NOT NULL AUTO_INCREMENT,
  `project_code` varchar(50) CHARACTER SET utf8mb4 COLLATE utf8mb4_unicode_ci NOT NULL,
  `project_name` varchar(255) CHARACTER SET utf8mb4 COLLATE utf8mb4_unicode_ci NOT NULL,
  `customer_id` bigint unsigned NOT NULL,
  `opportunity_id` bigint unsigned DEFAULT NULL,
  `investment_mode` enum('DAU_TU','THUE_DICH_VU','THUE_DICH_VU_DACTHU') CHARACTER SET utf8mb4 COLLATE utf8mb4_unicode_ci DEFAULT 'DAU_TU',
  `start_date` date NOT NULL,
  `expected_end_date` date DEFAULT NULL,
  `status` varchar(100) CHARACTER SET utf8mb4 COLLATE utf8mb4_unicode_ci NOT NULL DEFAULT 'CHUAN_BI',
  `status_reason` text COLLATE utf8mb4_unicode_ci,
  `created_at` timestamp NULL DEFAULT CURRENT_TIMESTAMP,
  `created_by` bigint unsigned DEFAULT NULL,
  `updated_at` timestamp NULL DEFAULT NULL ON UPDATE CURRENT_TIMESTAMP,
  `updated_by` bigint unsigned DEFAULT NULL,
  `deleted_at` timestamp NULL DEFAULT NULL COMMENT 'Soft Delete',
  PRIMARY KEY (`id`),
  UNIQUE KEY `project_code` (`project_code`),
  KEY `fk_proj_cust_link` (`customer_id`),
  KEY `fk_proj_opp` (`opportunity_id`),
  CONSTRAINT `fk_proj_cust_link` FOREIGN KEY (`customer_id`) REFERENCES `customers` (`id`) ON DELETE RESTRICT,
  CONSTRAINT `fk_proj_opp` FOREIGN KEY (`opportunity_id`) REFERENCES `opportunities` (`id`)
) ENGINE=InnoDB AUTO_INCREMENT=132 DEFAULT CHARSET=utf8mb4 COLLATE=utf8mb4_unicode_ci COMMENT='Bảng 28: Dự án';
/*!40101 SET character_set_client = @saved_cs_client */;

--
-- Dumping data for table `projects`
--

LOCK TABLES `projects` WRITE;
/*!40000 ALTER TABLE `projects` DISABLE KEYS */;
INSERT INTO `projects` VALUES (1,'DA001','Dự án VNPT HIS - Vietcombank',1,1,'DAU_TU','2026-01-10','2026-12-31','CHUAN_BI',NULL,'2026-02-23 08:16:35',NULL,'2026-03-18 02:02:31',1,NULL),(2,'DA002','Dự án SOC - Petrolimex',2,2,'THUE_DICH_VU_DACTHU','2026-02-01','2026-10-01','CHUAN_BI_KH_THUE',NULL,'2026-02-23 08:16:35',NULL,'2026-03-18 02:02:31',1,NULL),(3,'DA098','Dự án Giải pháp VNPT HIS - Trạm Y tế Xã Hỏa Tiế渁',98,NULL,'DAU_TU','2026-02-25','2026-11-25','CHUAN_BI',NULL,'2026-02-25 08:21:11',NULL,'2026-03-18 02:02:31',NULL,NULL),(4,'DA097','Dự án Giải pháp VNPT HIS - Trạm Y tế Xã Hỏa Lựu',97,NULL,'DAU_TU','2026-02-25','2026-11-25','CHUAN_BI',NULL,'2026-02-25 08:21:11',NULL,'2026-03-18 02:02:31',NULL,NULL),(5,'DA096','Dự án Giải pháp VNPT HIS - Trạm Y tế Phường Vị Tân',96,NULL,'DAU_TU','2026-02-25','2026-11-25','CHUAN_BI',NULL,'2026-02-25 08:21:11',NULL,'2026-03-18 02:02:31',NULL,NULL),(6,'DA095','Dự án Giải pháp VNPT HIS - Trạm Y tế Phường VII',95,NULL,'DAU_TU','2026-02-25','2026-11-25','CHUAN_BI',NULL,'2026-02-25 08:21:11',NULL,'2026-03-18 02:02:31',NULL,NULL),(7,'DA094','Dự án Giải pháp VNPT HIS - Trạm Y tế Phường V',94,NULL,'DAU_TU','2026-02-25','2026-11-25','CHUAN_BI',NULL,'2026-02-25 08:21:11',NULL,'2026-03-18 02:02:31',NULL,NULL),(8,'DA093','Dự án Giải pháp VNPT HIS - Trạm Y tế Phường IV',93,NULL,'DAU_TU','2026-02-25','2026-11-25','CHUAN_BI',NULL,'2026-02-25 08:21:11',NULL,'2026-03-18 02:02:31',NULL,NULL),(9,'DA092','Dự án Giải pháp VNPT HIS - Trạm Y tế Phường III',92,NULL,'DAU_TU','2026-02-25','2026-11-25','CHUAN_BI',NULL,'2026-02-25 08:21:11',NULL,'2026-03-18 02:02:31',NULL,NULL),(10,'DA091','Dự án Giải pháp VNPT HIS - Trạm y tế phường Vị Thanh',91,NULL,'DAU_TU','2026-02-25','2026-11-25','CHUAN_BI',NULL,'2026-02-25 08:21:11',NULL,'2026-03-18 02:02:31',NULL,NULL),(11,'DA090','Dự án Giải pháp VNPT HIS - Trạm Y tế Xã Tân Thành',90,NULL,'DAU_TU','2026-02-25','2026-11-25','CHUAN_BI',NULL,'2026-02-25 08:21:11',NULL,'2026-03-18 02:02:31',NULL,NULL),(12,'DA089','Dự án Giải pháp VNPT HIS - Trạm Y tế Xã Hiệp Lợi',89,NULL,'DAU_TU','2026-02-25','2026-11-25','CHUAN_BI',NULL,'2026-02-25 08:21:11',NULL,'2026-03-18 02:02:31',NULL,NULL),(13,'DA088','Dự án Giải pháp VNPT HIS - Trạm Y tế Phường Hiệp Thành',88,NULL,'DAU_TU','2026-02-25','2026-11-25','CHUAN_BI',NULL,'2026-02-25 08:21:11',NULL,'2026-03-18 02:02:31',NULL,NULL),(14,'DA087','Dự án Giải pháp VNPT HIS - Trạm Y tế Phường Lái Hiếu',87,NULL,'DAU_TU','2026-02-25','2026-11-25','CHUAN_BI',NULL,'2026-02-25 08:21:11',NULL,'2026-03-18 02:02:31',NULL,NULL),(15,'DA086','Dự án Giải pháp VNPT HIS - YTCQ Cty TNHH Lộc Tài II',86,NULL,'DAU_TU','2026-02-25','2026-11-25','CHUAN_BI',NULL,'2026-02-25 08:21:11',NULL,'2026-03-18 02:02:31',NULL,NULL),(16,'DA085','Dự án Giải pháp VNPT HIS - Trạm Y tế Xã Vĩnh Thuận Đông',85,NULL,'DAU_TU','2026-02-25','2026-11-25','CHUAN_BI',NULL,'2026-02-25 08:21:11',NULL,'2026-03-18 02:02:31',NULL,NULL),(17,'DA084','Dự án Giải pháp VNPT HIS - Trạm Y tế Xã Trường Long A',84,NULL,'DAU_TU','2026-02-25','2026-11-25','CHUAN_BI',NULL,'2026-02-25 08:21:11',NULL,'2026-03-18 02:02:31',NULL,NULL),(18,'DA083','Dự án Giải pháp VNPT HIS - Trạm y tế thị trấn Cái Tắc',83,NULL,'DAU_TU','2026-02-25','2026-11-25','CHUAN_BI',NULL,'2026-02-25 08:21:11',NULL,'2026-03-18 02:02:31',NULL,NULL),(19,'DA082','Dự án Giải pháp VNPT HIS - Trạm y tế thị trấn Rạch Gòi',82,NULL,'DAU_TU','2026-02-25','2026-11-25','CHUAN_BI',NULL,'2026-02-25 08:21:11',NULL,'2026-03-18 02:02:31',NULL,NULL),(20,'DA081','Dự án Giải pháp VNPT HIS - Trạm Y tế Bảy Ngàn',81,NULL,'DAU_TU','2026-02-25','2026-11-25','CHUAN_BI',NULL,'2026-02-25 08:21:11',NULL,'2026-03-18 02:02:31',NULL,NULL),(21,'DA080','Dự án Giải pháp VNPT HIS - Trạm Y tế Xã Tân Phú Thạnh',80,NULL,'DAU_TU','2026-02-25','2026-11-25','CHUAN_BI',NULL,'2026-02-25 08:21:11',NULL,'2026-03-18 02:02:31',NULL,NULL),(22,'DA079','Dự án Giải pháp VNPT HIS - Trạm Y tế Xã Thạnh Xuân',79,NULL,'DAU_TU','2026-02-25','2026-11-25','CHUAN_BI',NULL,'2026-02-25 08:21:11',NULL,'2026-03-18 02:02:31',NULL,NULL),(23,'DA078','Dự án Giải pháp VNPT HIS - Trạm Y tế Xã Nhơn Nghĩa A',78,NULL,'DAU_TU','2026-02-25','2026-11-25','CHUAN_BI',NULL,'2026-02-25 08:21:11',NULL,'2026-03-18 02:02:31',NULL,NULL),(24,'DA077','Dự án Giải pháp VNPT HIS - Trạm Y tế Xã Tân Hòa',77,NULL,'DAU_TU','2026-02-25','2026-11-25','CHUAN_BI',NULL,'2026-02-25 08:21:11',NULL,'2026-03-18 02:02:31',NULL,NULL),(25,'DA076','Dự án Giải pháp VNPT HIS - Trạm Y tế Trường Long Tây',76,NULL,'DAU_TU','2026-02-25','2026-11-25','CHUAN_BI',NULL,'2026-02-25 08:21:11',NULL,'2026-03-18 02:02:31',NULL,NULL),(26,'DA075','Dự án Giải pháp VNPT HIS - Trạm Y tế Thị trấn Một Ngàn',75,NULL,'DAU_TU','2026-02-25','2026-11-25','CHUAN_BI',NULL,'2026-02-25 08:21:11',NULL,'2026-03-18 02:02:31',NULL,NULL),(27,'DA074','Dự án Giải pháp VNPT HIS - Phòng khám đa khoa KV Phú Tân',74,NULL,'DAU_TU','2026-02-25','2026-11-25','CHUAN_BI',NULL,'2026-02-25 08:21:11',NULL,'2026-03-18 02:02:31',NULL,NULL),(28,'DA073','Dự án Giải pháp VNPT HIS - Trạm Y tế Xã Đông Phước A',73,NULL,'DAU_TU','2026-02-25','2026-11-25','CHUAN_BI',NULL,'2026-02-25 08:21:11',NULL,'2026-03-18 02:02:31',NULL,NULL),(29,'DA072','Dự án Giải pháp VNPT HIS - Trạm Y tế Xã Đông Phước',72,NULL,'DAU_TU','2026-02-25','2026-11-25','CHUAN_BI',NULL,'2026-02-25 08:21:11',NULL,'2026-03-18 02:02:31',NULL,NULL),(30,'DA071','Dự án Giải pháp VNPT HIS - Trạm Y tế xã Châu Thành',71,NULL,'DAU_TU','2026-02-25','2026-11-25','CHUAN_BI',NULL,'2026-02-25 08:21:11',NULL,'2026-03-18 02:02:31',NULL,NULL),(31,'DA070','Dự án Giải pháp VNPT HIS - Trạm Y tế Xã Phú Hữu',70,NULL,'DAU_TU','2026-02-25','2026-11-25','CHUAN_BI',NULL,'2026-02-25 08:21:11',NULL,'2026-03-18 02:02:31',NULL,NULL),(32,'DA069','Dự án Giải pháp VNPT HIS - Trạm Y tế Xã Đông Phú',69,NULL,'DAU_TU','2026-02-25','2026-11-25','CHUAN_BI',NULL,'2026-02-25 08:21:11',NULL,'2026-03-18 02:02:31',NULL,NULL),(33,'DA068','Dự án Giải pháp VNPT HIS - Trạm Y tế Xã Phú An',68,NULL,'DAU_TU','2026-02-25','2026-11-25','CHUAN_BI',NULL,'2026-02-25 08:21:11',NULL,'2026-03-18 02:02:31',NULL,NULL),(34,'DA067','Dự án Giải pháp VNPT HIS - Trạm Y tế xã Đông Phước',67,NULL,'DAU_TU','2026-02-25','2026-11-25','CHUAN_BI',NULL,'2026-02-25 08:21:11',NULL,'2026-03-18 02:02:31',NULL,NULL),(35,'DA066','Dự án Giải pháp VNPT HIS - Trạm Y tế Thị trấn Ngã Sáu',66,NULL,'DAU_TU','2026-02-25','2026-11-25','CHUAN_BI',NULL,'2026-02-25 08:21:11',NULL,'2026-03-18 02:02:31',NULL,NULL),(36,'DA065','Dự án Giải pháp VNPT HIS - Trạm Y tế Xã Đại Thành',65,NULL,'DAU_TU','2026-02-25','2026-11-25','CHUAN_BI',NULL,'2026-02-25 08:21:11',NULL,'2026-03-18 02:02:31',NULL,NULL),(37,'DA064','Dự án Giải pháp VNPT HIS - Trạm Y tế Phường Ngã Bảy',64,NULL,'DAU_TU','2026-02-25','2026-11-25','CHUAN_BI',NULL,'2026-02-25 08:21:11',NULL,'2026-03-18 02:02:31',NULL,NULL),(38,'DA063','Dự án Giải pháp VNPT HIS - Trạm Y tế Xã Tân Long',63,NULL,'DAU_TU','2026-02-25','2026-11-25','CHUAN_BI',NULL,'2026-02-25 08:21:11',NULL,'2026-03-18 02:02:31',NULL,NULL),(39,'DA062','Dự án Giải pháp VNPT HIS - Trạm Y tế Xã Phương Phú',62,NULL,'DAU_TU','2026-02-25','2026-11-25','CHUAN_BI',NULL,'2026-02-25 08:21:11',NULL,'2026-03-18 02:02:31',NULL,NULL),(40,'DA061','Dự án Giải pháp VNPT HIS - Trạm Y tế Xã Tân Phước Hưng',61,NULL,'DAU_TU','2026-02-25','2026-11-25','CHUAN_BI',NULL,'2026-02-25 08:21:11',NULL,'2026-03-18 02:02:31',NULL,NULL),(41,'DA060','Dự án Giải pháp VNPT HIS - Trạm Y tế Xã Hiệp Hưng',60,NULL,'DAU_TU','2026-02-25','2026-11-25','CHUAN_BI',NULL,'2026-02-25 08:21:11',NULL,'2026-03-18 02:02:31',NULL,NULL),(42,'DA059','Dự án Giải pháp VNPT HIS - Trạm Y tế Xã Phương Bình',59,NULL,'DAU_TU','2026-02-25','2026-11-25','CHUAN_BI',NULL,'2026-02-25 08:21:11',NULL,'2026-03-18 02:02:31',NULL,NULL),(43,'DA058','Dự án Giải pháp VNPT HIS - Trạm Y tế Xã Hòa An',58,NULL,'DAU_TU','2026-02-25','2026-11-25','CHUAN_BI',NULL,'2026-02-25 08:21:11',NULL,'2026-03-18 02:02:31',NULL,NULL),(44,'DA057','Dự án Giải pháp VNPT HIS - Trạm Y tế Xã Hòa Mỹ',57,NULL,'DAU_TU','2026-02-25','2026-11-25','CHUAN_BI',NULL,'2026-02-25 08:21:11',NULL,'2026-03-18 02:02:31',NULL,NULL),(45,'DA056','Dự án Giải pháp VNPT HIS - Trạm Y tế Xã Phụng Hiệp',56,NULL,'DAU_TU','2026-02-25','2026-11-25','CHUAN_BI',NULL,'2026-02-25 08:21:11',NULL,'2026-03-18 02:02:31',NULL,NULL),(46,'DA055','Dự án Giải pháp VNPT HIS - Trạm Y tế Xã Long Thạnh',55,NULL,'DAU_TU','2026-02-25','2026-11-25','CHUAN_BI',NULL,'2026-02-25 08:21:11',NULL,'2026-03-18 02:02:31',NULL,NULL),(47,'DA054','Dự án Giải pháp VNPT HIS - Trạm Y tế Xã Thạnh Hòa',54,NULL,'DAU_TU','2026-02-25','2026-11-25','CHUAN_BI',NULL,'2026-02-25 08:21:11',NULL,'2026-03-18 02:02:31',NULL,NULL),(48,'DA053','Dự án Giải pháp VNPT HIS - Trạm Y tế Xã Bình Thành',53,NULL,'DAU_TU','2026-02-25','2026-11-25','CHUAN_BI',NULL,'2026-02-25 08:21:11',NULL,'2026-03-18 02:02:31',NULL,NULL),(49,'DA052','Dự án Giải pháp VNPT HIS - Trạm Y tế Xã Tân Bình',52,NULL,'DAU_TU','2026-02-25','2026-11-25','CHUAN_BI',NULL,'2026-02-25 08:21:11',NULL,'2026-03-18 02:02:31',NULL,NULL),(50,'DA051','Dự án Giải pháp VNPT HIS - Trạm Y tế Thị trấn Cây Dương',51,NULL,'DAU_TU','2026-02-25','2026-11-25','CHUAN_BI',NULL,'2026-02-25 08:21:11',NULL,'2026-03-18 02:02:31',NULL,NULL),(51,'DA049','Dự án Giải pháp VNPT HIS - Trạm Y tế Xã Lương Nghĩa',49,NULL,'DAU_TU','2026-02-25','2026-11-25','CHUAN_BI',NULL,'2026-02-25 08:21:11',NULL,'2026-03-18 02:02:31',NULL,NULL),(52,'DA048','Dự án Giải pháp VNPT HIS - Trạm Y tế phường Long Mỹ',48,NULL,'DAU_TU','2026-02-25','2026-11-25','CHUAN_BI',NULL,'2026-02-25 08:21:11',NULL,'2026-03-18 02:02:31',NULL,NULL),(53,'DA047','Dự án Giải pháp VNPT HIS - Trạm Y tế Xã Vĩnh Viễn A',47,NULL,'DAU_TU','2026-02-25','2026-11-25','CHUAN_BI',NULL,'2026-02-25 08:21:11',NULL,'2026-03-18 02:02:31',NULL,NULL),(54,'DA046','Dự án Giải pháp VNPT HIS - Trạm y tế xã Thuận Hòa',46,NULL,'DAU_TU','2026-02-25','2026-11-25','CHUAN_BI',NULL,'2026-02-25 08:21:11',NULL,'2026-03-18 02:02:31',NULL,NULL),(55,'DA045','Dự án Giải pháp VNPT HIS - Trạm Y tế Xã Tân Phú',45,NULL,'DAU_TU','2026-02-25','2026-11-25','CHUAN_BI',NULL,'2026-02-25 08:21:11',NULL,'2026-03-18 02:02:31',NULL,NULL),(56,'DA044','Dự án Giải pháp VNPT HIS - Trạm Y tế Thị trấn Trà Lồng',44,NULL,'DAU_TU','2026-02-25','2026-11-25','CHUAN_BI',NULL,'2026-02-25 08:21:11',NULL,'2026-03-18 02:02:31',NULL,NULL),(57,'DA043','Dự án Giải pháp VNPT HIS - Trạm y tế phường Trà Lồng',43,NULL,'DAU_TU','2026-02-25','2026-11-25','CHUAN_BI',NULL,'2026-02-25 08:21:11',NULL,'2026-03-18 02:02:31',NULL,NULL),(58,'DA042','Dự án Giải pháp VNPT HIS - Trạm Y tế xã Xà Phiên',42,NULL,'DAU_TU','2026-02-25','2026-11-25','CHUAN_BI',NULL,'2026-02-25 08:21:11',NULL,'2026-03-18 02:02:31',NULL,NULL),(59,'DA041','Dự án Giải pháp VNPT HIS - Trạm Y tế Xã Lương Tâm',41,NULL,'DAU_TU','2026-02-25','2026-11-25','CHUAN_BI',NULL,'2026-02-25 08:21:11',NULL,'2026-03-18 02:02:31',NULL,NULL),(60,'DA040','Dự án Giải pháp VNPT HIS - Trạm Y tế Xã Vĩnh Viễn',40,NULL,'DAU_TU','2026-02-25','2026-11-25','CHUAN_BI',NULL,'2026-02-25 08:21:11',NULL,'2026-03-18 02:02:31',NULL,NULL),(61,'DA039','Dự án Giải pháp VNPT HIS - Trạm Y tế Xã Thuận Hưng',39,NULL,'DAU_TU','2026-02-25','2026-11-25','CHUAN_BI',NULL,'2026-02-25 08:21:11',NULL,'2026-03-18 02:02:31',NULL,NULL),(62,'DA038','Dự án Giải pháp VNPT HIS - Trạm Y tế phường Long Phú 1',38,NULL,'DAU_TU','2026-02-25','2026-11-25','CHUAN_BI',NULL,'2026-02-25 08:21:11',NULL,'2026-03-18 02:02:31',NULL,NULL),(63,'DA037','Dự án Giải pháp VNPT HIS - Trạm Y tế Xã Long Trị',37,NULL,'DAU_TU','2026-02-25','2026-11-25','CHUAN_BI',NULL,'2026-02-25 08:21:11',NULL,'2026-03-18 02:02:31',NULL,NULL),(64,'DA036','Dự án Giải pháp VNPT HIS - Trạm Y tế Xã Long Bình',36,NULL,'DAU_TU','2026-02-25','2026-11-25','CHUAN_BI',NULL,'2026-02-25 08:21:11',NULL,'2026-03-18 02:02:31',NULL,NULL),(65,'DA034','Dự án Giải pháp VNPT HIS - Trạm Y tế phường Long Bình',34,NULL,'DAU_TU','2026-02-25','2026-11-25','CHUAN_BI',NULL,'2026-02-25 08:21:11',NULL,'2026-03-18 02:02:31',NULL,NULL),(66,'DA033','Dự án Giải pháp VNPT HIS - Trạm y tế xã Vị Thanh 1',33,NULL,'DAU_TU','2026-02-25','2026-11-25','CHUAN_BI',NULL,'2026-02-25 08:21:11',NULL,'2026-03-18 02:02:31',NULL,NULL),(67,'DA032','Dự án Giải pháp VNPT HIS - Trạm Y tế Xã Vị Bình',32,NULL,'DAU_TU','2026-02-25','2026-11-25','CHUAN_BI',NULL,'2026-02-25 08:21:11',NULL,'2026-03-18 02:02:31',NULL,NULL),(68,'DA031','Dự án Giải pháp VNPT HIS - Trạm Y tế Xã Vị Đông',31,NULL,'DAU_TU','2026-02-25','2026-11-25','CHUAN_BI',NULL,'2026-02-25 08:21:11',NULL,'2026-03-18 02:02:31',NULL,NULL),(69,'DA030','Dự án Giải pháp VNPT HIS - Trạm y tế xã Vĩnh Tường',30,NULL,'DAU_TU','2026-02-25','2026-11-25','CHUAN_BI',NULL,'2026-02-25 08:21:11',NULL,'2026-03-18 02:02:31',NULL,NULL),(70,'DA029','Dự án Giải pháp VNPT HIS - Trạm Y tế Xã Vĩnh Trung',29,NULL,'DAU_TU','2026-02-25','2026-11-25','CHUAN_BI',NULL,'2026-02-25 08:21:11',NULL,'2026-03-18 02:02:31',NULL,NULL),(71,'DA028','Dự án Giải pháp VNPT HIS - Trạm y tế xã Vĩnh Thuận Đông',28,NULL,'DAU_TU','2026-02-25','2026-11-25','CHUAN_BI',NULL,'2026-02-25 08:21:11',NULL,'2026-03-18 02:02:31',NULL,NULL),(72,'DA027','Dự án Giải pháp VNPT HIS - Trạm Y tế Xã Vị Thắng',27,NULL,'DAU_TU','2026-02-25','2026-11-25','CHUAN_BI',NULL,'2026-02-25 08:21:11',NULL,'2026-03-18 02:02:31',NULL,NULL),(73,'DA026','Dự án Giải pháp VNPT HIS - Trạm Y tế Xã Vị Thủy',26,NULL,'DAU_TU','2026-02-25','2026-11-25','CHUAN_BI',NULL,'2026-02-25 08:21:11',NULL,'2026-03-18 02:02:31',NULL,NULL),(74,'DA025','Dự án Giải pháp VNPT HIS - Trạm Y tế Xã Vị Trung',25,NULL,'DAU_TU','2026-02-25','2026-11-25','CHUAN_BI',NULL,'2026-02-25 08:21:11',NULL,'2026-03-18 02:02:31',NULL,NULL),(75,'DA024','Dự án Giải pháp VNPT HIS - Trạm y tế xã Vị Thủy',24,NULL,'DAU_TU','2026-02-25','2026-11-25','CHUAN_BI',NULL,'2026-02-25 08:21:11',NULL,'2026-03-18 02:02:31',NULL,NULL),(76,'DA023','Dự án Giải pháp VNPT HIS - TTYT Dự phòng Tỉnh Hậu Giang',23,NULL,'DAU_TU','2026-02-25','2026-11-25','CHUAN_BI',NULL,'2026-02-25 08:21:11',NULL,'2026-03-18 02:02:31',NULL,NULL),(77,'DA022','Dự án Giải pháp VNPT HIS - Phòng khám đa khoa Tâm Phúc Cần Thơ',22,NULL,'DAU_TU','2026-02-25','2026-11-25','CHUAN_BI',NULL,'2026-02-25 08:21:11',NULL,'2026-03-18 02:02:31',NULL,NULL),(78,'DA021','Dự án Giải pháp VNPT HIS - Phòng khám đa khoa Medic Tây Đô',21,NULL,'DAU_TU','2026-02-25','2026-11-25','CHUAN_BI',NULL,'2026-02-25 08:21:11',NULL,'2026-03-18 02:02:31',NULL,NULL),(79,'DA020','Dự án Giải pháp VNPT HIS - PHÒNG KHÁM ĐA KHOA TÂM AN',20,NULL,'DAU_TU','2026-02-25','2026-11-25','CHUAN_BI',NULL,'2026-02-25 08:21:11',NULL,'2026-03-18 02:02:31',NULL,NULL),(80,'DA019','Dự án Giải pháp VNPT HIS - Phòng khám đa khoa thuộc Trung tâm Y tế thành phố Vị Thanh',19,NULL,'DAU_TU','2026-02-25','2026-11-25','CHUAN_BI',NULL,'2026-02-25 08:21:11',NULL,'2026-03-18 02:02:31',NULL,NULL),(81,'DA018','Dự án Giải pháp VNPT HIS - Phòng khám đa khoa CARE MEDIC CẦN THƠ',18,NULL,'DAU_TU','2026-02-25','2026-11-25','CHUAN_BI',NULL,'2026-02-25 08:21:11',NULL,'2026-03-18 02:02:31',NULL,NULL),(82,'DA017','Dự án Giải pháp VNPT HIS - Phòng khám đa khoa Thiên Tâm',17,NULL,'DAU_TU','2026-02-25','2026-11-25','CHUAN_BI',NULL,'2026-02-25 08:21:11',NULL,'2026-03-18 02:02:31',NULL,NULL),(83,'DA015','Dự án Giải pháp VNPT HIS - Trung tâm Y tế Huyện Long Mỹ',15,NULL,'DAU_TU','2026-02-25','2026-11-25','CHUAN_BI',NULL,'2026-02-25 08:21:11',NULL,'2026-03-18 02:02:31',NULL,NULL),(84,'DA014','Dự án Giải pháp VNPT HIS - Bệnh viện đa khoa khu vực Ngã Bảy',14,NULL,'DAU_TU','2026-02-25','2026-11-25','TRIAL',NULL,'2026-02-25 08:21:11',NULL,'2026-03-23 23:19:24',9,NULL),(85,'DA013','Dự án Giải pháp VNPT HIS - Trung tâm Y tế khu vực Châu Thành A',13,NULL,'DAU_TU','2026-02-25','2026-11-25','CHUAN_BI',NULL,'2026-02-25 08:21:11',NULL,'2026-03-18 02:02:31',NULL,NULL),(86,'DA012','Dự án Giải pháp VNPT HIS - Trung tâm Y tế Khu vực Châu Thành',12,NULL,'DAU_TU','2026-02-25','2026-11-25','CHUAN_BI',NULL,'2026-02-25 08:21:11',NULL,'2026-03-18 02:02:31',NULL,NULL),(87,'DA011','Dự án Giải pháp VNPT HIS - Trung tâm Y tế Thành phố Ngã Bảy',11,NULL,'DAU_TU','2026-02-25','2026-11-25','TRIAL',NULL,'2026-02-25 08:21:11',NULL,'2026-03-23 23:19:42',9,NULL),(88,'DA010','Dự án Giải pháp VNPT HIS - Phòng khám đa khoa KV Búng Tàu',10,NULL,'DAU_TU','2026-02-25','2026-11-25','CHUAN_BI',NULL,'2026-02-25 08:21:11',NULL,'2026-03-18 02:02:31',NULL,NULL),(89,'DA009','Dự án Giải pháp VNPT HIS - Phòng khám đa khoa KV Kinh Cùng',9,NULL,'DAU_TU','2026-02-25','2026-11-25','CHUAN_BI',NULL,'2026-02-25 08:21:11',NULL,'2026-03-18 02:02:31',NULL,NULL),(90,'DA008','Dự án Giải pháp VNPT HIS - Trung tâm Y tế khu vực Phụng Hiệp',8,NULL,'DAU_TU','2026-02-25','2026-11-25','CHUAN_BI',NULL,'2026-02-25 08:21:11',NULL,'2026-03-18 02:02:31',NULL,NULL),(91,'DA007','Dự án Giải pháp VNPT HIS - Trung tâm Y tế khu vực Long Mỹ',7,NULL,'DAU_TU','2026-02-25','2026-11-25','CHUAN_BI',NULL,'2026-02-25 08:21:11',NULL,'2026-03-18 02:02:31',NULL,NULL),(92,'DA006','Dự án Giải pháp VNPT HIS - Trung tâm Y tế khu vực Vị Thủy',6,NULL,'DAU_TU','2026-02-25','2026-11-25','CHUAN_BI',NULL,'2026-02-25 08:21:11',NULL,'2026-03-18 02:02:31',NULL,NULL),(93,'DA005','Dự án Giải pháp VNPT HIS - Bệnh viện Phổi Hậu Giang',5,NULL,'DAU_TU','2026-02-25','2026-11-25','CHUAN_BI',NULL,'2026-02-25 08:21:11',NULL,'2026-03-18 02:02:31',NULL,NULL),(94,'DA004','Dự án Giải pháp VNPT HIS - Bệnh viện Tâm thần - Da liễu Hậu Giang',4,NULL,'DAU_TU','2026-02-25','2026-11-25','CHUAN_BI',NULL,'2026-02-25 08:21:11',NULL,'2026-03-18 02:02:31',NULL,NULL),(95,'DA003','Dự án Giải pháp VNPT HIS - Bệnh viện Sản - Nhi Hậu Giang',3,NULL,'THUE_DICH_VU_DACTHU','2026-02-25','2026-11-25','CHUAN_BI_KH_THUE',NULL,'2026-02-25 08:21:11',NULL,'2026-03-18 02:02:31',9,NULL),(96,'DA050','Dự án Dịch vụ giám sát SOC - TYT phường Bình Thạnh',50,NULL,'THUE_DICH_VU_DACTHU','2026-02-25','2026-11-25','CHUAN_BI_KH_THUE',NULL,'2026-02-25 08:21:11',NULL,'2026-03-18 02:02:31',9,NULL),(97,'DA035','Dự án Dịch vụ giám sát SOC - TYT P. Thuận An (TYT TT Long Mỹ)',35,NULL,'DAU_TU','2026-02-25','2026-11-25','CHUAN_BI',NULL,'2026-02-25 08:21:11',NULL,'2026-03-18 02:02:31',1,NULL),(98,'DA016','Dự án Dịch vụ giám sát SOC - TT Phòng, Chống HIV/AIDS tỉnh Hậu Giang',16,NULL,'DAU_TU','2026-02-25','2027-11-25','CHUAN_BI',NULL,'2026-02-25 08:21:11',NULL,'2026-03-18 02:02:31',9,NULL);
/*!40000 ALTER TABLE `projects` ENABLE KEYS */;
UNLOCK TABLES;

--
-- Table structure for table `raci_assignments`
--

DROP TABLE IF EXISTS `raci_assignments`;
/*!40101 SET @saved_cs_client     = @@character_set_client */;
/*!50503 SET character_set_client = utf8mb4 */;
CREATE TABLE `raci_assignments` (
  `id` bigint unsigned NOT NULL AUTO_INCREMENT,
  `entity_type` varchar(50) CHARACTER SET utf8mb4 COLLATE utf8mb4_unicode_ci NOT NULL COMMENT 'contract | project | opportunity',
  `entity_id` bigint unsigned NOT NULL,
  `user_id` bigint unsigned NOT NULL,
  `raci_role` enum('R','A','C','I') CHARACTER SET utf8mb4 COLLATE utf8mb4_unicode_ci NOT NULL,
  `created_at` timestamp NULL DEFAULT CURRENT_TIMESTAMP,
  `created_by` bigint unsigned DEFAULT NULL,
  `updated_at` timestamp NULL DEFAULT NULL ON UPDATE CURRENT_TIMESTAMP,
  `updated_by` bigint unsigned DEFAULT NULL,
  PRIMARY KEY (`id`),
  UNIQUE KEY `uq_raci_entity_user_role` (`entity_type`,`entity_id`,`user_id`,`raci_role`),
  KEY `idx_raci_entity` (`entity_type`,`entity_id`),
  KEY `fk_raci_user_global` (`user_id`),
  CONSTRAINT `fk_raci_user_global` FOREIGN KEY (`user_id`) REFERENCES `internal_users` (`id`) ON DELETE CASCADE
) ENGINE=InnoDB AUTO_INCREMENT=18 DEFAULT CHARSET=utf8mb4 COLLATE=utf8mb4_unicode_ci COMMENT='Bảng 21: Ma trận RACI tổng thể';
/*!40101 SET character_set_client = @saved_cs_client */;

--
-- Dumping data for table `raci_assignments`
--

LOCK TABLES `raci_assignments` WRITE;
/*!40000 ALTER TABLE `raci_assignments` DISABLE KEYS */;
INSERT INTO `raci_assignments` VALUES (9,'project',95,9,'A','2026-03-05 17:00:00',9,'2026-03-14 23:29:04',9),(10,'project',95,10,'R','2026-03-05 17:00:00',9,'2026-03-14 23:29:04',9),(11,'project',95,9,'R','2026-03-05 17:00:00',9,'2026-03-14 23:29:04',9),(12,'project',95,16,'R','2026-03-05 17:00:00',9,'2026-03-14 23:29:04',9),(13,'project',84,9,'R','2026-03-24 00:00:00',9,'2026-03-23 23:19:24',9),(14,'project',84,16,'A','2026-03-24 00:00:00',9,'2026-03-23 23:19:24',9),(15,'project',84,10,'R','2026-03-24 00:00:00',9,'2026-03-23 23:19:24',9),(16,'project',84,14,'R','2026-03-24 00:00:00',9,'2026-03-23 23:19:24',9),(17,'project',84,31,'R','2026-03-24 00:00:00',9,'2026-03-23 23:19:24',9);
/*!40000 ALTER TABLE `raci_assignments` ENABLE KEYS */;
UNLOCK TABLES;

--
-- Table structure for table `receipts`
--

DROP TABLE IF EXISTS `receipts`;
/*!40101 SET @saved_cs_client     = @@character_set_client */;
/*!50503 SET character_set_client = utf8mb4 */;
CREATE TABLE `receipts` (
  `id` bigint unsigned NOT NULL AUTO_INCREMENT,
  `receipt_code` varchar(50) NOT NULL COMMENT 'Mã phiếu thu: RCP-YYYYMM-NNNN',
  `invoice_id` bigint unsigned DEFAULT NULL COMMENT 'NULL nếu thu trước khi có hóa đơn',
  `contract_id` bigint unsigned NOT NULL,
  `customer_id` bigint unsigned NOT NULL,
  `receipt_date` date NOT NULL COMMENT 'Ngày thu',
  `amount` decimal(15,2) NOT NULL COMMENT 'Số tiền thu',
  `payment_method` varchar(50) NOT NULL DEFAULT 'BANK_TRANSFER' COMMENT 'CASH | BANK_TRANSFER | ONLINE | OFFSET | OTHER',
  `bank_name` varchar(200) DEFAULT NULL,
  `bank_account` varchar(50) DEFAULT NULL,
  `transaction_ref` varchar(100) DEFAULT NULL COMMENT 'Mã giao dịch ngân hàng',
  `status` varchar(30) NOT NULL DEFAULT 'CONFIRMED' COMMENT 'CONFIRMED | PENDING_CONFIRM | REJECTED',
  `is_reversed` tinyint(1) NOT NULL DEFAULT '0' COMMENT 'true if this receipt has a reversal offset entry',
  `is_reversal_offset` tinyint(1) NOT NULL DEFAULT '0' COMMENT 'true if this is a negative offset entry (amount < 0)',
  `original_receipt_id` bigint unsigned DEFAULT NULL COMMENT 'FK to original receipt being reversed',
  `notes` text,
  `confirmed_by` bigint unsigned DEFAULT NULL,
  `confirmed_at` timestamp NULL DEFAULT NULL,
  `data_scope` varchar(50) DEFAULT NULL,
  `created_by` bigint unsigned DEFAULT NULL,
  `updated_by` bigint unsigned DEFAULT NULL,
  `created_at` timestamp NULL DEFAULT NULL,
  `updated_at` timestamp NULL DEFAULT NULL,
  `deleted_at` timestamp NULL DEFAULT NULL,
  PRIMARY KEY (`id`),
  UNIQUE KEY `uq_rcp_code` (`receipt_code`),
  KEY `idx_rcp_invoice` (`invoice_id`),
  KEY `idx_rcp_contract` (`contract_id`),
  KEY `idx_rcp_customer` (`customer_id`),
  KEY `idx_rcp_date` (`receipt_date`),
  KEY `idx_rcp_status` (`status`),
  KEY `idx_rcp_trend` (`receipt_date`,`invoice_id`,`status`),
  KEY `idx_rcp_reconcile` (`invoice_id`,`status`,`deleted_at`,`amount`),
  CONSTRAINT `receipts_contract_id_foreign` FOREIGN KEY (`contract_id`) REFERENCES `contracts` (`id`),
  CONSTRAINT `receipts_customer_id_foreign` FOREIGN KEY (`customer_id`) REFERENCES `customers` (`id`),
  CONSTRAINT `receipts_invoice_id_foreign` FOREIGN KEY (`invoice_id`) REFERENCES `invoices` (`id`)
) ENGINE=InnoDB DEFAULT CHARSET=utf8mb4 COLLATE=utf8mb4_0900_ai_ci;
/*!40101 SET character_set_client = @saved_cs_client */;

--
-- Dumping data for table `receipts`
--

LOCK TABLES `receipts` WRITE;
/*!40000 ALTER TABLE `receipts` DISABLE KEYS */;
/*!40000 ALTER TABLE `receipts` ENABLE KEYS */;
UNLOCK TABLES;

--
-- Table structure for table `reminders`
--

DROP TABLE IF EXISTS `reminders`;
/*!40101 SET @saved_cs_client     = @@character_set_client */;
/*!50503 SET character_set_client = utf8mb4 */;
CREATE TABLE `reminders` (
  `id` bigint unsigned NOT NULL AUTO_INCREMENT,
  `reminder_title` varchar(255) CHARACTER SET utf8mb4 COLLATE utf8mb4_unicode_ci NOT NULL,
  `content` text CHARACTER SET utf8mb4 COLLATE utf8mb4_unicode_ci,
  `project_id` bigint unsigned DEFAULT NULL,
  `contract_id` bigint unsigned DEFAULT NULL,
  `remind_date` datetime NOT NULL,
  `assigned_to` bigint unsigned NOT NULL,
  `is_read` tinyint(1) DEFAULT '0',
  `status` enum('ACTIVE','COMPLETED','CANCELLED') CHARACTER SET utf8mb4 COLLATE utf8mb4_unicode_ci DEFAULT 'ACTIVE',
  `created_at` timestamp NULL DEFAULT CURRENT_TIMESTAMP,
  `created_by` bigint unsigned DEFAULT NULL,
  `updated_at` timestamp NULL DEFAULT NULL ON UPDATE CURRENT_TIMESTAMP,
  `updated_by` bigint unsigned DEFAULT NULL,
  PRIMARY KEY (`id`),
  KEY `fk_remind_user` (`assigned_to`),
  CONSTRAINT `fk_remind_user` FOREIGN KEY (`assigned_to`) REFERENCES `internal_users` (`id`)
) ENGINE=InnoDB AUTO_INCREMENT=3 DEFAULT CHARSET=utf8mb4 COLLATE=utf8mb4_unicode_ci COMMENT='Bảng 34: Hệ thống nhắc việc';
/*!40101 SET character_set_client = @saved_cs_client */;

--
-- Dumping data for table `reminders`
--

LOCK TABLES `reminders` WRITE;
/*!40000 ALTER TABLE `reminders` DISABLE KEYS */;
INSERT INTO `reminders` VALUES (1,'Gửi báo cáo tuần cho khách hàng','Tổng hợp tiến độ và gửi báo cáo tuần.',NULL,NULL,'2026-02-24 09:00:00',1,0,'ACTIVE','2026-02-23 08:16:35',NULL,'2026-03-01 14:16:56',NULL),(2,'Nhắc lịch họp kickoff dự án','Chuẩn bị nội dung họp kickoff với khách hàng.',NULL,NULL,'2026-02-26 14:00:00',1,0,'ACTIVE','2026-02-23 08:16:35',NULL,'2026-03-01 14:16:56',NULL);
/*!40000 ALTER TABLE `reminders` ENABLE KEYS */;
UNLOCK TABLES;

--
-- Table structure for table `request_raci`
--

DROP TABLE IF EXISTS `request_raci`;
/*!40101 SET @saved_cs_client     = @@character_set_client */;
/*!50503 SET character_set_client = utf8mb4 */;
CREATE TABLE `request_raci` (
  `id` bigint unsigned NOT NULL AUTO_INCREMENT,
  `request_code` varchar(50) CHARACTER SET utf8mb4 COLLATE utf8mb4_unicode_ci NOT NULL COMMENT 'Mã yêu cầu. JOIN support_requests.request_code hoặc programming_requests.req_code.',
  `user_id` bigint unsigned NOT NULL COMMENT 'FK internal_users.id — Người được gán vai trò.',
  `raci_role` enum('R','A','C','I') CHARACTER SET utf8mb4 COLLATE utf8mb4_unicode_ci NOT NULL COMMENT 'R=Xử lý chính, A=Phê duyệt, C=Tư vấn, I=Watcher. Notification: A+I nhận auto, C nhận khi tag.',
  `created_at` timestamp NULL DEFAULT CURRENT_TIMESTAMP,
  `created_by` bigint unsigned NOT NULL COMMENT 'FK internal_users.id — Người gán vai trò (có thể = user_id khi tự Watch).',
  PRIMARY KEY (`id`),
  UNIQUE KEY `uq_request_raci` (`request_code`,`user_id`,`raci_role`),
  KEY `fk_req_raci_user` (`user_id`),
  CONSTRAINT `fk_req_raci_user` FOREIGN KEY (`user_id`) REFERENCES `internal_users` (`id`) ON DELETE CASCADE
) ENGINE=InnoDB DEFAULT CHARSET=utf8mb4 COLLATE=utf8mb4_unicode_ci COMMENT='Ma trận RACI + Watcher. 1 row = 1 vai trò của 1 user trên 1 request. Hard delete khi bỏ.';
/*!40101 SET character_set_client = @saved_cs_client */;

--
-- Dumping data for table `request_raci`
--

LOCK TABLES `request_raci` WRITE;
/*!40000 ALTER TABLE `request_raci` DISABLE KEYS */;
/*!40000 ALTER TABLE `request_raci` ENABLE KEYS */;
UNLOCK TABLES;

--
-- Table structure for table `request_ref_tasks`
--

DROP TABLE IF EXISTS `request_ref_tasks`;
/*!40101 SET @saved_cs_client     = @@character_set_client */;
/*!50503 SET character_set_client = utf8mb4 */;
CREATE TABLE `request_ref_tasks` (
  `id` bigint unsigned NOT NULL AUTO_INCREMENT,
  `source_type` varchar(50) CHARACTER SET utf8mb4 COLLATE utf8mb4_unicode_ci DEFAULT NULL,
  `source_id` bigint unsigned DEFAULT NULL,
  `request_code` varchar(50) CHARACTER SET utf8mb4 COLLATE utf8mb4_unicode_ci NOT NULL COMMENT 'Copy từ bảng cha. Query: WHERE task_code=? → biết request_code ngay.',
  `task_source` varchar(30) CHARACTER SET utf8mb4 COLLATE utf8mb4_unicode_ci NOT NULL DEFAULT 'IT360' COMMENT 'Hệ thống nguồn. Frontend dùng để render icon + base URL. Giá trị: IT360|JIRA|DMS|GITLAB|OTHER',
  `task_code` varchar(100) CHARACTER SET utf8mb4 COLLATE utf8mb4_unicode_ci NOT NULL COMMENT 'Mã task trên hệ thống nguồn. VD: IT-360, DMS-T001, SRQ-0001499820',
  `task_link` text CHARACTER SET utf8mb4 COLLATE utf8mb4_unicode_ci COMMENT 'URL trực tiếp đến task. Frontend: <a href={task_link}>{task_code}</a>',
  `drive_file_id` varchar(100) CHARACTER SET utf8mb4 COLLATE utf8mb4_unicode_ci DEFAULT NULL COMMENT 'Google Drive File ID nếu task có tài liệu đính kèm.',
  `task_note` varchar(500) CHARACTER SET utf8mb4 COLLATE utf8mb4_unicode_ci DEFAULT NULL COMMENT 'Mô tả mối liên hệ. VD: "Ticket gốc phát sinh yêu cầu", "Task deploy lên staging"',
  `task_status` varchar(50) CHARACTER SET utf8mb4 COLLATE utf8mb4_unicode_ci DEFAULT NULL COMMENT 'Trạng thái task bên ngoài. VD: OPEN, IN_PROGRESS, DONE. Dùng cho sync 2 chiều nếu có.',
  `sort_order` smallint unsigned NOT NULL DEFAULT '0' COMMENT 'Thứ tự hiển thị. GD16 task list hiện theo sort_order ASC.',
  `created_at` timestamp NULL DEFAULT CURRENT_TIMESTAMP,
  `created_by` bigint unsigned NOT NULL COMMENT 'FK internal_users.id',
  `updated_at` timestamp NULL DEFAULT NULL ON UPDATE CURRENT_TIMESTAMP,
  `updated_by` bigint unsigned DEFAULT NULL,
  `deleted_at` timestamp NULL DEFAULT NULL,
  PRIMARY KEY (`id`),
  KEY `idx_reftask_source_sort` (`source_type`,`source_id`,`sort_order`,`deleted_at`),
  KEY `idx_reftask_task_code` (`task_code`,`task_source`,`request_code`),
  KEY `idx_reftask_request_code` (`request_code`,`source_type`,`deleted_at`),
  KEY `idx_reftask_source_system` (`task_source`,`task_code`),
  KEY `idx_reftask_drive_file` (`drive_file_id`),
  KEY `idx_reftask_updated_by` (`updated_by`)
) ENGINE=InnoDB AUTO_INCREMENT=208 DEFAULT CHARSET=utf8mb4 COLLATE=utf8mb4_unicode_ci COMMENT='Task tham chiếu IT360/Jira/DMS. Polymorphic N:1 với transitions/worklogs.';
/*!40101 SET character_set_client = @saved_cs_client */;

--
-- Dumping data for table `request_ref_tasks`
--

LOCK TABLES `request_ref_tasks` WRITE;
/*!40000 ALTER TABLE `request_ref_tasks` DISABLE KEYS */;
INSERT INTO `request_ref_tasks` VALUES (1,'TRANSITION',2,'YC03033','REFERENCE','SMK-TASK-1',NULL,NULL,NULL,'TODO',0,'2026-03-03 16:54:53',1,'2026-03-08 01:44:35',1,NULL),(2,'TRANSITION',3,'YC03033','REFERENCE','SMK-TASK-2','https://example.com/task/2',NULL,NULL,'IN_PROGRESS',0,'2026-03-03 16:54:53',1,'2026-03-08 01:44:35',1,NULL),(3,'TRANSITION',13,'YC03058','REFERENCE','It3601','Link IT',NULL,NULL,'TODO',0,'2026-03-05 00:52:18',9,'2026-03-08 01:44:35',9,NULL),(4,'TRANSITION',13,'YC03058','REFERENCE','It3601','Link IT01',NULL,NULL,'IN_PROGRESS',1,'2026-03-05 00:52:18',9,'2026-03-08 01:44:35',9,NULL),(5,'TRANSITION',13,'YC03058','REFERENCE','It3601','Link IT',NULL,NULL,'TODO',0,'2026-03-05 00:52:18',9,'2026-03-08 01:44:35',9,'2026-03-07 04:31:57'),(6,'TRANSITION',13,'YC03058','REFERENCE','It3601','Link IT01',NULL,NULL,'IN_PROGRESS',1,'2026-03-05 00:52:18',9,'2026-03-08 01:44:35',9,'2026-03-07 04:31:57'),(7,'TRANSITION',13,'YC03058','REFERENCE','It3601','Link IT',NULL,NULL,'TODO',0,'2026-03-05 00:52:18',9,'2026-03-08 01:44:35',9,'2026-03-07 04:31:57'),(8,'TRANSITION',13,'YC03058','REFERENCE','It3601','Link IT01',NULL,NULL,'IN_PROGRESS',1,'2026-03-05 00:52:18',9,'2026-03-08 01:44:35',9,'2026-03-07 04:31:57'),(9,'TRANSITION',13,'YC03058','REFERENCE','It3601','Link IT',NULL,NULL,'TODO',0,'2026-03-05 00:52:18',9,'2026-03-08 01:44:35',9,'2026-03-07 04:31:57'),(10,'TRANSITION',13,'YC03058','REFERENCE','It3601','Link IT01',NULL,NULL,'IN_PROGRESS',1,'2026-03-05 00:52:18',9,'2026-03-08 01:44:35',9,'2026-03-07 04:31:57'),(11,'TRANSITION',14,'YC03058','REFERENCE','It3601','Link IT',NULL,NULL,'TODO',0,'2026-03-05 00:55:59',9,'2026-03-08 01:44:35',9,NULL),(12,'TRANSITION',14,'YC03058','REFERENCE','It3601','Link IT',NULL,NULL,'TODO',1,'2026-03-05 00:55:59',9,'2026-03-08 01:44:35',9,NULL),(13,'TRANSITION',14,'YC03058','REFERENCE','It3601','Link IT',NULL,NULL,'TODO',2,'2026-03-05 00:55:59',9,'2026-03-08 01:44:35',9,NULL),(14,'TRANSITION',14,'YC03058','REFERENCE','It3601','Link IT',NULL,NULL,'TODO',3,'2026-03-05 00:55:59',9,'2026-03-08 01:44:35',9,NULL),(15,'TRANSITION',14,'YC03058','REFERENCE','It3601','Link IT01',NULL,NULL,'IN_PROGRESS',4,'2026-03-05 00:55:59',9,'2026-03-08 01:44:35',9,NULL),(16,'TRANSITION',14,'YC03058','REFERENCE','It3601','Link IT01',NULL,NULL,'IN_PROGRESS',5,'2026-03-05 00:55:59',9,'2026-03-08 01:44:35',9,NULL),(17,'TRANSITION',14,'YC03058','REFERENCE','It3601','Link IT01',NULL,NULL,'IN_PROGRESS',6,'2026-03-05 00:55:59',9,'2026-03-08 01:44:35',9,NULL),(18,'TRANSITION',14,'YC03058','REFERENCE','It3601','Link IT01',NULL,NULL,'IN_PROGRESS',7,'2026-03-05 00:55:59',9,'2026-03-08 01:44:35',9,NULL),(19,'TRANSITION',14,'YC03058','REFERENCE','It3601','Link IT',NULL,NULL,'TODO',0,'2026-03-05 00:55:59',9,'2026-03-08 01:44:35',9,'2026-03-07 04:31:57'),(20,'TRANSITION',14,'YC03058','REFERENCE','It3601','Link IT',NULL,NULL,'TODO',1,'2026-03-05 00:55:59',9,'2026-03-08 01:44:35',9,'2026-03-07 04:31:57'),(21,'TRANSITION',14,'YC03058','REFERENCE','It3601','Link IT',NULL,NULL,'TODO',2,'2026-03-05 00:55:59',9,'2026-03-08 01:44:35',9,'2026-03-07 04:31:57'),(22,'TRANSITION',14,'YC03058','REFERENCE','It3601','Link IT',NULL,NULL,'TODO',3,'2026-03-05 00:55:59',9,'2026-03-08 01:44:35',9,'2026-03-07 04:31:57'),(23,'TRANSITION',14,'YC03058','REFERENCE','It3601','Link IT01',NULL,NULL,'IN_PROGRESS',4,'2026-03-05 00:55:59',9,'2026-03-08 01:44:35',9,'2026-03-07 04:31:57'),(24,'TRANSITION',14,'YC03058','REFERENCE','It3601','Link IT01',NULL,NULL,'IN_PROGRESS',5,'2026-03-05 00:55:59',9,'2026-03-08 01:44:35',9,'2026-03-07 04:31:57'),(25,'TRANSITION',14,'YC03058','REFERENCE','It3601','Link IT01',NULL,NULL,'IN_PROGRESS',6,'2026-03-05 00:55:59',9,'2026-03-08 01:44:35',9,'2026-03-07 04:31:57'),(26,'TRANSITION',14,'YC03058','REFERENCE','It3601','Link IT01',NULL,NULL,'IN_PROGRESS',7,'2026-03-05 00:55:59',9,'2026-03-08 01:44:35',9,'2026-03-07 04:31:57'),(27,'TRANSITION',14,'YC03058','REFERENCE','It3601','Link IT',NULL,NULL,'TODO',0,'2026-03-05 00:55:59',9,'2026-03-08 01:44:35',9,'2026-03-07 04:31:57'),(28,'TRANSITION',14,'YC03058','REFERENCE','It3601','Link IT',NULL,NULL,'TODO',1,'2026-03-05 00:55:59',9,'2026-03-08 01:44:35',9,'2026-03-07 04:31:57'),(29,'TRANSITION',14,'YC03058','REFERENCE','It3601','Link IT',NULL,NULL,'TODO',2,'2026-03-05 00:55:59',9,'2026-03-08 01:44:35',9,'2026-03-07 04:31:57'),(30,'TRANSITION',14,'YC03058','REFERENCE','It3601','Link IT',NULL,NULL,'TODO',3,'2026-03-05 00:55:59',9,'2026-03-08 01:44:35',9,'2026-03-07 04:31:57'),(31,'TRANSITION',14,'YC03058','REFERENCE','It3601','Link IT01',NULL,NULL,'IN_PROGRESS',4,'2026-03-05 00:55:59',9,'2026-03-08 01:44:35',9,'2026-03-07 04:31:57'),(32,'TRANSITION',14,'YC03058','REFERENCE','It3601','Link IT01',NULL,NULL,'IN_PROGRESS',5,'2026-03-05 00:55:59',9,'2026-03-08 01:44:35',9,'2026-03-07 04:31:57'),(33,'TRANSITION',14,'YC03058','REFERENCE','It3601','Link IT01',NULL,NULL,'IN_PROGRESS',6,'2026-03-05 00:55:59',9,'2026-03-08 01:44:35',9,'2026-03-07 04:31:57'),(34,'TRANSITION',14,'YC03058','REFERENCE','It3601','Link IT01',NULL,NULL,'IN_PROGRESS',7,'2026-03-05 00:55:59',9,'2026-03-08 01:44:35',9,'2026-03-07 04:31:57'),(35,'TRANSITION',14,'YC03058','REFERENCE','It3601','Link IT',NULL,NULL,'TODO',0,'2026-03-05 00:55:59',9,'2026-03-08 01:44:35',9,'2026-03-07 04:31:57'),(36,'TRANSITION',14,'YC03058','REFERENCE','It3601','Link IT',NULL,NULL,'TODO',1,'2026-03-05 00:55:59',9,'2026-03-08 01:44:35',9,'2026-03-07 04:31:57'),(37,'TRANSITION',14,'YC03058','REFERENCE','It3601','Link IT',NULL,NULL,'TODO',2,'2026-03-05 00:55:59',9,'2026-03-08 01:44:35',9,'2026-03-07 04:31:57'),(38,'TRANSITION',14,'YC03058','REFERENCE','It3601','Link IT',NULL,NULL,'TODO',3,'2026-03-05 00:55:59',9,'2026-03-08 01:44:35',9,'2026-03-07 04:31:57'),(39,'TRANSITION',14,'YC03058','REFERENCE','It3601','Link IT01',NULL,NULL,'IN_PROGRESS',4,'2026-03-05 00:55:59',9,'2026-03-08 01:44:35',9,'2026-03-07 04:31:57'),(40,'TRANSITION',14,'YC03058','REFERENCE','It3601','Link IT01',NULL,NULL,'IN_PROGRESS',5,'2026-03-05 00:55:59',9,'2026-03-08 01:44:35',9,'2026-03-07 04:31:57'),(41,'TRANSITION',14,'YC03058','REFERENCE','It3601','Link IT01',NULL,NULL,'IN_PROGRESS',6,'2026-03-05 00:55:59',9,'2026-03-08 01:44:35',9,'2026-03-07 04:31:57'),(42,'TRANSITION',14,'YC03058','REFERENCE','It3601','Link IT01',NULL,NULL,'IN_PROGRESS',7,'2026-03-05 00:55:59',9,'2026-03-08 01:44:35',9,'2026-03-07 04:31:57'),(43,'TRANSITION',15,'YC03058','REFERENCE','It3601','Link IT',NULL,NULL,'TODO',0,'2026-03-05 00:57:16',9,'2026-03-08 01:44:35',9,NULL),(44,'TRANSITION',15,'YC03058','REFERENCE','It3601','Link IT',NULL,NULL,'TODO',1,'2026-03-05 00:57:16',9,'2026-03-08 01:44:35',9,NULL),(45,'TRANSITION',15,'YC03058','REFERENCE','It3601','Link IT',NULL,NULL,'TODO',2,'2026-03-05 00:57:16',9,'2026-03-08 01:44:35',9,NULL),(46,'TRANSITION',15,'YC03058','REFERENCE','It3601','Link IT',NULL,NULL,'TODO',3,'2026-03-05 00:57:16',9,'2026-03-08 01:44:35',9,NULL),(47,'TRANSITION',15,'YC03058','REFERENCE','It3601','Link IT01',NULL,NULL,'IN_PROGRESS',4,'2026-03-05 00:57:16',9,'2026-03-08 01:44:35',9,NULL),(48,'TRANSITION',15,'YC03058','REFERENCE','It3601','Link IT01',NULL,NULL,'IN_PROGRESS',5,'2026-03-05 00:57:16',9,'2026-03-08 01:44:35',9,NULL),(49,'TRANSITION',15,'YC03058','REFERENCE','It3601','Link IT01',NULL,NULL,'IN_PROGRESS',6,'2026-03-05 00:57:16',9,'2026-03-08 01:44:35',9,NULL),(50,'TRANSITION',15,'YC03058','REFERENCE','It3601','Link IT01',NULL,NULL,'IN_PROGRESS',7,'2026-03-05 00:57:16',9,'2026-03-08 01:44:35',9,NULL),(51,'TRANSITION',15,'YC03058','REFERENCE','It3601','Link IT',NULL,NULL,'TODO',8,'2026-03-05 00:57:16',9,'2026-03-08 01:44:35',9,NULL),(52,'TRANSITION',15,'YC03058','REFERENCE','It3601','Link IT',NULL,NULL,'TODO',9,'2026-03-05 00:57:16',9,'2026-03-08 01:44:35',9,NULL),(53,'TRANSITION',15,'YC03058','REFERENCE','It3601','Link IT',NULL,NULL,'TODO',10,'2026-03-05 00:57:16',9,'2026-03-08 01:44:35',9,NULL),(54,'TRANSITION',15,'YC03058','REFERENCE','It3601','Link IT',NULL,NULL,'TODO',11,'2026-03-05 00:57:16',9,'2026-03-08 01:44:35',9,NULL),(55,'TRANSITION',15,'YC03058','REFERENCE','It3601','Link IT',NULL,NULL,'TODO',12,'2026-03-05 00:57:16',9,'2026-03-08 01:44:35',9,NULL),(56,'TRANSITION',15,'YC03058','REFERENCE','It3601','Link IT',NULL,NULL,'TODO',13,'2026-03-05 00:57:16',9,'2026-03-08 01:44:35',9,NULL),(57,'TRANSITION',15,'YC03058','REFERENCE','It3601','Link IT',NULL,NULL,'TODO',14,'2026-03-05 00:57:16',9,'2026-03-08 01:44:35',9,NULL),(58,'TRANSITION',15,'YC03058','REFERENCE','It3601','Link IT',NULL,NULL,'TODO',15,'2026-03-05 00:57:16',9,'2026-03-08 01:44:35',9,NULL),(59,'TRANSITION',15,'YC03058','REFERENCE','It3601','Link IT',NULL,NULL,'TODO',16,'2026-03-05 00:57:16',9,'2026-03-08 01:44:35',9,NULL),(60,'TRANSITION',15,'YC03058','REFERENCE','It3601','Link IT',NULL,NULL,'TODO',17,'2026-03-05 00:57:16',9,'2026-03-08 01:44:35',9,NULL),(61,'TRANSITION',15,'YC03058','REFERENCE','It3601','Link IT',NULL,NULL,'TODO',18,'2026-03-05 00:57:16',9,'2026-03-08 01:44:35',9,NULL),(62,'TRANSITION',15,'YC03058','REFERENCE','It3601','Link IT',NULL,NULL,'TODO',19,'2026-03-05 00:57:16',9,'2026-03-08 01:44:35',9,NULL),(63,'TRANSITION',15,'YC03058','REFERENCE','It3601','Link IT',NULL,NULL,'TODO',20,'2026-03-05 00:57:16',9,'2026-03-08 01:44:35',9,NULL),(64,'TRANSITION',15,'YC03058','REFERENCE','It3601','Link IT',NULL,NULL,'TODO',21,'2026-03-05 00:57:16',9,'2026-03-08 01:44:35',9,NULL),(65,'TRANSITION',15,'YC03058','REFERENCE','It3601','Link IT',NULL,NULL,'TODO',22,'2026-03-05 00:57:16',9,'2026-03-08 01:44:35',9,NULL),(66,'TRANSITION',15,'YC03058','REFERENCE','It3601','Link IT',NULL,NULL,'TODO',23,'2026-03-05 00:57:16',9,'2026-03-08 01:44:35',9,NULL),(67,'TRANSITION',15,'YC03058','REFERENCE','It3601','Link IT01',NULL,NULL,'IN_PROGRESS',24,'2026-03-05 00:57:16',9,'2026-03-08 01:44:35',9,NULL),(68,'TRANSITION',15,'YC03058','REFERENCE','It3601','Link IT01',NULL,NULL,'IN_PROGRESS',25,'2026-03-05 00:57:16',9,'2026-03-08 01:44:35',9,NULL),(69,'TRANSITION',15,'YC03058','REFERENCE','It3601','Link IT01',NULL,NULL,'IN_PROGRESS',26,'2026-03-05 00:57:16',9,'2026-03-08 01:44:35',9,NULL),(70,'TRANSITION',15,'YC03058','REFERENCE','It3601','Link IT01',NULL,NULL,'IN_PROGRESS',27,'2026-03-05 00:57:16',9,'2026-03-08 01:44:35',9,NULL),(71,'TRANSITION',15,'YC03058','REFERENCE','It3601','Link IT01',NULL,NULL,'IN_PROGRESS',28,'2026-03-05 00:57:16',9,'2026-03-08 01:44:35',9,NULL),(72,'TRANSITION',15,'YC03058','REFERENCE','It3601','Link IT01',NULL,NULL,'IN_PROGRESS',29,'2026-03-05 00:57:16',9,'2026-03-08 01:44:35',9,NULL),(73,'TRANSITION',15,'YC03058','REFERENCE','It3601','Link IT01',NULL,NULL,'IN_PROGRESS',30,'2026-03-05 00:57:16',9,'2026-03-08 01:44:35',9,NULL),(74,'TRANSITION',15,'YC03058','REFERENCE','It3601','Link IT01',NULL,NULL,'IN_PROGRESS',31,'2026-03-05 00:57:16',9,'2026-03-08 01:44:35',9,NULL),(75,'TRANSITION',15,'YC03058','REFERENCE','It3601','Link IT01',NULL,NULL,'IN_PROGRESS',32,'2026-03-05 00:57:16',9,'2026-03-08 01:44:35',9,NULL),(76,'TRANSITION',15,'YC03058','REFERENCE','It3601','Link IT01',NULL,NULL,'IN_PROGRESS',33,'2026-03-05 00:57:16',9,'2026-03-08 01:44:35',9,NULL),(77,'TRANSITION',15,'YC03058','REFERENCE','It3601','Link IT01',NULL,NULL,'IN_PROGRESS',34,'2026-03-05 00:57:16',9,'2026-03-08 01:44:35',9,NULL),(78,'TRANSITION',15,'YC03058','REFERENCE','It3601','Link IT01',NULL,NULL,'IN_PROGRESS',35,'2026-03-05 00:57:16',9,'2026-03-08 01:44:35',9,NULL),(79,'TRANSITION',15,'YC03058','REFERENCE','It3601','Link IT01',NULL,NULL,'IN_PROGRESS',36,'2026-03-05 00:57:16',9,'2026-03-08 01:44:35',9,NULL),(80,'TRANSITION',15,'YC03058','REFERENCE','It3601','Link IT01',NULL,NULL,'IN_PROGRESS',37,'2026-03-05 00:57:16',9,'2026-03-08 01:44:35',9,NULL),(81,'TRANSITION',15,'YC03058','REFERENCE','It3601','Link IT01',NULL,NULL,'IN_PROGRESS',38,'2026-03-05 00:57:16',9,'2026-03-08 01:44:35',9,NULL),(82,'TRANSITION',15,'YC03058','REFERENCE','It3601','Link IT01',NULL,NULL,'IN_PROGRESS',39,'2026-03-05 00:57:16',9,'2026-03-08 01:44:35',9,NULL),(83,'TRANSITION',15,'YC03058','REFERENCE','It3601','Link IT',NULL,NULL,'TODO',0,'2026-03-05 00:57:16',9,'2026-03-08 01:44:35',9,'2026-03-07 04:31:57'),(84,'TRANSITION',15,'YC03058','REFERENCE','It3601','Link IT',NULL,NULL,'TODO',1,'2026-03-05 00:57:16',9,'2026-03-08 01:44:35',9,'2026-03-07 04:31:57'),(85,'TRANSITION',15,'YC03058','REFERENCE','It3601','Link IT',NULL,NULL,'TODO',2,'2026-03-05 00:57:16',9,'2026-03-08 01:44:35',9,'2026-03-07 04:31:57'),(86,'TRANSITION',15,'YC03058','REFERENCE','It3601','Link IT',NULL,NULL,'TODO',3,'2026-03-05 00:57:16',9,'2026-03-08 01:44:35',9,'2026-03-07 04:31:57'),(87,'TRANSITION',15,'YC03058','REFERENCE','It3601','Link IT01',NULL,NULL,'IN_PROGRESS',4,'2026-03-05 00:57:16',9,'2026-03-08 01:44:35',9,'2026-03-07 04:31:57'),(88,'TRANSITION',15,'YC03058','REFERENCE','It3601','Link IT01',NULL,NULL,'IN_PROGRESS',5,'2026-03-05 00:57:16',9,'2026-03-08 01:44:35',9,'2026-03-07 04:31:57'),(89,'TRANSITION',15,'YC03058','REFERENCE','It3601','Link IT01',NULL,NULL,'IN_PROGRESS',6,'2026-03-05 00:57:16',9,'2026-03-08 01:44:35',9,'2026-03-07 04:31:57'),(90,'TRANSITION',15,'YC03058','REFERENCE','It3601','Link IT01',NULL,NULL,'IN_PROGRESS',7,'2026-03-05 00:57:16',9,'2026-03-08 01:44:35',9,'2026-03-07 04:31:57'),(91,'TRANSITION',15,'YC03058','REFERENCE','It3601','Link IT',NULL,NULL,'TODO',8,'2026-03-05 00:57:16',9,'2026-03-08 01:44:35',9,'2026-03-07 04:31:57'),(92,'TRANSITION',15,'YC03058','REFERENCE','It3601','Link IT',NULL,NULL,'TODO',9,'2026-03-05 00:57:16',9,'2026-03-08 01:44:35',9,'2026-03-07 04:31:57'),(93,'TRANSITION',15,'YC03058','REFERENCE','It3601','Link IT',NULL,NULL,'TODO',10,'2026-03-05 00:57:16',9,'2026-03-08 01:44:35',9,'2026-03-07 04:31:57'),(94,'TRANSITION',15,'YC03058','REFERENCE','It3601','Link IT',NULL,NULL,'TODO',11,'2026-03-05 00:57:16',9,'2026-03-08 01:44:35',9,'2026-03-07 04:31:57'),(95,'TRANSITION',15,'YC03058','REFERENCE','It3601','Link IT',NULL,NULL,'TODO',12,'2026-03-05 00:57:16',9,'2026-03-08 01:44:35',9,'2026-03-07 04:31:57'),(96,'TRANSITION',15,'YC03058','REFERENCE','It3601','Link IT',NULL,NULL,'TODO',13,'2026-03-05 00:57:16',9,'2026-03-08 01:44:35',9,'2026-03-07 04:31:57'),(97,'TRANSITION',15,'YC03058','REFERENCE','It3601','Link IT',NULL,NULL,'TODO',14,'2026-03-05 00:57:16',9,'2026-03-08 01:44:35',9,'2026-03-07 04:31:57'),(98,'TRANSITION',15,'YC03058','REFERENCE','It3601','Link IT',NULL,NULL,'TODO',15,'2026-03-05 00:57:16',9,'2026-03-08 01:44:35',9,'2026-03-07 04:31:57'),(99,'TRANSITION',15,'YC03058','REFERENCE','It3601','Link IT',NULL,NULL,'TODO',16,'2026-03-05 00:57:16',9,'2026-03-08 01:44:35',9,'2026-03-07 04:31:57'),(100,'TRANSITION',15,'YC03058','REFERENCE','It3601','Link IT',NULL,NULL,'TODO',17,'2026-03-05 00:57:16',9,'2026-03-08 01:44:35',9,'2026-03-07 04:31:57'),(101,'TRANSITION',15,'YC03058','REFERENCE','It3601','Link IT',NULL,NULL,'TODO',18,'2026-03-05 00:57:16',9,'2026-03-08 01:44:35',9,'2026-03-07 04:31:57'),(102,'TRANSITION',15,'YC03058','REFERENCE','It3601','Link IT',NULL,NULL,'TODO',19,'2026-03-05 00:57:16',9,'2026-03-08 01:44:35',9,'2026-03-07 04:31:57'),(103,'TRANSITION',15,'YC03058','REFERENCE','It3601','Link IT',NULL,NULL,'TODO',20,'2026-03-05 00:57:16',9,'2026-03-08 01:44:35',9,'2026-03-07 04:31:57'),(104,'TRANSITION',15,'YC03058','REFERENCE','It3601','Link IT',NULL,NULL,'TODO',21,'2026-03-05 00:57:16',9,'2026-03-08 01:44:35',9,'2026-03-07 04:31:57'),(105,'TRANSITION',15,'YC03058','REFERENCE','It3601','Link IT',NULL,NULL,'TODO',22,'2026-03-05 00:57:16',9,'2026-03-08 01:44:35',9,'2026-03-07 04:31:57'),(106,'TRANSITION',15,'YC03058','REFERENCE','It3601','Link IT',NULL,NULL,'TODO',23,'2026-03-05 00:57:16',9,'2026-03-08 01:44:35',9,'2026-03-07 04:31:57'),(107,'TRANSITION',15,'YC03058','REFERENCE','It3601','Link IT01',NULL,NULL,'IN_PROGRESS',24,'2026-03-05 00:57:16',9,'2026-03-08 01:44:35',9,'2026-03-07 04:31:57'),(108,'TRANSITION',15,'YC03058','REFERENCE','It3601','Link IT01',NULL,NULL,'IN_PROGRESS',25,'2026-03-05 00:57:16',9,'2026-03-08 01:44:35',9,'2026-03-07 04:31:57'),(109,'TRANSITION',15,'YC03058','REFERENCE','It3601','Link IT01',NULL,NULL,'IN_PROGRESS',26,'2026-03-05 00:57:16',9,'2026-03-08 01:44:35',9,'2026-03-07 04:31:57'),(110,'TRANSITION',15,'YC03058','REFERENCE','It3601','Link IT01',NULL,NULL,'IN_PROGRESS',27,'2026-03-05 00:57:16',9,'2026-03-08 01:44:35',9,'2026-03-07 04:31:57'),(111,'TRANSITION',15,'YC03058','REFERENCE','It3601','Link IT01',NULL,NULL,'IN_PROGRESS',28,'2026-03-05 00:57:16',9,'2026-03-08 01:44:35',9,'2026-03-07 04:31:57'),(112,'TRANSITION',15,'YC03058','REFERENCE','It3601','Link IT01',NULL,NULL,'IN_PROGRESS',29,'2026-03-05 00:57:16',9,'2026-03-08 01:44:35',9,'2026-03-07 04:31:57'),(113,'TRANSITION',15,'YC03058','REFERENCE','It3601','Link IT01',NULL,NULL,'IN_PROGRESS',30,'2026-03-05 00:57:16',9,'2026-03-08 01:44:35',9,'2026-03-07 04:31:57'),(114,'TRANSITION',15,'YC03058','REFERENCE','It3601','Link IT01',NULL,NULL,'IN_PROGRESS',31,'2026-03-05 00:57:16',9,'2026-03-08 01:44:35',9,'2026-03-07 04:31:57'),(115,'TRANSITION',15,'YC03058','REFERENCE','It3601','Link IT01',NULL,NULL,'IN_PROGRESS',32,'2026-03-05 00:57:16',9,'2026-03-08 01:44:35',9,'2026-03-07 04:31:57'),(116,'TRANSITION',15,'YC03058','REFERENCE','It3601','Link IT01',NULL,NULL,'IN_PROGRESS',33,'2026-03-05 00:57:16',9,'2026-03-08 01:44:35',9,'2026-03-07 04:31:57'),(117,'TRANSITION',15,'YC03058','REFERENCE','It3601','Link IT01',NULL,NULL,'IN_PROGRESS',34,'2026-03-05 00:57:16',9,'2026-03-08 01:44:35',9,'2026-03-07 04:31:57'),(118,'TRANSITION',15,'YC03058','REFERENCE','It3601','Link IT01',NULL,NULL,'IN_PROGRESS',35,'2026-03-05 00:57:16',9,'2026-03-08 01:44:35',9,'2026-03-07 04:31:57'),(119,'TRANSITION',15,'YC03058','REFERENCE','It3601','Link IT01',NULL,NULL,'IN_PROGRESS',36,'2026-03-05 00:57:16',9,'2026-03-08 01:44:35',9,'2026-03-07 04:31:57'),(120,'TRANSITION',15,'YC03058','REFERENCE','It3601','Link IT01',NULL,NULL,'IN_PROGRESS',37,'2026-03-05 00:57:16',9,'2026-03-08 01:44:35',9,'2026-03-07 04:31:57'),(121,'TRANSITION',15,'YC03058','REFERENCE','It3601','Link IT01',NULL,NULL,'IN_PROGRESS',38,'2026-03-05 00:57:16',9,'2026-03-08 01:44:35',9,'2026-03-07 04:31:57'),(122,'TRANSITION',15,'YC03058','REFERENCE','It3601','Link IT01',NULL,NULL,'IN_PROGRESS',39,'2026-03-05 00:57:16',9,'2026-03-08 01:44:35',9,'2026-03-07 04:31:57'),(123,'TRANSITION',15,'YC03058','REFERENCE','It3601','Link IT',NULL,NULL,'TODO',0,'2026-03-05 00:57:16',9,'2026-03-08 01:44:35',9,'2026-03-07 04:31:57'),(124,'TRANSITION',15,'YC03058','REFERENCE','It3601','Link IT',NULL,NULL,'TODO',1,'2026-03-05 00:57:16',9,'2026-03-08 01:44:35',9,'2026-03-07 04:31:57'),(125,'TRANSITION',15,'YC03058','REFERENCE','It3601','Link IT',NULL,NULL,'TODO',2,'2026-03-05 00:57:16',9,'2026-03-08 01:44:35',9,'2026-03-07 04:31:57'),(126,'TRANSITION',15,'YC03058','REFERENCE','It3601','Link IT',NULL,NULL,'TODO',3,'2026-03-05 00:57:16',9,'2026-03-08 01:44:35',9,'2026-03-07 04:31:57'),(127,'TRANSITION',15,'YC03058','REFERENCE','It3601','Link IT01',NULL,NULL,'IN_PROGRESS',4,'2026-03-05 00:57:16',9,'2026-03-08 01:44:35',9,'2026-03-07 04:31:57'),(128,'TRANSITION',15,'YC03058','REFERENCE','It3601','Link IT01',NULL,NULL,'IN_PROGRESS',5,'2026-03-05 00:57:16',9,'2026-03-08 01:44:35',9,'2026-03-07 04:31:57'),(129,'TRANSITION',15,'YC03058','REFERENCE','It3601','Link IT01',NULL,NULL,'IN_PROGRESS',6,'2026-03-05 00:57:16',9,'2026-03-08 01:44:35',9,'2026-03-07 04:31:57'),(130,'TRANSITION',15,'YC03058','REFERENCE','It3601','Link IT01',NULL,NULL,'IN_PROGRESS',7,'2026-03-05 00:57:16',9,'2026-03-08 01:44:35',9,'2026-03-07 04:31:57'),(131,'TRANSITION',15,'YC03058','REFERENCE','It3601','Link IT',NULL,NULL,'TODO',8,'2026-03-05 00:57:16',9,'2026-03-08 01:44:35',9,'2026-03-07 04:31:57'),(132,'TRANSITION',15,'YC03058','REFERENCE','It3601','Link IT',NULL,NULL,'TODO',9,'2026-03-05 00:57:16',9,'2026-03-08 01:44:35',9,'2026-03-07 04:31:57'),(133,'TRANSITION',15,'YC03058','REFERENCE','It3601','Link IT',NULL,NULL,'TODO',10,'2026-03-05 00:57:16',9,'2026-03-08 01:44:35',9,'2026-03-07 04:31:57'),(134,'TRANSITION',15,'YC03058','REFERENCE','It3601','Link IT',NULL,NULL,'TODO',11,'2026-03-05 00:57:16',9,'2026-03-08 01:44:35',9,'2026-03-07 04:31:57'),(135,'TRANSITION',15,'YC03058','REFERENCE','It3601','Link IT',NULL,NULL,'TODO',12,'2026-03-05 00:57:16',9,'2026-03-08 01:44:35',9,'2026-03-07 04:31:57'),(136,'TRANSITION',15,'YC03058','REFERENCE','It3601','Link IT',NULL,NULL,'TODO',13,'2026-03-05 00:57:16',9,'2026-03-08 01:44:35',9,'2026-03-07 04:31:57'),(137,'TRANSITION',15,'YC03058','REFERENCE','It3601','Link IT',NULL,NULL,'TODO',14,'2026-03-05 00:57:16',9,'2026-03-08 01:44:35',9,'2026-03-07 04:31:57'),(138,'TRANSITION',15,'YC03058','REFERENCE','It3601','Link IT',NULL,NULL,'TODO',15,'2026-03-05 00:57:16',9,'2026-03-08 01:44:35',9,'2026-03-07 04:31:57'),(139,'TRANSITION',15,'YC03058','REFERENCE','It3601','Link IT',NULL,NULL,'TODO',16,'2026-03-05 00:57:16',9,'2026-03-08 01:44:35',9,'2026-03-07 04:31:57'),(140,'TRANSITION',15,'YC03058','REFERENCE','It3601','Link IT',NULL,NULL,'TODO',17,'2026-03-05 00:57:16',9,'2026-03-08 01:44:35',9,'2026-03-07 04:31:57'),(141,'TRANSITION',15,'YC03058','REFERENCE','It3601','Link IT',NULL,NULL,'TODO',18,'2026-03-05 00:57:16',9,'2026-03-08 01:44:35',9,'2026-03-07 04:31:57'),(142,'TRANSITION',15,'YC03058','REFERENCE','It3601','Link IT',NULL,NULL,'TODO',19,'2026-03-05 00:57:16',9,'2026-03-08 01:44:35',9,'2026-03-07 04:31:57'),(143,'TRANSITION',15,'YC03058','REFERENCE','It3601','Link IT',NULL,NULL,'TODO',20,'2026-03-05 00:57:16',9,'2026-03-08 01:44:35',9,'2026-03-07 04:31:57'),(144,'TRANSITION',15,'YC03058','REFERENCE','It3601','Link IT',NULL,NULL,'TODO',21,'2026-03-05 00:57:16',9,'2026-03-08 01:44:35',9,'2026-03-07 04:31:57'),(145,'TRANSITION',15,'YC03058','REFERENCE','It3601','Link IT',NULL,NULL,'TODO',22,'2026-03-05 00:57:16',9,'2026-03-08 01:44:35',9,'2026-03-07 04:31:57'),(146,'TRANSITION',15,'YC03058','REFERENCE','It3601','Link IT',NULL,NULL,'TODO',23,'2026-03-05 00:57:16',9,'2026-03-08 01:44:35',9,'2026-03-07 04:31:57'),(147,'TRANSITION',15,'YC03058','REFERENCE','It3601','Link IT01',NULL,NULL,'IN_PROGRESS',24,'2026-03-05 00:57:16',9,'2026-03-08 01:44:35',9,'2026-03-07 04:31:57'),(148,'TRANSITION',15,'YC03058','REFERENCE','It3601','Link IT01',NULL,NULL,'IN_PROGRESS',25,'2026-03-05 00:57:16',9,'2026-03-08 01:44:35',9,'2026-03-07 04:31:57'),(149,'TRANSITION',15,'YC03058','REFERENCE','It3601','Link IT01',NULL,NULL,'IN_PROGRESS',26,'2026-03-05 00:57:16',9,'2026-03-08 01:44:35',9,'2026-03-07 04:31:57'),(150,'TRANSITION',15,'YC03058','REFERENCE','It3601','Link IT01',NULL,NULL,'IN_PROGRESS',27,'2026-03-05 00:57:16',9,'2026-03-08 01:44:35',9,'2026-03-07 04:31:57'),(151,'TRANSITION',15,'YC03058','REFERENCE','It3601','Link IT01',NULL,NULL,'IN_PROGRESS',28,'2026-03-05 00:57:16',9,'2026-03-08 01:44:35',9,'2026-03-07 04:31:57'),(152,'TRANSITION',15,'YC03058','REFERENCE','It3601','Link IT01',NULL,NULL,'IN_PROGRESS',29,'2026-03-05 00:57:16',9,'2026-03-08 01:44:35',9,'2026-03-07 04:31:57'),(153,'TRANSITION',15,'YC03058','REFERENCE','It3601','Link IT01',NULL,NULL,'IN_PROGRESS',30,'2026-03-05 00:57:16',9,'2026-03-08 01:44:35',9,'2026-03-07 04:31:57'),(154,'TRANSITION',15,'YC03058','REFERENCE','It3601','Link IT01',NULL,NULL,'IN_PROGRESS',31,'2026-03-05 00:57:16',9,'2026-03-08 01:44:35',9,'2026-03-07 04:31:57'),(155,'TRANSITION',15,'YC03058','REFERENCE','It3601','Link IT01',NULL,NULL,'IN_PROGRESS',32,'2026-03-05 00:57:16',9,'2026-03-08 01:44:35',9,'2026-03-07 04:31:57'),(156,'TRANSITION',15,'YC03058','REFERENCE','It3601','Link IT01',NULL,NULL,'IN_PROGRESS',33,'2026-03-05 00:57:16',9,'2026-03-08 01:44:35',9,'2026-03-07 04:31:57'),(157,'TRANSITION',15,'YC03058','REFERENCE','It3601','Link IT01',NULL,NULL,'IN_PROGRESS',34,'2026-03-05 00:57:16',9,'2026-03-08 01:44:35',9,'2026-03-07 04:31:57'),(158,'TRANSITION',15,'YC03058','REFERENCE','It3601','Link IT01',NULL,NULL,'IN_PROGRESS',35,'2026-03-05 00:57:16',9,'2026-03-08 01:44:35',9,'2026-03-07 04:31:57'),(159,'TRANSITION',15,'YC03058','REFERENCE','It3601','Link IT01',NULL,NULL,'IN_PROGRESS',36,'2026-03-05 00:57:16',9,'2026-03-08 01:44:35',9,'2026-03-07 04:31:57'),(160,'TRANSITION',15,'YC03058','REFERENCE','It3601','Link IT01',NULL,NULL,'IN_PROGRESS',37,'2026-03-05 00:57:16',9,'2026-03-08 01:44:35',9,'2026-03-07 04:31:57'),(161,'TRANSITION',15,'YC03058','REFERENCE','It3601','Link IT01',NULL,NULL,'IN_PROGRESS',38,'2026-03-05 00:57:16',9,'2026-03-08 01:44:35',9,'2026-03-07 04:31:57'),(162,'TRANSITION',15,'YC03058','REFERENCE','It3601','Link IT01',NULL,NULL,'IN_PROGRESS',39,'2026-03-05 00:57:16',9,'2026-03-08 01:44:35',9,'2026-03-07 04:31:57'),(163,'TRANSITION',15,'YC03058','REFERENCE','It3601','Link IT',NULL,NULL,'TODO',0,'2026-03-05 00:57:16',9,'2026-03-08 01:44:35',9,'2026-03-07 04:31:57'),(164,'TRANSITION',15,'YC03058','REFERENCE','It3601','Link IT',NULL,NULL,'TODO',1,'2026-03-05 00:57:16',9,'2026-03-08 01:44:35',9,'2026-03-07 04:31:57'),(165,'TRANSITION',15,'YC03058','REFERENCE','It3601','Link IT',NULL,NULL,'TODO',2,'2026-03-05 00:57:16',9,'2026-03-08 01:44:35',9,'2026-03-07 04:31:57'),(166,'TRANSITION',15,'YC03058','REFERENCE','It3601','Link IT',NULL,NULL,'TODO',3,'2026-03-05 00:57:16',9,'2026-03-08 01:44:35',9,'2026-03-07 04:31:57'),(167,'TRANSITION',15,'YC03058','REFERENCE','It3601','Link IT01',NULL,NULL,'IN_PROGRESS',4,'2026-03-05 00:57:16',9,'2026-03-08 01:44:35',9,'2026-03-07 04:31:57'),(168,'TRANSITION',15,'YC03058','REFERENCE','It3601','Link IT01',NULL,NULL,'IN_PROGRESS',5,'2026-03-05 00:57:16',9,'2026-03-08 01:44:35',9,'2026-03-07 04:31:57'),(169,'TRANSITION',15,'YC03058','REFERENCE','It3601','Link IT01',NULL,NULL,'IN_PROGRESS',6,'2026-03-05 00:57:16',9,'2026-03-08 01:44:35',9,'2026-03-07 04:31:57'),(170,'TRANSITION',15,'YC03058','REFERENCE','It3601','Link IT01',NULL,NULL,'IN_PROGRESS',7,'2026-03-05 00:57:16',9,'2026-03-08 01:44:35',9,'2026-03-07 04:31:57'),(171,'TRANSITION',15,'YC03058','REFERENCE','It3601','Link IT',NULL,NULL,'TODO',8,'2026-03-05 00:57:16',9,'2026-03-08 01:44:35',9,'2026-03-07 04:31:57'),(172,'TRANSITION',15,'YC03058','REFERENCE','It3601','Link IT',NULL,NULL,'TODO',9,'2026-03-05 00:57:16',9,'2026-03-08 01:44:35',9,'2026-03-07 04:31:57'),(173,'TRANSITION',15,'YC03058','REFERENCE','It3601','Link IT',NULL,NULL,'TODO',10,'2026-03-05 00:57:16',9,'2026-03-08 01:44:35',9,'2026-03-07 04:31:57'),(174,'TRANSITION',15,'YC03058','REFERENCE','It3601','Link IT',NULL,NULL,'TODO',11,'2026-03-05 00:57:16',9,'2026-03-08 01:44:35',9,'2026-03-07 04:31:57'),(175,'TRANSITION',15,'YC03058','REFERENCE','It3601','Link IT',NULL,NULL,'TODO',12,'2026-03-05 00:57:16',9,'2026-03-08 01:44:35',9,'2026-03-07 04:31:57'),(176,'TRANSITION',15,'YC03058','REFERENCE','It3601','Link IT',NULL,NULL,'TODO',13,'2026-03-05 00:57:16',9,'2026-03-08 01:44:35',9,'2026-03-07 04:31:57'),(177,'TRANSITION',15,'YC03058','REFERENCE','It3601','Link IT',NULL,NULL,'TODO',14,'2026-03-05 00:57:16',9,'2026-03-08 01:44:35',9,'2026-03-07 04:31:57'),(178,'TRANSITION',15,'YC03058','REFERENCE','It3601','Link IT',NULL,NULL,'TODO',15,'2026-03-05 00:57:16',9,'2026-03-08 01:44:35',9,'2026-03-07 04:31:57'),(179,'TRANSITION',15,'YC03058','REFERENCE','It3601','Link IT',NULL,NULL,'TODO',16,'2026-03-05 00:57:16',9,'2026-03-08 01:44:35',9,'2026-03-07 04:31:57'),(180,'TRANSITION',15,'YC03058','REFERENCE','It3601','Link IT',NULL,NULL,'TODO',17,'2026-03-05 00:57:16',9,'2026-03-08 01:44:35',9,'2026-03-07 04:31:57'),(181,'TRANSITION',15,'YC03058','REFERENCE','It3601','Link IT',NULL,NULL,'TODO',18,'2026-03-05 00:57:16',9,'2026-03-08 01:44:35',9,'2026-03-07 04:31:57'),(182,'TRANSITION',15,'YC03058','REFERENCE','It3601','Link IT',NULL,NULL,'TODO',19,'2026-03-05 00:57:16',9,'2026-03-08 01:44:35',9,'2026-03-07 04:31:57'),(183,'TRANSITION',15,'YC03058','REFERENCE','It3601','Link IT',NULL,NULL,'TODO',20,'2026-03-05 00:57:16',9,'2026-03-08 01:44:35',9,'2026-03-07 04:31:57'),(184,'TRANSITION',15,'YC03058','REFERENCE','It3601','Link IT',NULL,NULL,'TODO',21,'2026-03-05 00:57:16',9,'2026-03-08 01:44:35',9,'2026-03-07 04:31:57'),(185,'TRANSITION',15,'YC03058','REFERENCE','It3601','Link IT',NULL,NULL,'TODO',22,'2026-03-05 00:57:16',9,'2026-03-08 01:44:35',9,'2026-03-07 04:31:57'),(186,'TRANSITION',15,'YC03058','REFERENCE','It3601','Link IT',NULL,NULL,'TODO',23,'2026-03-05 00:57:16',9,'2026-03-08 01:44:35',9,'2026-03-07 04:31:57'),(187,'TRANSITION',15,'YC03058','REFERENCE','It3601','Link IT01',NULL,NULL,'IN_PROGRESS',24,'2026-03-05 00:57:16',9,'2026-03-08 01:44:35',9,'2026-03-07 04:31:57'),(188,'TRANSITION',15,'YC03058','REFERENCE','It3601','Link IT01',NULL,NULL,'IN_PROGRESS',25,'2026-03-05 00:57:16',9,'2026-03-08 01:44:35',9,'2026-03-07 04:31:57'),(189,'TRANSITION',15,'YC03058','REFERENCE','It3601','Link IT01',NULL,NULL,'IN_PROGRESS',26,'2026-03-05 00:57:16',9,'2026-03-08 01:44:35',9,'2026-03-07 04:31:57'),(190,'TRANSITION',15,'YC03058','REFERENCE','It3601','Link IT01',NULL,NULL,'IN_PROGRESS',27,'2026-03-05 00:57:16',9,'2026-03-08 01:44:35',9,'2026-03-07 04:31:57'),(191,'TRANSITION',15,'YC03058','REFERENCE','It3601','Link IT01',NULL,NULL,'IN_PROGRESS',28,'2026-03-05 00:57:16',9,'2026-03-08 01:44:35',9,'2026-03-07 04:31:57'),(192,'TRANSITION',15,'YC03058','REFERENCE','It3601','Link IT01',NULL,NULL,'IN_PROGRESS',29,'2026-03-05 00:57:16',9,'2026-03-08 01:44:35',9,'2026-03-07 04:31:57'),(193,'TRANSITION',15,'YC03058','REFERENCE','It3601','Link IT01',NULL,NULL,'IN_PROGRESS',30,'2026-03-05 00:57:16',9,'2026-03-08 01:44:35',9,'2026-03-07 04:31:57'),(194,'TRANSITION',15,'YC03058','REFERENCE','It3601','Link IT01',NULL,NULL,'IN_PROGRESS',31,'2026-03-05 00:57:16',9,'2026-03-08 01:44:35',9,'2026-03-07 04:31:57'),(195,'TRANSITION',15,'YC03058','REFERENCE','It3601','Link IT01',NULL,NULL,'IN_PROGRESS',32,'2026-03-05 00:57:16',9,'2026-03-08 01:44:35',9,'2026-03-07 04:31:57'),(196,'TRANSITION',15,'YC03058','REFERENCE','It3601','Link IT01',NULL,NULL,'IN_PROGRESS',33,'2026-03-05 00:57:16',9,'2026-03-08 01:44:35',9,'2026-03-07 04:31:57'),(197,'TRANSITION',15,'YC03058','REFERENCE','It3601','Link IT01',NULL,NULL,'IN_PROGRESS',34,'2026-03-05 00:57:16',9,'2026-03-08 01:44:35',9,'2026-03-07 04:31:57'),(198,'TRANSITION',15,'YC03058','REFERENCE','It3601','Link IT01',NULL,NULL,'IN_PROGRESS',35,'2026-03-05 00:57:16',9,'2026-03-08 01:44:35',9,'2026-03-07 04:31:57'),(199,'TRANSITION',15,'YC03058','REFERENCE','It3601','Link IT01',NULL,NULL,'IN_PROGRESS',36,'2026-03-05 00:57:16',9,'2026-03-08 01:44:35',9,'2026-03-07 04:31:57'),(200,'TRANSITION',15,'YC03058','REFERENCE','It3601','Link IT01',NULL,NULL,'IN_PROGRESS',37,'2026-03-05 00:57:16',9,'2026-03-08 01:44:35',9,'2026-03-07 04:31:57'),(201,'TRANSITION',15,'YC03058','REFERENCE','It3601','Link IT01',NULL,NULL,'IN_PROGRESS',38,'2026-03-05 00:57:16',9,'2026-03-08 01:44:35',9,'2026-03-07 04:31:57'),(202,'TRANSITION',15,'YC03058','REFERENCE','It3601','Link IT01',NULL,NULL,'IN_PROGRESS',39,'2026-03-05 00:57:16',9,'2026-03-08 01:44:35',9,'2026-03-07 04:31:57'),(203,'TRANSITION',36,'YC031417','IT360','VNLIS01','IT360',NULL,NULL,'TODO',0,'2026-03-14 04:00:58',9,'2026-03-14 04:00:58',9,NULL),(204,'TRANSITION',36,'YC031417','REFERENCE','It3601',NULL,NULL,NULL,NULL,0,'2026-03-14 04:00:58',9,'2026-03-14 04:00:58',9,NULL),(205,'CASE',12,'CRC-202603-0005','IT360','I360',NULL,NULL,NULL,'TODO',0,'2026-03-18 23:05:53',9,'2026-03-18 23:05:53',9,NULL),(206,'CASE',14,'CRC-202603-0007','IT360','It360',NULL,NULL,NULL,'TODO',0,'2026-03-22 09:41:31',9,'2026-03-22 09:41:31',9,NULL),(207,'CASE',14,'CRC-202603-0007','IT360','IT360-----',NULL,NULL,NULL,'TODO',0,'2026-03-22 23:41:04',9,'2026-03-22 23:41:04',9,NULL);
/*!40000 ALTER TABLE `request_ref_tasks` ENABLE KEYS */;
UNLOCK TABLES;

--
-- Table structure for table `request_worklogs`
--

DROP TABLE IF EXISTS `request_worklogs`;
/*!40101 SET @saved_cs_client     = @@character_set_client */;
/*!50503 SET character_set_client = utf8mb4 */;
CREATE TABLE `request_worklogs` (
  `id` bigint unsigned NOT NULL AUTO_INCREMENT,
  `uuid` char(36) CHARACTER SET utf8mb4 COLLATE utf8mb4_unicode_ci NOT NULL DEFAULT (uuid()),
  `request_code` varchar(50) CHARACTER SET utf8mb4 COLLATE utf8mb4_unicode_ci NOT NULL COMMENT 'Mã yêu cầu. JOIN support_requests.request_code hoặc programming_requests.req_code.',
  `request_summary` text CHARACTER SET utf8mb4 COLLATE utf8mb4_unicode_ci COMMENT 'Snapshot tiêu đề. Copy 1 lần khi INSERT, không sync sau.',
  `parent_request_code` varchar(50) CHARACTER SET utf8mb4 COLLATE utf8mb4_unicode_ci DEFAULT NULL COMMENT 'Mã yêu cầu cha. Dùng cho aggregate worklog theo cây.',
  `phase` enum('SUPPORT_HANDLE','ANALYZE','CODE','UPCODE','OTHER') CHARACTER SET utf8mb4 COLLATE utf8mb4_unicode_ci NOT NULL DEFAULT 'OTHER' COMMENT 'Giai đoạn. Map: GD3→SUPPORT_HANDLE, GD8→ANALYZE, GD10→CODE, GD12→UPCODE.',
  `customer_id` bigint unsigned DEFAULT NULL COMMENT 'FK customers.id',
  `project_id` bigint unsigned DEFAULT NULL COMMENT 'FK projects.id',
  `project_item_id` bigint unsigned DEFAULT NULL COMMENT 'FK project_items.id',
  `report_date` date NOT NULL COMMENT 'Ngày LÀM VIỆC thực tế (≠ ngày nhập). Frontend default = today, cho phép chọn ngày cũ.',
  `hours_estimated` decimal(6,2) DEFAULT NULL COMMENT 'Giờ dự kiến baseline. Set lần đầu. Frontend: progress bar actual vs estimated.',
  `hours_spent` decimal(6,2) NOT NULL DEFAULT '0.00' COMMENT 'Số giờ thực tế trong ngày. SUM(hours_spent) = tổng giờ toàn request.',
  `progress_percent` tinyint unsigned DEFAULT NULL COMMENT 'Tiến độ tổng 0-100%. Frontend: progress bar. NULL = không cập nhật lần này.',
  `doc_link` text CHARACTER SET utf8mb4 COLLATE utf8mb4_unicode_ci,
  `drive_file_id` varchar(100) CHARACTER SET utf8mb4 COLLATE utf8mb4_unicode_ci DEFAULT NULL,
  `worklog_note` text CHARACTER SET utf8mb4 COLLATE utf8mb4_unicode_ci NOT NULL COMMENT 'Mô tả công việc đã làm. Bắt buộc nhập. VD: "Fix bug login SSO, test 3 trường hợp."',
  `internal_note` text CHARACTER SET utf8mb4 COLLATE utf8mb4_unicode_ci COMMENT 'Nhận xét nội bộ (lead/admin). Ẩn với KH.',
  `created_at` timestamp NULL DEFAULT CURRENT_TIMESTAMP,
  `created_by` bigint unsigned NOT NULL COMMENT 'FK internal_users.id — Nhân sự báo cáo',
  `updated_at` timestamp NULL DEFAULT NULL ON UPDATE CURRENT_TIMESTAMP,
  `updated_by` bigint unsigned DEFAULT NULL,
  `deleted_at` timestamp NULL DEFAULT NULL,
  `activity_type` enum('CODING','MEETING','TESTING','DEPLOYMENT','SUPPORT','RESEARCH','TRAVEL') CHARACTER SET utf8mb4 COLLATE utf8mb4_unicode_ci NOT NULL DEFAULT 'CODING' COMMENT 'Loại hình công việc. Frontend: dropdown 7 options.',
  `is_billable` tinyint(1) NOT NULL DEFAULT '1' COMMENT '1=Tính phí KH, 0=Nội bộ/Bảo hành. Frontend: checkbox default checked.',
  PRIMARY KEY (`id`),
  UNIQUE KEY `uuid` (`uuid`),
  KEY `idx_wl_lookup` (`request_code`,`report_date`),
  KEY `idx_wl_phase` (`request_code`,`phase`,`report_date`),
  KEY `idx_wl_user_date` (`created_by`,`report_date`),
  KEY `idx_wl_deleted` (`deleted_at`,`report_date`),
  KEY `idx_wl_stats_context` (`customer_id`,`project_id`,`report_date`),
  KEY `idx_wl_stats_task` (`request_code`,`report_date`),
  KEY `idx_wl_parent_code` (`parent_request_code`,`report_date`),
  KEY `idx_wl_drive_file` (`drive_file_id`),
  KEY `idx_wl_finance` (`is_billable`,`report_date`),
  CONSTRAINT `chk_wl_estimated_positive` CHECK (((`hours_estimated` is null) or (`hours_estimated` > 0))),
  CONSTRAINT `chk_wl_hours_non_negative` CHECK ((`hours_spent` >= 0)),
  CONSTRAINT `chk_wl_progress_range` CHECK (((`progress_percent` is null) or (`progress_percent` between 0 and 100)))
) ENGINE=InnoDB DEFAULT CHARSET=utf8mb4 COLLATE=utf8mb4_unicode_ci COMMENT='Báo cáo tiến độ hàng ngày. 1 row = 1 lần log. GD3/GD10/GD12.';
/*!40101 SET character_set_client = @saved_cs_client */;

--
-- Dumping data for table `request_worklogs`
--

LOCK TABLES `request_worklogs` WRITE;
/*!40000 ALTER TABLE `request_worklogs` DISABLE KEYS */;
/*!40000 ALTER TABLE `request_worklogs` ENABLE KEYS */;
UNLOCK TABLES;

--
-- Table structure for table `revenue_snapshots`
--

DROP TABLE IF EXISTS `revenue_snapshots`;
/*!40101 SET @saved_cs_client     = @@character_set_client */;
/*!50503 SET character_set_client = utf8mb4 */;
CREATE TABLE `revenue_snapshots` (
  `id` bigint unsigned NOT NULL AUTO_INCREMENT,
  `period_type` varchar(20) NOT NULL COMMENT 'MONTHLY | QUARTERLY | YEARLY',
  `period_key` varchar(10) NOT NULL COMMENT 'YYYY-MM | YYYY-QN | YYYY',
  `dimension_type` varchar(30) NOT NULL DEFAULT 'COMPANY' COMMENT 'COMPANY | DEPARTMENT | CUSTOMER | PRODUCT',
  `dimension_id` bigint unsigned NOT NULL DEFAULT '0' COMMENT '0 when dimension=COMPANY',
  `dimension_label` varchar(255) DEFAULT NULL COMMENT 'Denormalized: dept/customer/product name',
  `contract_expected` decimal(18,2) NOT NULL DEFAULT '0.00',
  `contract_collected` decimal(18,2) NOT NULL DEFAULT '0.00',
  `contract_outstanding` decimal(18,2) NOT NULL DEFAULT '0.00',
  `contract_count` int unsigned NOT NULL DEFAULT '0',
  `invoice_issued` decimal(18,2) NOT NULL DEFAULT '0.00',
  `invoice_collected` decimal(18,2) NOT NULL DEFAULT '0.00',
  `invoice_outstanding` decimal(18,2) NOT NULL DEFAULT '0.00',
  `invoice_count` int unsigned NOT NULL DEFAULT '0',
  `total_expected` decimal(18,2) NOT NULL DEFAULT '0.00' COMMENT 'Reconciled expected',
  `total_collected` decimal(18,2) NOT NULL DEFAULT '0.00' COMMENT 'Reconciled collected',
  `total_outstanding` decimal(18,2) NOT NULL DEFAULT '0.00' COMMENT 'Reconciled outstanding',
  `target_amount` decimal(18,2) NOT NULL DEFAULT '0.00',
  `achievement_pct` decimal(5,1) NOT NULL DEFAULT '0.0',
  `snapshot_at` timestamp NULL DEFAULT NULL,
  `created_at` timestamp NULL DEFAULT NULL,
  `updated_at` timestamp NULL DEFAULT NULL,
  PRIMARY KEY (`id`),
  UNIQUE KEY `uq_snapshot_period_dimension` (`period_type`,`period_key`,`dimension_type`,`dimension_id`),
  KEY `idx_rs_period` (`period_type`,`period_key`),
  KEY `idx_rs_dimension` (`dimension_type`,`dimension_id`)
) ENGINE=InnoDB DEFAULT CHARSET=utf8mb4 COLLATE=utf8mb4_0900_ai_ci;
/*!40101 SET character_set_client = @saved_cs_client */;

--
-- Dumping data for table `revenue_snapshots`
--

LOCK TABLES `revenue_snapshots` WRITE;
/*!40000 ALTER TABLE `revenue_snapshots` DISABLE KEYS */;
/*!40000 ALTER TABLE `revenue_snapshots` ENABLE KEYS */;
UNLOCK TABLES;

--
-- Table structure for table `revenue_targets`
--

DROP TABLE IF EXISTS `revenue_targets`;
/*!40101 SET @saved_cs_client     = @@character_set_client */;
/*!50503 SET character_set_client = utf8mb4 */;
CREATE TABLE `revenue_targets` (
  `id` bigint unsigned NOT NULL AUTO_INCREMENT,
  `period_type` varchar(20) NOT NULL COMMENT 'MONTHLY | QUARTERLY | YEARLY',
  `period_key` varchar(10) NOT NULL COMMENT 'YYYY-MM | YYYY-QN | YYYY',
  `period_start` date NOT NULL,
  `period_end` date NOT NULL,
  `dept_id` bigint unsigned NOT NULL DEFAULT '0' COMMENT '0 = company-wide, >0 = specific department',
  `target_type` varchar(30) NOT NULL DEFAULT 'TOTAL' COMMENT 'TOTAL | NEW_CONTRACT | RENEWAL | RECURRING',
  `target_amount` decimal(18,2) NOT NULL DEFAULT '0.00' COMMENT 'Target revenue',
  `actual_amount` decimal(18,2) NOT NULL DEFAULT '0.00' COMMENT 'Actual revenue (snapshot)',
  `notes` text,
  `approved_by` bigint unsigned DEFAULT NULL,
  `approved_at` timestamp NULL DEFAULT NULL,
  `data_scope` varchar(50) DEFAULT NULL,
  `created_by` bigint unsigned DEFAULT NULL,
  `updated_by` bigint unsigned DEFAULT NULL,
  `created_at` timestamp NULL DEFAULT NULL,
  `updated_at` timestamp NULL DEFAULT NULL,
  `deleted_at` timestamp NULL DEFAULT NULL,
  PRIMARY KEY (`id`),
  UNIQUE KEY `uq_target_period_dept_type` (`period_type`,`period_key`,`dept_id`,`target_type`),
  KEY `idx_rt_period` (`period_type`,`period_key`),
  KEY `idx_rt_dept` (`dept_id`),
  KEY `idx_rt_active` (`deleted_at`)
) ENGINE=InnoDB AUTO_INCREMENT=3 DEFAULT CHARSET=utf8mb4 COLLATE=utf8mb4_0900_ai_ci;
/*!40101 SET character_set_client = @saved_cs_client */;

--
-- Dumping data for table `revenue_targets`
--

LOCK TABLES `revenue_targets` WRITE;
/*!40000 ALTER TABLE `revenue_targets` DISABLE KEYS */;
INSERT INTO `revenue_targets` VALUES (1,'MONTHLY','2026-01','2026-01-01','2026-01-31',0,'TOTAL',13.00,0.00,NULL,NULL,NULL,NULL,9,NULL,'2026-03-24 13:17:01','2026-03-24 13:17:01',NULL),(2,'MONTHLY','2026-02','2026-02-01','2026-02-28',0,'TOTAL',50000000.00,0.00,NULL,NULL,NULL,NULL,9,NULL,'2026-03-24 13:17:57','2026-03-24 13:17:57',NULL);
/*!40000 ALTER TABLE `revenue_targets` ENABLE KEYS */;
UNLOCK TABLES;

--
-- Table structure for table `role_permission`
--

DROP TABLE IF EXISTS `role_permission`;
/*!40101 SET @saved_cs_client     = @@character_set_client */;
/*!50503 SET character_set_client = utf8mb4 */;
CREATE TABLE `role_permission` (
  `role_id` bigint unsigned NOT NULL,
  `permission_id` bigint unsigned NOT NULL,
  `created_at` timestamp NULL DEFAULT CURRENT_TIMESTAMP,
  `created_by` bigint unsigned DEFAULT NULL,
  `updated_at` timestamp NULL DEFAULT NULL ON UPDATE CURRENT_TIMESTAMP,
  `updated_by` bigint unsigned DEFAULT NULL,
  PRIMARY KEY (`role_id`,`permission_id`),
  KEY `fk_rp_perm` (`permission_id`),
  CONSTRAINT `fk_rp_perm` FOREIGN KEY (`permission_id`) REFERENCES `permissions` (`id`) ON DELETE CASCADE,
  CONSTRAINT `fk_rp_role` FOREIGN KEY (`role_id`) REFERENCES `roles` (`id`) ON DELETE CASCADE
) ENGINE=InnoDB DEFAULT CHARSET=utf8mb4 COLLATE=utf8mb4_unicode_ci COMMENT='Bảng 12: Gán quyền cho vai trò';
/*!40101 SET character_set_client = @saved_cs_client */;

--
-- Dumping data for table `role_permission`
--

LOCK TABLES `role_permission` WRITE;
/*!40000 ALTER TABLE `role_permission` DISABLE KEYS */;
INSERT INTO `role_permission` VALUES (1,1,'2026-02-24 23:39:23',NULL,NULL,NULL),(1,2,'2026-02-24 23:39:23',NULL,NULL,NULL),(1,3,'2026-02-24 23:39:23',NULL,NULL,NULL),(1,4,'2026-02-24 23:39:23',NULL,NULL,NULL),(1,5,'2026-02-24 23:39:23',NULL,NULL,NULL),(1,6,'2026-02-24 23:39:23',NULL,NULL,NULL),(1,7,'2026-02-24 23:39:23',NULL,NULL,NULL),(1,8,'2026-02-24 23:39:23',NULL,NULL,NULL),(1,9,'2026-02-24 23:39:23',NULL,NULL,NULL),(1,10,'2026-02-24 23:39:23',NULL,NULL,NULL),(1,11,'2026-02-24 23:39:23',NULL,NULL,NULL),(1,12,'2026-02-24 23:39:23',NULL,NULL,NULL),(1,13,'2026-02-24 23:39:23',NULL,NULL,NULL),(1,14,'2026-02-24 23:39:23',NULL,NULL,NULL),(1,15,'2026-02-24 23:39:23',NULL,NULL,NULL),(1,16,'2026-02-24 23:39:23',NULL,NULL,NULL),(1,17,'2026-02-24 23:39:23',NULL,NULL,NULL),(1,18,'2026-02-24 23:39:23',NULL,NULL,NULL),(1,19,'2026-02-24 23:39:23',NULL,NULL,NULL),(1,20,'2026-02-24 23:39:23',NULL,NULL,NULL),(1,21,'2026-02-24 23:39:23',NULL,NULL,NULL),(1,22,'2026-02-24 23:39:23',NULL,NULL,NULL),(1,23,'2026-02-24 23:39:23',NULL,NULL,NULL),(1,24,'2026-02-24 23:39:23',NULL,NULL,NULL),(1,25,'2026-02-24 23:39:23',NULL,NULL,NULL),(1,26,'2026-02-24 23:39:23',NULL,NULL,NULL),(1,27,'2026-02-24 23:39:23',NULL,NULL,NULL),(1,28,'2026-02-24 23:39:23',NULL,NULL,NULL),(1,29,'2026-02-24 23:39:23',NULL,NULL,NULL),(1,30,'2026-02-24 23:39:23',NULL,NULL,NULL),(1,31,'2026-02-24 23:39:23',NULL,NULL,NULL),(1,32,'2026-02-24 23:39:23',NULL,NULL,NULL),(1,33,'2026-02-24 23:39:23',NULL,NULL,NULL),(1,34,'2026-02-24 23:39:23',NULL,NULL,NULL),(1,35,'2026-02-24 23:39:23',NULL,NULL,NULL),(1,36,'2026-02-24 23:39:23',NULL,NULL,NULL),(1,37,'2026-02-24 23:39:23',NULL,NULL,NULL),(1,38,'2026-02-24 23:39:23',NULL,NULL,NULL),(1,39,'2026-02-24 23:39:23',NULL,NULL,NULL),(1,40,'2026-02-24 23:39:23',NULL,NULL,NULL),(1,41,'2026-02-24 23:39:23',NULL,NULL,NULL),(1,42,'2026-02-24 23:39:23',NULL,NULL,NULL),(1,43,'2026-02-24 23:39:23',NULL,NULL,NULL),(1,44,'2026-02-24 23:39:23',NULL,NULL,NULL),(1,45,'2026-02-24 23:39:23',NULL,NULL,NULL),(1,46,'2026-02-24 23:39:23',NULL,NULL,NULL),(1,47,'2026-02-24 23:39:23',NULL,NULL,NULL),(1,48,'2026-02-24 23:39:23',NULL,NULL,NULL),(1,49,'2026-02-24 23:39:23',NULL,NULL,NULL),(1,50,'2026-02-24 23:39:23',NULL,NULL,NULL),(1,51,'2026-02-24 23:39:23',NULL,NULL,NULL),(1,52,'2026-02-24 23:39:23',NULL,NULL,NULL),(1,53,'2026-02-24 23:39:23',NULL,NULL,NULL),(1,54,'2026-02-24 23:39:23',NULL,NULL,NULL),(1,55,'2026-02-24 23:39:23',NULL,NULL,NULL),(1,56,'2026-02-24 23:39:23',NULL,NULL,NULL),(1,57,'2026-02-24 23:39:23',NULL,NULL,NULL),(1,58,'2026-02-24 23:39:23',NULL,NULL,NULL),(1,59,'2026-02-24 23:39:23',NULL,NULL,NULL),(1,60,'2026-02-24 23:39:23',NULL,NULL,NULL),(1,61,'2026-02-24 23:39:23',NULL,NULL,NULL),(1,62,'2026-02-24 23:39:23',NULL,NULL,NULL),(1,63,'2026-02-24 23:39:23',NULL,NULL,NULL),(1,64,'2026-02-24 23:39:23',NULL,NULL,NULL),(1,65,'2026-02-24 23:39:23',NULL,NULL,NULL),(1,66,'2026-02-24 23:39:23',NULL,NULL,NULL),(1,67,'2026-02-24 23:39:23',NULL,NULL,NULL),(1,68,'2026-02-24 23:39:23',NULL,NULL,NULL),(1,69,'2026-02-24 23:39:23',NULL,NULL,NULL),(1,70,'2026-02-24 23:39:23',NULL,NULL,NULL),(1,71,'2026-02-24 23:39:23',NULL,NULL,NULL),(1,72,'2026-02-24 23:57:13',NULL,NULL,NULL),(1,149,'2026-03-23 23:33:45',NULL,NULL,NULL),(1,150,'2026-03-23 23:33:45',NULL,NULL,NULL),(2,2,'2026-02-24 23:39:23',NULL,NULL,NULL),(2,3,'2026-02-24 23:39:23',NULL,NULL,NULL),(2,8,'2026-02-24 23:39:23',NULL,NULL,NULL),(2,13,'2026-02-24 23:39:23',NULL,NULL,NULL),(2,16,'2026-02-24 23:39:23',NULL,NULL,NULL),(2,21,'2026-02-24 23:39:23',NULL,NULL,NULL),(2,26,'2026-02-24 23:39:23',NULL,NULL,NULL),(2,31,'2026-02-24 23:39:23',NULL,NULL,NULL),(2,36,'2026-02-24 23:39:23',NULL,NULL,NULL),(2,39,'2026-02-24 23:39:23',NULL,NULL,NULL),(2,44,'2026-02-24 23:39:23',NULL,NULL,NULL),(2,49,'2026-02-24 23:39:23',NULL,NULL,NULL),(2,54,'2026-02-24 23:39:23',NULL,NULL,NULL),(2,55,'2026-02-24 23:39:23',NULL,NULL,NULL),(2,58,'2026-02-24 23:39:23',NULL,NULL,NULL),(2,61,'2026-02-24 23:39:23',NULL,NULL,NULL),(2,62,'2026-02-24 23:39:23',NULL,NULL,NULL),(2,65,'2026-02-24 23:39:23',NULL,NULL,NULL),(2,69,'2026-02-24 23:39:23',NULL,NULL,NULL),(2,70,'2026-02-24 23:39:23',NULL,NULL,NULL),(2,71,'2026-02-24 23:39:23',NULL,NULL,NULL),(3,2,'2026-02-24 23:39:23',NULL,NULL,NULL),(3,3,'2026-02-24 23:39:23',NULL,NULL,NULL),(3,8,'2026-02-24 23:39:23',NULL,NULL,NULL),(3,13,'2026-02-24 23:39:23',NULL,NULL,NULL),(3,16,'2026-02-24 23:39:23',NULL,NULL,NULL),(3,21,'2026-02-24 23:39:23',NULL,NULL,NULL),(3,26,'2026-02-24 23:39:23',NULL,NULL,NULL),(3,31,'2026-02-24 23:39:23',NULL,NULL,NULL),(3,36,'2026-02-24 23:39:23',NULL,NULL,NULL),(3,39,'2026-02-24 23:39:23',NULL,NULL,NULL),(3,40,'2026-02-24 23:39:23',NULL,NULL,NULL),(3,44,'2026-02-24 23:39:23',NULL,NULL,NULL),(3,45,'2026-02-24 23:39:23',NULL,NULL,NULL),(3,49,'2026-02-24 23:39:23',NULL,NULL,NULL),(3,54,'2026-02-24 23:39:23',NULL,NULL,NULL),(3,55,'2026-02-24 23:39:23',NULL,NULL,NULL),(3,58,'2026-02-24 23:39:23',NULL,NULL,NULL),(3,62,'2026-02-24 23:39:23',NULL,NULL,NULL),(3,65,'2026-02-24 23:39:23',NULL,NULL,NULL),(3,66,'2026-02-24 23:39:23',NULL,NULL,NULL),(3,68,'2026-02-24 23:39:23',NULL,NULL,NULL),(3,69,'2026-02-24 23:39:23',NULL,NULL,NULL),(3,70,'2026-02-24 23:39:23',NULL,NULL,NULL),(3,71,'2026-02-24 23:39:23',NULL,NULL,NULL),(4,2,'2026-02-24 23:39:23',NULL,NULL,NULL),(4,3,'2026-02-24 23:39:23',NULL,NULL,NULL),(4,8,'2026-02-24 23:39:23',NULL,NULL,NULL),(4,26,'2026-02-24 23:39:23',NULL,NULL,NULL),(4,31,'2026-02-24 23:39:23',NULL,NULL,NULL),(4,44,'2026-02-24 23:39:23',NULL,NULL,NULL),(4,62,'2026-02-24 23:39:23',NULL,NULL,NULL),(4,65,'2026-02-24 23:39:23',NULL,NULL,NULL),(4,66,'2026-02-24 23:39:23',NULL,NULL,NULL),(4,70,'2026-02-24 23:39:23',NULL,NULL,NULL),(4,71,'2026-02-24 23:39:23',NULL,NULL,NULL);
/*!40000 ALTER TABLE `role_permission` ENABLE KEYS */;
UNLOCK TABLES;

--
-- Table structure for table `roles`
--

DROP TABLE IF EXISTS `roles`;
/*!40101 SET @saved_cs_client     = @@character_set_client */;
/*!50503 SET character_set_client = utf8mb4 */;
CREATE TABLE `roles` (
  `id` bigint unsigned NOT NULL AUTO_INCREMENT,
  `role_code` varchar(50) CHARACTER SET utf8mb4 COLLATE utf8mb4_unicode_ci NOT NULL,
  `role_name` varchar(100) CHARACTER SET utf8mb4 COLLATE utf8mb4_unicode_ci NOT NULL,
  `parent_role_id` bigint unsigned DEFAULT NULL,
  `is_system` tinyint(1) NOT NULL DEFAULT '0',
  `description` varchar(255) CHARACTER SET utf8mb4 COLLATE utf8mb4_unicode_ci DEFAULT NULL,
  `created_at` timestamp NULL DEFAULT CURRENT_TIMESTAMP,
  `created_by` bigint unsigned DEFAULT NULL,
  `updated_at` timestamp NULL DEFAULT NULL ON UPDATE CURRENT_TIMESTAMP,
  `updated_by` bigint unsigned DEFAULT NULL,
  PRIMARY KEY (`id`),
  UNIQUE KEY `role_code` (`role_code`),
  KEY `fk_role_parent` (`parent_role_id`),
  CONSTRAINT `fk_role_parent` FOREIGN KEY (`parent_role_id`) REFERENCES `roles` (`id`) ON DELETE SET NULL
) ENGINE=InnoDB AUTO_INCREMENT=5 DEFAULT CHARSET=utf8mb4 COLLATE=utf8mb4_unicode_ci COMMENT='Bảng 10: Nhóm quyền (Vai trò)';
/*!40101 SET character_set_client = @saved_cs_client */;

--
-- Dumping data for table `roles`
--

LOCK TABLES `roles` WRITE;
/*!40000 ALTER TABLE `roles` DISABLE KEYS */;
INSERT INTO `roles` VALUES (1,'ADMIN','Quản trị hệ thống',NULL,1,'Quyền tối cao toàn hệ thống','2026-02-23 14:17:23',NULL,NULL,NULL),(2,'DIRECTOR','Ban Giám đốc',NULL,1,'Theo dõi toàn bộ dự án, hợp đồng','2026-02-23 14:17:23',NULL,NULL,NULL),(3,'MANAGER','Quản lý cấp trung',NULL,1,'Quản lý phòng ban','2026-02-23 14:17:23',NULL,NULL,NULL),(4,'STAFF','Nhân viên',NULL,1,'Quyền cơ bản thao tác nghiệp vụ','2026-02-23 14:17:23',NULL,NULL,NULL);
/*!40000 ALTER TABLE `roles` ENABLE KEYS */;
UNLOCK TABLES;

--
-- Table structure for table `sessions`
--

DROP TABLE IF EXISTS `sessions`;
/*!40101 SET @saved_cs_client     = @@character_set_client */;
/*!50503 SET character_set_client = utf8mb4 */;
CREATE TABLE `sessions` (
  `id` varchar(255) CHARACTER SET utf8mb4 COLLATE utf8mb4_unicode_ci NOT NULL,
  `user_id` bigint unsigned DEFAULT NULL,
  `ip_address` varchar(45) CHARACTER SET utf8mb4 COLLATE utf8mb4_unicode_ci DEFAULT NULL,
  `user_agent` text CHARACTER SET utf8mb4 COLLATE utf8mb4_unicode_ci,
  `payload` longtext CHARACTER SET utf8mb4 COLLATE utf8mb4_unicode_ci NOT NULL,
  `last_activity` int NOT NULL,
  PRIMARY KEY (`id`)
) ENGINE=InnoDB DEFAULT CHARSET=utf8mb4 COLLATE=utf8mb4_unicode_ci COMMENT='Bảng 6: Phiên làm việc người dùng';
/*!40101 SET character_set_client = @saved_cs_client */;

--
-- Dumping data for table `sessions`
--

LOCK TABLES `sessions` WRITE;
/*!40000 ALTER TABLE `sessions` DISABLE KEYS */;
INSERT INTO `sessions` VALUES ('7XKsWZKW6jXhmRM9DuA8hfteDY5tGkwjem2bib2t',NULL,'127.0.0.1','curl/8.7.1','YToyOntzOjY6Il90b2tlbiI7czo0MDoiRG95Y2hXQmRWTjJlbUZhWUVCWDdxMzlnM3l1aXNscEJVWGprclJmbiI7czo2OiJfZmxhc2giO2E6Mjp7czozOiJvbGQiO2E6MDp7fXM6MzoibmV3IjthOjA6e319fQ==',1773885138),('8C8BzYGfzLE2swaRls6VZd7w6e6UZ4IrsO7dcVyG',NULL,'127.0.0.1','curl/8.7.1','YToyOntzOjY6Il90b2tlbiI7czo0MDoieVFvbEFramt4V3BCUWFVYmdIUXhZbjBCS3RSb1FUVXZvWFdvMzg3cyI7czo2OiJfZmxhc2giO2E6Mjp7czozOiJvbGQiO2E6MDp7fXM6MzoibmV3IjthOjA6e319fQ==',1774067138),('CfMxk5RY81y2Q83LXNd0YLxcGy4i2EPI2vdMXWdG',NULL,'127.0.0.1','curl/8.7.1','YTozOntzOjY6Il90b2tlbiI7czo0MDoiWkFBUUF2bU15UGZObGtydVd2R2g1NlVEZ2NIck1Ya3NFY0tNR0t4NiI7czo5OiJfcHJldmlvdXMiO2E6Mjp7czozOiJ1cmwiO3M6MjE6Imh0dHA6Ly8xMjcuMC4wLjE6ODAwMiI7czo1OiJyb3V0ZSI7Tjt9czo2OiJfZmxhc2giO2E6Mjp7czozOiJvbGQiO2E6MDp7fXM6MzoibmV3IjthOjA6e319fQ==',1773930894),('IRBsFyoR7QuoBV1J4IGhSvZwkzagEapj0zCAA9hN',NULL,'127.0.0.1','curl/8.7.1','YTozOntzOjY6Il90b2tlbiI7czo0MDoiaW9TUzZ6QVgzTmJlYzR0TXhKTzRrN2l0R1lQNWR0SGhYaDVNOG5xTyI7czo5OiJfcHJldmlvdXMiO2E6Mjp7czozOiJ1cmwiO3M6MjE6Imh0dHA6Ly8xMjcuMC4wLjE6ODAwMCI7czo1OiJyb3V0ZSI7Tjt9czo2OiJfZmxhc2giO2E6Mjp7czozOiJvbGQiO2E6MDp7fXM6MzoibmV3IjthOjA6e319fQ==',1773930894),('J2fCwbYLXZzYSPQlVrN1BDSTNxFfyHi0oZg5J6J3',NULL,'127.0.0.1','curl/8.7.1','YToyOntzOjY6Il90b2tlbiI7czo0MDoiYjYyWkpRNHZPZXFzdU1HUHZVZ1hheExvZXZjUjczc1RCb0xqMkRnUyI7czo2OiJfZmxhc2giO2E6Mjp7czozOiJvbGQiO2E6MDp7fXM6MzoibmV3IjthOjA6e319fQ==',1774015476),('Ru82uXUG21YhQEGNx8La5Vct4eqLxdtMtVkkDqfg',NULL,'127.0.0.1','curl/8.7.1','YToyOntzOjY6Il90b2tlbiI7czo0MDoiM2NzMW51QzBKRTJudEZua1ViQ0VGREJ6a0VRTlNsY0xyNVJNVkVCSCI7czo2OiJfZmxhc2giO2E6Mjp7czozOiJvbGQiO2E6MDp7fXM6MzoibmV3IjthOjA6e319fQ==',1774154962),('RymqCe1pUIFV439XoSBGfAy988sv33rexDs21vJl',NULL,'127.0.0.1','curl/8.7.1','YToyOntzOjY6Il90b2tlbiI7czo0MDoieWoxQlRmSzVpOVBlYUV0a3Q1MHFkWW95aW1TUkV1ME43Rk9rZ2Z2MiI7czo2OiJfZmxhc2giO2E6Mjp7czozOiJvbGQiO2E6MDp7fXM6MzoibmV3IjthOjA6e319fQ==',1774015260),('Vg7nfzq3SUOdA4hnphCv7fY40NgVQY3o3brr2Vea',NULL,'127.0.0.1','curl/8.7.1','YToyOntzOjY6Il90b2tlbiI7czo0MDoiclpJdjFQbkt4TFdpNHRUaU9WQ2lqZVY1VUU2VTA2MG9wdE41Vjg2QSI7czo2OiJfZmxhc2giO2E6Mjp7czozOiJvbGQiO2E6MDp7fXM6MzoibmV3IjthOjA6e319fQ==',1773885138);
/*!40000 ALTER TABLE `sessions` ENABLE KEYS */;
UNLOCK TABLES;

--
-- Table structure for table `shared_issues`
--

DROP TABLE IF EXISTS `shared_issues`;
/*!40101 SET @saved_cs_client     = @@character_set_client */;
/*!50503 SET character_set_client = utf8mb4 */;
CREATE TABLE `shared_issues` (
  `id` bigint unsigned NOT NULL AUTO_INCREMENT,
  `procedure_step_worklog_id` bigint unsigned DEFAULT NULL,
  `issue_content` text NOT NULL,
  `proposal_content` text,
  `issue_status` enum('JUST_ENCOUNTERED','IN_PROGRESS','RESOLVED') NOT NULL DEFAULT 'JUST_ENCOUNTERED',
  `created_by` bigint unsigned DEFAULT NULL,
  `updated_by` bigint unsigned DEFAULT NULL,
  `created_at` timestamp NULL DEFAULT NULL,
  `updated_at` timestamp NULL DEFAULT NULL,
  `deleted_at` timestamp NULL DEFAULT NULL,
  PRIMARY KEY (`id`),
  KEY `shared_issues_updated_by_foreign` (`updated_by`),
  KEY `idx_issue_worklog` (`procedure_step_worklog_id`),
  KEY `idx_issue_status` (`issue_status`),
  KEY `idx_issue_creator` (`created_by`),
  CONSTRAINT `shared_issues_created_by_foreign` FOREIGN KEY (`created_by`) REFERENCES `internal_users` (`id`) ON DELETE SET NULL,
  CONSTRAINT `shared_issues_procedure_step_worklog_id_foreign` FOREIGN KEY (`procedure_step_worklog_id`) REFERENCES `project_procedure_step_worklogs` (`id`) ON DELETE CASCADE,
  CONSTRAINT `shared_issues_updated_by_foreign` FOREIGN KEY (`updated_by`) REFERENCES `internal_users` (`id`) ON DELETE SET NULL
) ENGINE=InnoDB AUTO_INCREMENT=9 DEFAULT CHARSET=utf8mb4 COLLATE=utf8mb4_0900_ai_ci;
/*!40101 SET character_set_client = @saved_cs_client */;

--
-- Dumping data for table `shared_issues`
--

LOCK TABLES `shared_issues` WRITE;
/*!40000 ALTER TABLE `shared_issues` DISABLE KEYS */;
INSERT INTO `shared_issues` VALUES (1,9,'Gặp khách hàng khó tính','Đề xuất lãnh đạo ra mặt','IN_PROGRESS',9,9,'2026-03-16 03:18:38','2026-03-16 03:23:07',NULL),(2,10,'KHÓ KHĂN','ĐỀ XUẤT','IN_PROGRESS',9,9,'2026-03-16 03:23:20','2026-03-16 03:23:20',NULL),(3,11,'CĐT bận họp',NULL,'IN_PROGRESS',9,9,'2026-03-16 05:35:49','2026-03-16 05:36:27',NULL),(4,12,'Phê duyệt chủ trương thực hiện_TH','Phê duyệt chủ trương thực hiện','JUST_ENCOUNTERED',9,9,'2026-03-16 07:05:13','2026-03-16 07:05:13',NULL),(5,15,'Không có','Không đề xuất','RESOLVED',9,9,'2026-03-17 00:28:17','2026-03-19 07:14:09',NULL),(6,21,'Diễm An kiểm tra',NULL,'JUST_ENCOUNTERED',9,9,'2026-03-19 02:18:40','2026-03-19 02:18:40',NULL),(7,28,'Khó khăn','Đê xuất','JUST_ENCOUNTERED',9,9,'2026-03-19 08:31:38','2026-03-19 08:31:38',NULL),(8,32,'LĐ ko tiếp','Đề xuất lĐ trung tâm làm việc','JUST_ENCOUNTERED',9,9,'2026-03-24 03:25:27','2026-03-24 03:25:27',NULL);
/*!40000 ALTER TABLE `shared_issues` ENABLE KEYS */;
UNLOCK TABLES;

--
-- Table structure for table `shared_timesheets`
--

DROP TABLE IF EXISTS `shared_timesheets`;
/*!40101 SET @saved_cs_client     = @@character_set_client */;
/*!50503 SET character_set_client = utf8mb4 */;
CREATE TABLE `shared_timesheets` (
  `id` bigint unsigned NOT NULL AUTO_INCREMENT,
  `procedure_step_worklog_id` bigint unsigned DEFAULT NULL,
  `hours_spent` decimal(8,2) NOT NULL,
  `work_date` date NOT NULL,
  `activity_description` text,
  `created_by` bigint unsigned DEFAULT NULL,
  `updated_by` bigint unsigned DEFAULT NULL,
  `created_at` timestamp NULL DEFAULT NULL,
  `updated_at` timestamp NULL DEFAULT NULL,
  PRIMARY KEY (`id`),
  KEY `shared_timesheets_created_by_foreign` (`created_by`),
  KEY `shared_timesheets_updated_by_foreign` (`updated_by`),
  KEY `idx_ts_worklog` (`procedure_step_worklog_id`),
  KEY `idx_ts_date_user` (`work_date`,`created_by`),
  CONSTRAINT `shared_timesheets_created_by_foreign` FOREIGN KEY (`created_by`) REFERENCES `internal_users` (`id`) ON DELETE SET NULL,
  CONSTRAINT `shared_timesheets_procedure_step_worklog_id_foreign` FOREIGN KEY (`procedure_step_worklog_id`) REFERENCES `project_procedure_step_worklogs` (`id`) ON DELETE CASCADE,
  CONSTRAINT `shared_timesheets_updated_by_foreign` FOREIGN KEY (`updated_by`) REFERENCES `internal_users` (`id`) ON DELETE SET NULL
) ENGINE=InnoDB AUTO_INCREMENT=9 DEFAULT CHARSET=utf8mb4 COLLATE=utf8mb4_0900_ai_ci;
/*!40101 SET character_set_client = @saved_cs_client */;

--
-- Dumping data for table `shared_timesheets`
--

LOCK TABLES `shared_timesheets` WRITE;
/*!40000 ALTER TABLE `shared_timesheets` DISABLE KEYS */;
INSERT INTO `shared_timesheets` VALUES (1,9,1.00,'2026-03-16',NULL,9,9,'2026-03-16 03:18:38','2026-03-16 03:18:38'),(2,10,0.10,'2026-03-16',NULL,9,9,'2026-03-16 03:23:20','2026-03-16 03:23:20'),(3,11,0.25,'2026-03-16',NULL,9,9,'2026-03-16 05:35:49','2026-03-16 05:35:49'),(4,12,0.25,'2026-03-16',NULL,9,9,'2026-03-16 07:05:13','2026-03-16 07:05:55'),(5,15,10.00,'2026-03-17',NULL,9,9,'2026-03-17 00:28:17','2026-03-17 00:28:17'),(6,21,10.00,'2026-03-19',NULL,9,9,'2026-03-19 02:18:40','2026-03-19 02:18:40'),(7,28,2.00,'2026-03-19',NULL,9,9,'2026-03-19 08:31:38','2026-03-19 08:31:38'),(8,32,1.50,'2026-03-24',NULL,9,9,'2026-03-24 03:25:27','2026-03-24 03:25:27');
/*!40000 ALTER TABLE `shared_timesheets` ENABLE KEYS */;
UNLOCK TABLES;

--
-- Table structure for table `sla_configs`
--

DROP TABLE IF EXISTS `sla_configs`;
/*!40101 SET @saved_cs_client     = @@character_set_client */;
/*!50503 SET character_set_client = utf8mb4 */;
CREATE TABLE `sla_configs` (
  `id` bigint unsigned NOT NULL AUTO_INCREMENT,
  `status` varchar(50) CHARACTER SET utf8mb4 COLLATE utf8mb4_unicode_ci DEFAULT NULL,
  `sub_status` varchar(50) CHARACTER SET utf8mb4 COLLATE utf8mb4_unicode_ci DEFAULT NULL,
  `service_group_id` bigint unsigned DEFAULT NULL COMMENT 'FK support_service_groups.id — NULL=áp dụng chung. Config cụ thể override config chung.',
  `workflow_action_code` varchar(80) CHARACTER SET utf8mb4 COLLATE utf8mb4_unicode_ci DEFAULT NULL,
  `priority` enum('LOW','MEDIUM','HIGH','URGENT') CHARACTER SET utf8mb4 COLLATE utf8mb4_unicode_ci NOT NULL COMMENT 'Map với support_requests.priority. URGENT=khẩn cấp.',
  `sla_hours` decimal(6,2) DEFAULT NULL,
  `request_type_prefix` varchar(20) CHARACTER SET utf8mb4 COLLATE utf8mb4_unicode_ci DEFAULT NULL,
  `response_hours` decimal(5,2) NOT NULL DEFAULT '4.00' COMMENT 'SLA Response: max giờ phải phản hồi ban đầu.',
  `resolution_hours` decimal(5,2) NOT NULL DEFAULT '24.00' COMMENT 'SLA Resolution: max giờ phải xử lý xong. Dùng tính sla_due_time.',
  `is_active` tinyint(1) NOT NULL DEFAULT '1',
  `sort_order` smallint unsigned NOT NULL DEFAULT '0',
  `created_at` timestamp NULL DEFAULT CURRENT_TIMESTAMP,
  `updated_at` timestamp NULL DEFAULT NULL ON UPDATE CURRENT_TIMESTAMP,
  `created_by` bigint unsigned DEFAULT NULL,
  `updated_by` bigint unsigned DEFAULT NULL,
  PRIMARY KEY (`id`),
  UNIQUE KEY `uq_sla_group_priority` (`service_group_id`,`priority`),
  KEY `idx_sla_status_lookup` (`status`,`sub_status`,`priority`,`is_active`),
  KEY `idx_sla_prefix_fallback` (`request_type_prefix`,`priority`,`is_active`),
  KEY `idx_sla_service_group_scope` (`service_group_id`,`status`,`priority`,`is_active`),
  KEY `idx_sla_workflow_action_scope` (`workflow_action_code`,`status`,`priority`,`is_active`)
) ENGINE=InnoDB AUTO_INCREMENT=7 DEFAULT CHARSET=utf8mb4 COLLATE=utf8mb4_unicode_ci COMMENT='Cấu hình SLA. Lookup: WHERE priority=? AND (service_group_id=? OR service_group_id IS NULL) ORDER BY service_group_id IS NULL ASC LIMIT 1.';
/*!40101 SET character_set_client = @saved_cs_client */;

--
-- Dumping data for table `sla_configs`
--

LOCK TABLES `sla_configs` WRITE;
/*!40000 ALTER TABLE `sla_configs` DISABLE KEYS */;
INSERT INTO `sla_configs` VALUES (1,'IN_PROGRESS',NULL,NULL,NULL,'URGENT',2.00,NULL,1.00,2.00,1,0,'2026-03-03 03:56:50','2026-03-03 09:58:32',NULL,NULL),(2,'IN_PROGRESS',NULL,NULL,NULL,'HIGH',4.00,NULL,2.00,4.00,1,0,'2026-03-03 03:56:50','2026-03-03 09:58:32',NULL,NULL),(3,'IN_PROGRESS',NULL,NULL,NULL,'MEDIUM',8.00,NULL,4.00,8.00,1,0,'2026-03-03 03:56:50','2026-03-03 09:58:32',NULL,NULL),(4,'IN_PROGRESS',NULL,NULL,NULL,'LOW',24.00,NULL,8.00,24.00,1,0,'2026-03-03 03:56:50','2026-03-03 09:58:32',NULL,NULL);
/*!40000 ALTER TABLE `sla_configs` ENABLE KEYS */;
UNLOCK TABLES;

--
-- Table structure for table `support_contact_positions`
--

DROP TABLE IF EXISTS `support_contact_positions`;
/*!40101 SET @saved_cs_client     = @@character_set_client */;
/*!50503 SET character_set_client = utf8mb4 */;
CREATE TABLE `support_contact_positions` (
  `id` bigint unsigned NOT NULL AUTO_INCREMENT,
  `position_code` varchar(50) NOT NULL,
  `position_name` varchar(120) NOT NULL,
  `description` varchar(255) DEFAULT NULL,
  `is_active` tinyint(1) NOT NULL DEFAULT '1',
  `created_by` bigint unsigned DEFAULT NULL,
  `updated_by` bigint unsigned DEFAULT NULL,
  `created_at` timestamp NULL DEFAULT NULL,
  `updated_at` timestamp NULL DEFAULT NULL,
  PRIMARY KEY (`id`),
  UNIQUE KEY `uq_support_contact_positions_code` (`position_code`),
  UNIQUE KEY `uq_support_contact_positions_name` (`position_name`)
) ENGINE=InnoDB AUTO_INCREMENT=4 DEFAULT CHARSET=utf8mb4 COLLATE=utf8mb4_0900_ai_ci;
/*!40101 SET character_set_client = @saved_cs_client */;

--
-- Dumping data for table `support_contact_positions`
--

LOCK TABLES `support_contact_positions` WRITE;
/*!40000 ALTER TABLE `support_contact_positions` DISABLE KEYS */;
INSERT INTO `support_contact_positions` VALUES (1,'GIAM_DOC','Giám đốc',NULL,1,NULL,NULL,'2026-03-02 07:09:30','2026-03-02 07:09:30'),(2,'TRUONG_PHONG','Trưởng phòng',NULL,1,NULL,NULL,'2026-03-02 07:09:30','2026-03-02 07:09:30'),(3,'DAU_MOI','Đầu mối',NULL,1,NULL,NULL,'2026-03-02 07:09:31','2026-03-02 07:09:31');
/*!40000 ALTER TABLE `support_contact_positions` ENABLE KEYS */;
UNLOCK TABLES;

--
-- Table structure for table `support_request_statuses`
--

DROP TABLE IF EXISTS `support_request_statuses`;
/*!40101 SET @saved_cs_client     = @@character_set_client */;
/*!50503 SET character_set_client = utf8mb4 */;
CREATE TABLE `support_request_statuses` (
  `id` bigint unsigned NOT NULL AUTO_INCREMENT,
  `status_code` varchar(50) NOT NULL,
  `status_name` varchar(120) NOT NULL,
  `description` varchar(255) DEFAULT NULL,
  `requires_completion_dates` tinyint(1) NOT NULL DEFAULT '1',
  `is_terminal` tinyint(1) NOT NULL DEFAULT '0',
  `is_transfer_dev` tinyint(1) NOT NULL DEFAULT '0',
  `is_active` tinyint(1) NOT NULL DEFAULT '1',
  `sort_order` int unsigned NOT NULL DEFAULT '0',
  `created_by` bigint unsigned DEFAULT NULL,
  `updated_by` bigint unsigned DEFAULT NULL,
  `created_at` timestamp NULL DEFAULT NULL,
  `updated_at` timestamp NULL DEFAULT NULL,
  PRIMARY KEY (`id`),
  UNIQUE KEY `uq_support_request_statuses_code` (`status_code`),
  KEY `idx_support_request_statuses_active_sort` (`is_active`,`sort_order`),
  KEY `fk_support_request_statuses_created_by` (`created_by`),
  KEY `fk_support_request_statuses_updated_by` (`updated_by`),
  CONSTRAINT `fk_support_request_statuses_created_by` FOREIGN KEY (`created_by`) REFERENCES `internal_users` (`id`) ON DELETE SET NULL,
  CONSTRAINT `fk_support_request_statuses_updated_by` FOREIGN KEY (`updated_by`) REFERENCES `internal_users` (`id`) ON DELETE SET NULL
) ENGINE=InnoDB AUTO_INCREMENT=14 DEFAULT CHARSET=utf8mb4 COLLATE=utf8mb4_0900_ai_ci;
/*!40101 SET character_set_client = @saved_cs_client */;

--
-- Dumping data for table `support_request_statuses`
--

LOCK TABLES `support_request_statuses` WRITE;
/*!40000 ALTER TABLE `support_request_statuses` DISABLE KEYS */;
INSERT INTO `support_request_statuses` VALUES (1,'NEW','Mới tiếp nhận','Yêu cầu vừa được ghi nhận',0,0,0,1,10,NULL,NULL,'2026-02-27 06:04:03','2026-02-27 06:04:03'),(2,'IN_PROGRESS','Đang xử lý','Yêu cầu đang được thực hiện',1,0,0,1,20,NULL,NULL,'2026-02-27 06:04:03','2026-02-27 06:04:03'),(3,'WAITING_CUSTOMER','Chờ phản hồi KH','Đang chờ khách hàng phản hồi',1,0,0,1,30,NULL,NULL,'2026-02-27 06:04:03','2026-02-27 06:04:03'),(4,'COMPLETED','Hoàn thành','Yêu cầu đã hoàn tất',1,1,0,1,40,NULL,NULL,'2026-02-27 06:04:03','2026-02-27 06:04:03'),(5,'PAUSED','Tạm dừng','Yêu cầu tạm dừng xử lý',1,0,0,1,50,NULL,NULL,'2026-02-27 06:04:03','2026-02-27 06:04:03'),(6,'TRANSFER_DEV','Chuyển Dev','Yêu cầu chuyển cho đội phát triển',1,0,1,1,60,NULL,NULL,'2026-02-27 06:04:03','2026-02-28 22:14:03'),(7,'TRANSFER_DMS','Chuyển DMS','Yêu cầu chuyển sang đội DMS',1,0,0,1,70,NULL,NULL,'2026-02-27 06:04:03','2026-02-27 06:04:03'),(8,'UNABLE_TO_EXECUTE','Không thực hiện được','Không thể thực hiện yêu cầu',1,1,0,1,80,NULL,NULL,'2026-02-27 06:04:03','2026-02-27 06:04:03'),(9,'WAITTING_NHAP','NHAP_CHO',NULL,1,0,0,1,0,NULL,NULL,'2026-02-27 07:15:05','2026-02-27 07:15:05'),(10,'NHAP_BATBUOC','Bắt buộc nhập Hạn',NULL,1,0,0,1,0,NULL,NULL,'2026-02-27 07:15:45','2026-02-27 07:15:45'),(11,'DEV_CODE','Chuyển Dev code',NULL,1,0,0,1,0,NULL,NULL,'2026-02-27 19:07:35','2026-02-27 19:07:35'),(12,'DEV','TEST-DEV',NULL,1,0,1,1,0,NULL,NULL,'2026-03-02 02:55:24','2026-03-02 02:55:24'),(13,'PHAN_TICH','Phân tích',NULL,1,0,0,1,0,NULL,NULL,'2026-03-02 03:09:43','2026-03-02 03:09:43');
/*!40000 ALTER TABLE `support_request_statuses` ENABLE KEYS */;
UNLOCK TABLES;

--
-- Table structure for table `support_service_groups`
--

DROP TABLE IF EXISTS `support_service_groups`;
/*!40101 SET @saved_cs_client     = @@character_set_client */;
/*!50503 SET character_set_client = utf8mb4 */;
CREATE TABLE `support_service_groups` (
  `id` bigint unsigned NOT NULL AUTO_INCREMENT,
  `group_name` varchar(100) CHARACTER SET utf8mb4 COLLATE utf8mb4_unicode_ci NOT NULL COMMENT 'Tên nhóm: HIS L2, HIS L3, OS...',
  `group_code` varchar(50) CHARACTER SET utf8mb4 COLLATE utf8mb4_unicode_ci NOT NULL COMMENT 'Mã nhóm chuẩn hóa UPPER_SNAKE_CASE',
  `customer_id` bigint unsigned DEFAULT NULL,
  `workflow_status_catalog_id` bigint unsigned DEFAULT NULL,
  `workflow_form_key` varchar(120) CHARACTER SET utf8mb4 COLLATE utf8mb4_unicode_ci DEFAULT NULL,
  `description` varchar(255) CHARACTER SET utf8mb4 COLLATE utf8mb4_unicode_ci DEFAULT NULL,
  `is_active` tinyint(1) NOT NULL DEFAULT '1' COMMENT 'Trạng thái hoạt động (1: Hiển thị, 0: Ẩn khỏi dropdown nhưng giữ lịch sử)',
  `created_at` timestamp NULL DEFAULT CURRENT_TIMESTAMP,
  `created_by` bigint unsigned DEFAULT NULL,
  `updated_at` timestamp NULL DEFAULT NULL ON UPDATE CURRENT_TIMESTAMP,
  `updated_by` bigint unsigned DEFAULT NULL,
  PRIMARY KEY (`id`),
  UNIQUE KEY `uq_support_service_groups_customer_group_code` (`customer_id`,`group_code`),
  UNIQUE KEY `uq_support_service_groups_customer_group_name` (`customer_id`,`group_name`),
  KEY `fk_ssg_cb` (`created_by`),
  KEY `fk_ssg_ub` (`updated_by`),
  KEY `idx_support_groups_active_name` (`is_active`,`group_name`),
  KEY `idx_support_service_groups_customer_id` (`customer_id`),
  KEY `idx_support_service_groups_workflow_status_catalog_id` (`workflow_status_catalog_id`),
  CONSTRAINT `fk_ssg_cb` FOREIGN KEY (`created_by`) REFERENCES `internal_users` (`id`) ON DELETE SET NULL,
  CONSTRAINT `fk_ssg_ub` FOREIGN KEY (`updated_by`) REFERENCES `internal_users` (`id`) ON DELETE SET NULL,
  CONSTRAINT `fk_support_service_groups_customer` FOREIGN KEY (`customer_id`) REFERENCES `customers` (`id`) ON DELETE SET NULL
) ENGINE=InnoDB AUTO_INCREMENT=18 DEFAULT CHARSET=utf8mb4 COLLATE=utf8mb4_unicode_ci COMMENT='Bảng 36: Danh mục nhóm hỗ trợ chuyên trách';
/*!40101 SET character_set_client = @saved_cs_client */;

--
-- Dumping data for table `support_service_groups`
--

LOCK TABLES `support_service_groups` WRITE;
/*!40000 ALTER TABLE `support_service_groups` DISABLE KEYS */;
INSERT INTO `support_service_groups` VALUES (1,'HIS L2','HIS_L2',NULL,NULL,NULL,'Hỗ trợ hướng dẫn, cấu hình tham số, xử lý dữ liệu đơn giản',1,'2026-02-24 13:41:34',NULL,'2026-03-01 05:14:03',NULL),(2,'HIS L3','HIS_L3',NULL,8,'programming.phan_tich','Đội lập trình fix lỗi logic, hotfix core phần mềm HIS',1,'2026-02-24 13:41:34',NULL,'2026-03-15 10:24:24',NULL),(3,'UPCODE VĂN BẢN','UPCODE_VAN_BAN',NULL,8,'programming.phan_tich','Cập nhật tính năng theo các Thông tư, Quyết định mới (VD: CV130)',1,'2026-02-24 13:41:34',NULL,'2026-03-15 10:24:24',NULL),(4,'EMR-Bệnh viện Sản Nhi','EMR_BENH_VIEN_SAN_NHI',3,NULL,NULL,'EMR-Bệnh viện Sản Nhi',1,'2026-02-24 13:41:34',NULL,'2026-03-07 05:01:40',9),(5,'HOÀN THIỆN PHẦN MỀM','HOAN_THIEN_PHAN_MEM',NULL,8,'programming.phan_tich','Yêu cầu nâng cấp, tối ưu chức năng hiện có',1,'2026-02-24 13:41:34',NULL,'2026-03-15 10:24:24',NULL),(6,'Hiss Bệnh Viện Sản Nhi','DOI_LIS_EMR',3,NULL,NULL,'Hỗ trợ chuyên sâu cho hệ thống Xét nghiệm và Bệnh án điện tử',1,'2026-02-24 13:41:34',NULL,'2026-03-07 05:02:58',9),(13,'HIS L34','HIS_L34',NULL,8,'programming.phan_tich','His bản 34',1,'2026-02-24 07:41:29',NULL,'2026-03-15 10:24:24',NULL),(14,'Trung tâm Y tế Vị Thuỷ','TRUNG_TAM_Y_TE_VI_THUY',NULL,NULL,NULL,'Mô tả',1,'2026-02-26 21:31:12',NULL,'2026-02-26 21:31:12',NULL),(15,'HISs Viện phí SẢN NHI','HISS_VIEN_PHI_SAN_NHI',3,NULL,NULL,'Bản his',1,'2026-02-27 02:29:47',NULL,'2026-03-07 05:03:42',9),(16,'SMOKE-GROUP-1772184820-A','SMOKE_GROUP_1772184820_A',NULL,NULL,NULL,'bulk smoke A',1,'2026-02-27 02:33:41',NULL,'2026-02-27 02:33:41',NULL),(17,'SMOKE-GROUP-1772184820-B','SMOKE_GROUP_1772184820_B',NULL,NULL,NULL,'bulk smoke B',1,'2026-02-27 02:33:41',NULL,'2026-02-27 02:33:41',NULL);
/*!40000 ALTER TABLE `support_service_groups` ENABLE KEYS */;
UNLOCK TABLES;

--
-- Table structure for table `user_delegation_items`
--

DROP TABLE IF EXISTS `user_delegation_items`;
/*!40101 SET @saved_cs_client     = @@character_set_client */;
/*!50503 SET character_set_client = utf8mb4 */;
CREATE TABLE `user_delegation_items` (
  `delegation_id` bigint unsigned NOT NULL,
  `item_type` enum('ROLE','PERMISSION') CHARACTER SET utf8mb4 COLLATE utf8mb4_unicode_ci NOT NULL,
  `item_id` bigint unsigned NOT NULL,
  `created_at` timestamp NULL DEFAULT CURRENT_TIMESTAMP,
  `created_by` bigint unsigned DEFAULT NULL,
  `updated_at` timestamp NULL DEFAULT NULL ON UPDATE CURRENT_TIMESTAMP,
  `updated_by` bigint unsigned DEFAULT NULL,
  PRIMARY KEY (`delegation_id`,`item_type`,`item_id`),
  CONSTRAINT `fk_deli_del` FOREIGN KEY (`delegation_id`) REFERENCES `user_delegations` (`id`) ON DELETE CASCADE
) ENGINE=InnoDB DEFAULT CHARSET=utf8mb4 COLLATE=utf8mb4_unicode_ci COMMENT='Bảng 20: Chi tiết Role/Perm được ủy quyền';
/*!40101 SET character_set_client = @saved_cs_client */;

--
-- Dumping data for table `user_delegation_items`
--

LOCK TABLES `user_delegation_items` WRITE;
/*!40000 ALTER TABLE `user_delegation_items` DISABLE KEYS */;
/*!40000 ALTER TABLE `user_delegation_items` ENABLE KEYS */;
UNLOCK TABLES;

--
-- Table structure for table `user_delegations`
--

DROP TABLE IF EXISTS `user_delegations`;
/*!40101 SET @saved_cs_client     = @@character_set_client */;
/*!50503 SET character_set_client = utf8mb4 */;
CREATE TABLE `user_delegations` (
  `id` bigint unsigned NOT NULL AUTO_INCREMENT,
  `delegator_id` bigint unsigned NOT NULL,
  `delegatee_id` bigint unsigned NOT NULL,
  `scope` enum('FULL','SPECIFIC_ROLES','SPECIFIC_PERMS') CHARACTER SET utf8mb4 COLLATE utf8mb4_unicode_ci NOT NULL DEFAULT 'SPECIFIC_ROLES',
  `inherit_data_scope` tinyint(1) NOT NULL DEFAULT '0',
  `starts_at` timestamp NOT NULL,
  `expires_at` timestamp NOT NULL,
  `is_active` tinyint(1) NOT NULL DEFAULT '1',
  `created_at` timestamp NULL DEFAULT CURRENT_TIMESTAMP,
  `created_by` bigint unsigned DEFAULT NULL,
  `updated_at` timestamp NULL DEFAULT NULL ON UPDATE CURRENT_TIMESTAMP,
  `updated_by` bigint unsigned DEFAULT NULL,
  PRIMARY KEY (`id`),
  KEY `fk_del_delegator` (`delegator_id`),
  KEY `fk_del_delegatee` (`delegatee_id`),
  CONSTRAINT `fk_del_delegatee` FOREIGN KEY (`delegatee_id`) REFERENCES `internal_users` (`id`),
  CONSTRAINT `fk_del_delegator` FOREIGN KEY (`delegator_id`) REFERENCES `internal_users` (`id`)
) ENGINE=InnoDB DEFAULT CHARSET=utf8mb4 COLLATE=utf8mb4_unicode_ci COMMENT='Bảng 19: Ủy quyền tạm thời';
/*!40101 SET character_set_client = @saved_cs_client */;

--
-- Dumping data for table `user_delegations`
--

LOCK TABLES `user_delegations` WRITE;
/*!40000 ALTER TABLE `user_delegations` DISABLE KEYS */;
/*!40000 ALTER TABLE `user_delegations` ENABLE KEYS */;
UNLOCK TABLES;

--
-- Table structure for table `user_dept_history`
--

DROP TABLE IF EXISTS `user_dept_history`;
/*!40101 SET @saved_cs_client     = @@character_set_client */;
/*!50503 SET character_set_client = utf8mb4 */;
CREATE TABLE `user_dept_history` (
  `id` bigint unsigned NOT NULL AUTO_INCREMENT,
  `user_id` bigint unsigned NOT NULL,
  `from_dept_id` bigint unsigned DEFAULT NULL,
  `to_dept_id` bigint unsigned NOT NULL,
  `transfer_date` date NOT NULL,
  `decision_number` varchar(100) CHARACTER SET utf8mb4 COLLATE utf8mb4_unicode_ci DEFAULT NULL,
  `reason` text CHARACTER SET utf8mb4 COLLATE utf8mb4_unicode_ci,
  `created_at` timestamp NULL DEFAULT CURRENT_TIMESTAMP,
  `created_by` bigint unsigned DEFAULT NULL,
  `updated_at` timestamp NULL DEFAULT NULL ON UPDATE CURRENT_TIMESTAMP,
  `updated_by` bigint unsigned DEFAULT NULL,
  PRIMARY KEY (`id`),
  KEY `fk_hist_user` (`user_id`),
  CONSTRAINT `fk_hist_user` FOREIGN KEY (`user_id`) REFERENCES `internal_users` (`id`) ON DELETE CASCADE
) ENGINE=InnoDB AUTO_INCREMENT=2 DEFAULT CHARSET=utf8mb4 COLLATE=utf8mb4_unicode_ci COMMENT='Bảng 18: Lịch sử điều động nhân sự';
/*!40101 SET character_set_client = @saved_cs_client */;

--
-- Dumping data for table `user_dept_history`
--

LOCK TABLES `user_dept_history` WRITE;
/*!40000 ALTER TABLE `user_dept_history` DISABLE KEYS */;
/*!40000 ALTER TABLE `user_dept_history` ENABLE KEYS */;
UNLOCK TABLES;

--
-- Table structure for table `user_dept_scopes`
--

DROP TABLE IF EXISTS `user_dept_scopes`;
/*!40101 SET @saved_cs_client     = @@character_set_client */;
/*!50503 SET character_set_client = utf8mb4 */;
CREATE TABLE `user_dept_scopes` (
  `id` bigint unsigned NOT NULL AUTO_INCREMENT,
  `user_id` bigint unsigned NOT NULL,
  `dept_id` bigint unsigned NOT NULL,
  `scope_type` enum('SELF_ONLY','DEPT_ONLY','DEPT_AND_CHILDREN','ALL') CHARACTER SET utf8mb4 COLLATE utf8mb4_unicode_ci NOT NULL DEFAULT 'DEPT_ONLY',
  `created_at` timestamp NULL DEFAULT CURRENT_TIMESTAMP,
  `created_by` bigint unsigned DEFAULT NULL,
  `updated_at` timestamp NULL DEFAULT NULL ON UPDATE CURRENT_TIMESTAMP,
  `updated_by` bigint unsigned DEFAULT NULL,
  PRIMARY KEY (`id`),
  KEY `fk_uds_user` (`user_id`),
  KEY `fk_uds_dept` (`dept_id`),
  CONSTRAINT `fk_uds_dept` FOREIGN KEY (`dept_id`) REFERENCES `departments` (`id`) ON DELETE CASCADE,
  CONSTRAINT `fk_uds_user` FOREIGN KEY (`user_id`) REFERENCES `internal_users` (`id`) ON DELETE CASCADE
) ENGINE=InnoDB AUTO_INCREMENT=60 DEFAULT CHARSET=utf8mb4 COLLATE=utf8mb4_unicode_ci COMMENT='Bảng 17: Phạm vi dữ liệu theo phòng ban';
/*!40101 SET character_set_client = @saved_cs_client */;

--
-- Dumping data for table `user_dept_scopes`
--

LOCK TABLES `user_dept_scopes` WRITE;
/*!40000 ALTER TABLE `user_dept_scopes` DISABLE KEYS */;
INSERT INTO `user_dept_scopes` VALUES (12,1,1,'ALL','2026-03-01 15:49:42',1,NULL,NULL),(13,1,2,'DEPT_ONLY','2026-03-01 15:49:42',1,NULL,NULL),(14,7,2,'DEPT_ONLY','2026-03-01 15:49:42',1,NULL,NULL),(15,8,2,'DEPT_ONLY','2026-03-01 15:49:42',1,NULL,NULL),(16,9,2,'DEPT_ONLY','2026-03-01 15:49:42',1,NULL,NULL),(17,10,2,'DEPT_ONLY','2026-03-01 15:49:42',1,NULL,NULL),(18,11,2,'DEPT_ONLY','2026-03-01 15:49:42',1,NULL,NULL),(19,12,2,'DEPT_ONLY','2026-03-01 15:49:42',1,NULL,NULL),(20,13,2,'DEPT_ONLY','2026-03-01 15:49:42',1,NULL,NULL),(21,14,2,'DEPT_ONLY','2026-03-01 15:49:42',1,NULL,NULL),(22,15,2,'DEPT_ONLY','2026-03-01 15:49:42',1,NULL,NULL),(23,16,2,'DEPT_ONLY','2026-03-01 15:49:42',1,NULL,NULL),(24,17,2,'DEPT_ONLY','2026-03-01 15:49:42',1,NULL,NULL),(25,18,2,'DEPT_ONLY','2026-03-01 15:49:42',1,NULL,NULL),(26,19,2,'DEPT_ONLY','2026-03-01 15:49:42',1,NULL,NULL),(27,20,2,'DEPT_ONLY','2026-03-01 15:49:42',1,NULL,NULL),(28,21,2,'DEPT_ONLY','2026-03-01 15:49:42',1,NULL,NULL),(29,22,2,'DEPT_ONLY','2026-03-01 15:49:42',1,NULL,NULL),(30,23,2,'DEPT_ONLY','2026-03-01 15:49:42',1,NULL,NULL),(31,24,2,'DEPT_ONLY','2026-03-01 15:49:42',1,NULL,NULL),(32,25,2,'DEPT_ONLY','2026-03-01 15:49:42',1,NULL,NULL),(33,26,2,'DEPT_ONLY','2026-03-01 15:49:42',1,NULL,NULL),(34,27,2,'DEPT_ONLY','2026-03-01 15:49:42',1,NULL,NULL),(35,28,2,'DEPT_ONLY','2026-03-01 15:49:42',1,NULL,NULL),(36,29,2,'DEPT_ONLY','2026-03-01 15:49:42',1,NULL,NULL),(37,30,2,'DEPT_ONLY','2026-03-01 15:49:42',1,NULL,NULL),(38,31,2,'DEPT_ONLY','2026-03-01 15:49:42',1,NULL,NULL),(39,32,2,'DEPT_ONLY','2026-03-01 15:49:42',1,NULL,NULL),(40,33,2,'DEPT_ONLY','2026-03-01 15:49:42',1,NULL,NULL),(41,34,2,'DEPT_ONLY','2026-03-01 15:49:42',1,NULL,NULL),(42,35,2,'DEPT_ONLY','2026-03-01 15:49:42',1,NULL,NULL),(43,36,2,'DEPT_ONLY','2026-03-01 15:49:42',1,NULL,NULL),(44,37,2,'DEPT_ONLY','2026-03-01 15:49:42',1,NULL,NULL),(45,38,2,'DEPT_ONLY','2026-03-01 15:49:42',1,NULL,NULL),(46,39,2,'DEPT_ONLY','2026-03-01 15:49:42',1,NULL,NULL),(47,40,2,'DEPT_ONLY','2026-03-01 15:49:42',1,NULL,NULL),(48,41,2,'DEPT_ONLY','2026-03-01 15:49:42',1,NULL,NULL),(49,42,2,'DEPT_ONLY','2026-03-01 15:49:42',1,NULL,NULL),(50,43,2,'DEPT_ONLY','2026-03-01 15:49:42',1,NULL,NULL),(51,44,2,'DEPT_ONLY','2026-03-01 15:49:42',1,NULL,NULL),(52,45,2,'DEPT_ONLY','2026-03-01 15:49:42',1,NULL,NULL),(53,46,2,'DEPT_ONLY','2026-03-01 15:49:43',1,NULL,NULL),(54,47,2,'DEPT_ONLY','2026-03-01 15:49:43',1,NULL,NULL),(55,48,2,'DEPT_ONLY','2026-03-01 15:49:43',1,NULL,NULL),(56,49,2,'DEPT_ONLY','2026-03-01 15:49:43',1,NULL,NULL),(57,50,2,'DEPT_ONLY','2026-03-01 15:49:43',1,NULL,NULL),(58,51,2,'DEPT_ONLY','2026-03-01 15:49:43',1,NULL,NULL),(59,52,2,'DEPT_ONLY','2026-03-01 15:49:43',1,NULL,NULL);
/*!40000 ALTER TABLE `user_dept_scopes` ENABLE KEYS */;
UNLOCK TABLES;

--
-- Table structure for table `user_permissions`
--

DROP TABLE IF EXISTS `user_permissions`;
/*!40101 SET @saved_cs_client     = @@character_set_client */;
/*!50503 SET character_set_client = utf8mb4 */;
CREATE TABLE `user_permissions` (
  `id` bigint unsigned NOT NULL AUTO_INCREMENT,
  `user_id` bigint unsigned NOT NULL,
  `permission_id` bigint unsigned NOT NULL,
  `type` enum('GRANT','DENY') CHARACTER SET utf8mb4 COLLATE utf8mb4_unicode_ci NOT NULL DEFAULT 'GRANT',
  `reason` varchar(500) CHARACTER SET utf8mb4 COLLATE utf8mb4_unicode_ci NOT NULL,
  `expires_at` timestamp NULL DEFAULT NULL,
  `created_at` timestamp NULL DEFAULT CURRENT_TIMESTAMP,
  `created_by` bigint unsigned DEFAULT NULL,
  `updated_at` timestamp NULL DEFAULT NULL ON UPDATE CURRENT_TIMESTAMP,
  `updated_by` bigint unsigned DEFAULT NULL,
  PRIMARY KEY (`id`),
  KEY `fk_up_user` (`user_id`),
  KEY `fk_up_perm` (`permission_id`),
  CONSTRAINT `fk_up_perm` FOREIGN KEY (`permission_id`) REFERENCES `permissions` (`id`) ON DELETE CASCADE,
  CONSTRAINT `fk_up_user` FOREIGN KEY (`user_id`) REFERENCES `internal_users` (`id`) ON DELETE CASCADE
) ENGINE=InnoDB AUTO_INCREMENT=24 DEFAULT CHARSET=utf8mb4 COLLATE=utf8mb4_unicode_ci COMMENT='Bảng 16: Quyền ngoại lệ cho cá nhân';
/*!40101 SET character_set_client = @saved_cs_client */;

--
-- Dumping data for table `user_permissions`
--

LOCK TABLES `user_permissions` WRITE;
/*!40000 ALTER TABLE `user_permissions` DISABLE KEYS */;
INSERT INTO `user_permissions` VALUES (3,7,61,'GRANT','Phân quyền cập nhật từ giao diện',NULL,'2026-03-01 15:48:33',1,NULL,NULL),(4,8,61,'GRANT','Phân quyền cập nhật từ giao diện',NULL,'2026-03-01 15:48:33',1,NULL,NULL),(13,16,1,'GRANT','Phân quyền cập nhật từ giao diện',NULL,'2026-03-10 19:56:42',9,NULL,NULL),(14,16,13,'GRANT','Phân quyền cập nhật từ giao diện',NULL,'2026-03-10 19:56:42',9,NULL,NULL),(15,16,49,'GRANT','Phân quyền cập nhật từ giao diện',NULL,'2026-03-10 19:56:42',9,NULL,NULL),(16,16,50,'GRANT','Phân quyền cập nhật từ giao diện',NULL,'2026-03-10 19:56:42',9,NULL,NULL),(17,16,51,'GRANT','Phân quyền cập nhật từ giao diện',NULL,'2026-03-10 19:56:42',9,NULL,NULL),(18,16,52,'GRANT','Phân quyền cập nhật từ giao diện',NULL,'2026-03-10 19:56:42',9,NULL,NULL),(19,16,54,'GRANT','Phân quyền cập nhật từ giao diện',NULL,'2026-03-10 19:56:42',9,NULL,NULL),(20,16,61,'GRANT','Phân quyền cập nhật từ giao diện',NULL,'2026-03-10 19:56:42',9,NULL,NULL),(21,16,65,'GRANT','Phân quyền cập nhật từ giao diện',NULL,'2026-03-10 19:56:42',9,NULL,NULL),(22,16,66,'GRANT','Phân quyền cập nhật từ giao diện',NULL,'2026-03-10 19:56:42',9,NULL,NULL),(23,16,67,'GRANT','Phân quyền cập nhật từ giao diện',NULL,'2026-03-10 19:56:42',9,NULL,NULL);
/*!40000 ALTER TABLE `user_permissions` ENABLE KEYS */;
UNLOCK TABLES;

--
-- Table structure for table `user_roles`
--

DROP TABLE IF EXISTS `user_roles`;
/*!40101 SET @saved_cs_client     = @@character_set_client */;
/*!50503 SET character_set_client = utf8mb4 */;
CREATE TABLE `user_roles` (
  `id` bigint unsigned NOT NULL AUTO_INCREMENT,
  `user_id` bigint unsigned NOT NULL,
  `role_id` bigint unsigned NOT NULL,
  `expires_at` timestamp NULL DEFAULT NULL,
  `is_active` tinyint(1) NOT NULL DEFAULT '1',
  `created_at` timestamp NULL DEFAULT CURRENT_TIMESTAMP,
  `created_by` bigint unsigned DEFAULT NULL,
  `updated_at` timestamp NULL DEFAULT NULL ON UPDATE CURRENT_TIMESTAMP,
  `updated_by` bigint unsigned DEFAULT NULL,
  PRIMARY KEY (`id`),
  KEY `fk_ur_user` (`user_id`),
  KEY `fk_ur_role` (`role_id`),
  CONSTRAINT `fk_ur_role` FOREIGN KEY (`role_id`) REFERENCES `roles` (`id`) ON DELETE CASCADE,
  CONSTRAINT `fk_ur_user` FOREIGN KEY (`user_id`) REFERENCES `internal_users` (`id`) ON DELETE CASCADE
) ENGINE=InnoDB AUTO_INCREMENT=70 DEFAULT CHARSET=utf8mb4 COLLATE=utf8mb4_unicode_ci COMMENT='Bảng 15: Gán vai trò cho người dùng';
/*!40101 SET character_set_client = @saved_cs_client */;

--
-- Dumping data for table `user_roles`
--

LOCK TABLES `user_roles` WRITE;
/*!40000 ALTER TABLE `user_roles` DISABLE KEYS */;
INSERT INTO `user_roles` VALUES (10,1,1,NULL,1,'2026-03-01 08:10:52',1,NULL,NULL),(11,1,4,NULL,1,'2026-03-01 08:10:52',1,NULL,NULL),(13,11,4,NULL,1,'2026-03-01 08:10:52',1,NULL,NULL),(14,12,4,NULL,1,'2026-03-01 08:10:52',1,NULL,NULL),(15,13,4,NULL,1,'2026-03-01 08:10:52',1,NULL,NULL),(16,14,4,NULL,1,'2026-03-01 08:10:52',1,NULL,NULL),(17,15,4,NULL,1,'2026-03-01 08:10:52',1,NULL,NULL),(19,17,4,NULL,1,'2026-03-01 08:10:52',1,NULL,NULL),(20,18,4,NULL,1,'2026-03-01 08:10:52',1,NULL,NULL),(21,19,4,NULL,1,'2026-03-01 08:10:53',1,NULL,NULL),(22,20,4,NULL,1,'2026-03-01 08:10:53',1,NULL,NULL),(23,21,4,NULL,1,'2026-03-01 08:10:53',1,NULL,NULL),(25,23,4,NULL,1,'2026-03-01 08:10:53',1,NULL,NULL),(26,24,4,NULL,1,'2026-03-01 08:10:53',1,NULL,NULL),(27,25,4,NULL,1,'2026-03-01 08:10:53',1,NULL,NULL),(28,26,4,NULL,1,'2026-03-01 08:10:53',1,NULL,NULL),(29,27,4,NULL,1,'2026-03-01 08:10:53',1,NULL,NULL),(30,28,4,NULL,1,'2026-03-01 08:10:53',1,NULL,NULL),(31,29,4,NULL,1,'2026-03-01 08:10:53',1,NULL,NULL),(32,30,4,NULL,1,'2026-03-01 08:10:53',1,NULL,NULL),(33,31,4,NULL,1,'2026-03-01 08:10:53',1,NULL,NULL),(34,32,4,NULL,1,'2026-03-01 08:10:53',1,NULL,NULL),(35,33,4,NULL,1,'2026-03-01 08:10:53',1,NULL,NULL),(36,34,4,NULL,1,'2026-03-01 08:10:53',1,NULL,NULL),(37,35,4,NULL,1,'2026-03-01 08:10:53',1,NULL,NULL),(38,36,4,NULL,1,'2026-03-01 08:10:53',1,NULL,NULL),(39,37,4,NULL,1,'2026-03-01 08:10:53',1,NULL,NULL),(40,38,4,NULL,1,'2026-03-01 08:10:53',1,NULL,NULL),(41,39,4,NULL,1,'2026-03-01 08:10:53',1,NULL,NULL),(42,40,4,NULL,1,'2026-03-01 08:10:53',1,NULL,NULL),(43,41,4,NULL,1,'2026-03-01 08:10:53',1,NULL,NULL),(44,42,4,NULL,1,'2026-03-01 08:10:53',1,NULL,NULL),(45,43,4,NULL,1,'2026-03-01 08:10:53',1,NULL,NULL),(46,44,4,NULL,1,'2026-03-01 08:10:53',1,NULL,NULL),(47,45,4,NULL,1,'2026-03-01 08:10:53',1,NULL,NULL),(48,46,4,NULL,1,'2026-03-01 08:10:53',1,NULL,NULL),(49,47,4,NULL,1,'2026-03-01 08:10:53',1,NULL,NULL),(50,48,4,NULL,1,'2026-03-01 08:10:53',1,NULL,NULL),(51,49,4,NULL,1,'2026-03-01 08:10:54',1,NULL,NULL),(52,50,4,NULL,1,'2026-03-01 08:10:54',1,NULL,NULL),(53,51,4,NULL,1,'2026-03-01 08:10:54',1,NULL,NULL),(54,52,4,NULL,1,'2026-03-01 08:10:54',1,NULL,NULL),(55,9,1,NULL,1,'2026-03-01 08:11:08',1,NULL,NULL),(56,9,2,NULL,1,'2026-03-01 08:11:08',1,NULL,NULL),(57,9,3,NULL,1,'2026-03-01 08:11:08',1,NULL,NULL),(58,9,4,NULL,1,'2026-03-01 08:11:08',1,NULL,NULL),(60,7,3,NULL,1,'2026-03-01 15:49:28',1,NULL,NULL),(61,8,3,NULL,1,'2026-03-01 15:49:28',1,NULL,NULL),(64,16,1,NULL,1,'2026-03-10 19:55:18',9,NULL,NULL),(65,16,4,NULL,1,'2026-03-10 19:55:18',9,NULL,NULL),(66,10,1,NULL,1,'2026-03-10 20:00:27',9,NULL,NULL),(67,10,4,NULL,1,'2026-03-10 20:00:27',9,NULL,NULL),(68,22,4,NULL,1,'2026-03-16 03:19:38',9,NULL,NULL),(69,22,1,NULL,1,'2026-03-16 03:19:38',9,NULL,NULL);
/*!40000 ALTER TABLE `user_roles` ENABLE KEYS */;
UNLOCK TABLES;

--
-- Table structure for table `users`
--

DROP TABLE IF EXISTS `users`;
/*!40101 SET @saved_cs_client     = @@character_set_client */;
/*!50503 SET character_set_client = utf8mb4 */;
CREATE TABLE `users` (
  `id` bigint unsigned NOT NULL AUTO_INCREMENT,
  `name` varchar(255) CHARACTER SET utf8mb4 COLLATE utf8mb4_unicode_ci NOT NULL,
  `email` varchar(255) CHARACTER SET utf8mb4 COLLATE utf8mb4_unicode_ci NOT NULL,
  `email_verified_at` timestamp NULL DEFAULT NULL,
  `password` varchar(255) CHARACTER SET utf8mb4 COLLATE utf8mb4_unicode_ci NOT NULL,
  `remember_token` varchar(100) CHARACTER SET utf8mb4 COLLATE utf8mb4_unicode_ci DEFAULT NULL,
  `created_at` timestamp NULL DEFAULT NULL,
  `updated_at` timestamp NULL DEFAULT NULL,
  PRIMARY KEY (`id`),
  UNIQUE KEY `users_email_unique` (`email`)
) ENGINE=InnoDB DEFAULT CHARSET=utf8mb4 COLLATE=utf8mb4_unicode_ci;
/*!40101 SET character_set_client = @saved_cs_client */;

--
-- Dumping data for table `users`
--

LOCK TABLES `users` WRITE;
/*!40000 ALTER TABLE `users` DISABLE KEYS */;
/*!40000 ALTER TABLE `users` ENABLE KEYS */;
UNLOCK TABLES;

--
-- Table structure for table `vendors`
--

DROP TABLE IF EXISTS `vendors`;
/*!40101 SET @saved_cs_client     = @@character_set_client */;
/*!50503 SET character_set_client = utf8mb4 */;
CREATE TABLE `vendors` (
  `id` bigint unsigned NOT NULL AUTO_INCREMENT,
  `vendor_code` varchar(50) CHARACTER SET utf8mb4 COLLATE utf8mb4_unicode_ci NOT NULL,
  `vendor_name` varchar(150) CHARACTER SET utf8mb4 COLLATE utf8mb4_unicode_ci NOT NULL,
  `is_active` tinyint(1) NOT NULL DEFAULT '1',
  `created_at` timestamp NULL DEFAULT CURRENT_TIMESTAMP,
  `created_by` bigint unsigned DEFAULT NULL,
  `updated_at` timestamp NULL DEFAULT NULL ON UPDATE CURRENT_TIMESTAMP,
  `updated_by` bigint unsigned DEFAULT NULL,
  `deleted_at` timestamp NULL DEFAULT NULL,
  PRIMARY KEY (`id`),
  UNIQUE KEY `vendor_code` (`vendor_code`),
  KEY `idx_vendors_deleted_at` (`deleted_at`)
) ENGINE=InnoDB AUTO_INCREMENT=6 DEFAULT CHARSET=utf8mb4 COLLATE=utf8mb4_unicode_ci COMMENT='Bảng 23: Đối tác / Nhà cung cấp';
/*!40101 SET character_set_client = @saved_cs_client */;

--
-- Dumping data for table `vendors`
--

LOCK TABLES `vendors` WRITE;
/*!40000 ALTER TABLE `vendors` DISABLE KEYS */;
INSERT INTO `vendors` VALUES (1,'DMS','Trung tâm DMS',1,'2026-02-23 08:16:35',NULL,'2026-03-01 16:38:12',NULL,NULL),(2,'NNS','Trung tâm Nông nghiệp số',1,'2026-02-23 08:16:35',NULL,'2026-03-01 16:38:28',NULL,NULL),(3,'GDS','Trung tâm Giáo dục số',1,'2026-03-01 16:38:49',NULL,'2026-03-01 16:38:49',NULL,NULL),(4,'VNPT-CTO','VNPT Cần Thơ',1,'2026-03-18 02:38:55',NULL,'2026-03-18 02:38:55',NULL,NULL),(5,'KHDN_PM','Khách hàng doanh nghiệp',1,'2026-03-24 08:55:44',NULL,'2026-03-24 08:57:30',NULL,'2026-03-24 08:57:30');
/*!40000 ALTER TABLE `vendors` ENABLE KEYS */;
UNLOCK TABLES;

--
-- Table structure for table `worklog_activity_types`
--

DROP TABLE IF EXISTS `worklog_activity_types`;
/*!40101 SET @saved_cs_client     = @@character_set_client */;
/*!50503 SET character_set_client = utf8mb4 */;
CREATE TABLE `worklog_activity_types` (
  `id` bigint unsigned NOT NULL AUTO_INCREMENT,
  `code` varchar(30) NOT NULL,
  `name` varchar(100) NOT NULL,
  `description` varchar(255) DEFAULT NULL,
  `default_is_billable` tinyint(1) NOT NULL DEFAULT '1',
  `phase_hint` varchar(50) DEFAULT NULL,
  `sort_order` smallint unsigned NOT NULL DEFAULT '0',
  `is_active` tinyint(1) NOT NULL DEFAULT '1',
  `created_at` timestamp NULL DEFAULT CURRENT_TIMESTAMP,
  `created_by` bigint unsigned DEFAULT NULL,
  `updated_at` timestamp NULL DEFAULT NULL ON UPDATE CURRENT_TIMESTAMP,
  `updated_by` bigint unsigned DEFAULT NULL,
  PRIMARY KEY (`id`),
  UNIQUE KEY `worklog_activity_types_code_unique` (`code`),
  KEY `idx_activity_active_sort` (`is_active`,`sort_order`)
) ENGINE=InnoDB AUTO_INCREMENT=9 DEFAULT CHARSET=utf8mb4 COLLATE=utf8mb4_0900_ai_ci;
/*!40101 SET character_set_client = @saved_cs_client */;

--
-- Dumping data for table `worklog_activity_types`
--

LOCK TABLES `worklog_activity_types` WRITE;
/*!40000 ALTER TABLE `worklog_activity_types` DISABLE KEYS */;
INSERT INTO `worklog_activity_types` VALUES (1,'CODING','Viết / review code','Lập trình, code review, refactor',1,'CODE',10,1,'2026-03-03 09:39:36',NULL,'2026-03-03 09:39:36',NULL),(2,'TESTING','Kiểm thử & QA','Test case, unit test, UAT, kiểm thử hồi quy',1,'CODE',20,1,'2026-03-03 09:39:36',NULL,'2026-03-03 09:39:36',NULL),(3,'DEPLOYMENT','Deploy / Upcode','Deploy lên môi trường, cấu hình server, upcode',1,'UPCODE',30,1,'2026-03-03 09:39:36',NULL,'2026-03-03 09:39:36',NULL),(4,'SUPPORT','Hỗ trợ trực tiếp','Xử lý yêu cầu hỗ trợ, hướng dẫn người dùng',1,'SUPPORT_HANDLE',40,1,'2026-03-03 09:39:36',NULL,'2026-03-03 09:39:36',NULL),(5,'RESEARCH','Nghiên cứu & Phân tích','Phân tích yêu cầu, nghiên cứu giải pháp kỹ thuật',1,'ANALYZE',50,1,'2026-03-03 09:39:36',NULL,'2026-03-03 09:39:36',NULL),(6,'DOCUMENTATION','Viết tài liệu','Tài liệu kỹ thuật, hướng dẫn sử dụng, đặc tả',1,NULL,60,1,'2026-03-03 09:39:36',NULL,'2026-03-03 09:39:36',NULL),(7,'MEETING','Họp & trao đổi','Họp nội bộ, trao đổi với khách hàng',0,NULL,70,1,'2026-03-03 09:39:36',NULL,'2026-03-03 09:39:36',NULL),(8,'OTHER','Khác',NULL,1,NULL,99,1,'2026-03-03 09:39:36',NULL,'2026-03-03 09:39:36',NULL);
/*!40000 ALTER TABLE `worklog_activity_types` ENABLE KEYS */;
UNLOCK TABLES;

--
-- Dumping events for database 'vnpt_business_db'
--

--
-- Dumping routines for database 'vnpt_business_db'
--
/*!50003 DROP PROCEDURE IF EXISTS `seed_support_requests_bulk` */;
/*!50003 SET @saved_cs_client      = @@character_set_client */ ;
/*!50003 SET @saved_cs_results     = @@character_set_results */ ;
/*!50003 SET @saved_col_connection = @@collation_connection */ ;
/*!50003 SET character_set_client  = utf8mb4 */ ;
/*!50003 SET character_set_results = utf8mb4 */ ;
/*!50003 SET collation_connection  = utf8mb4_0900_ai_ci */ ;
/*!50003 SET @saved_sql_mode       = @@sql_mode */ ;
/*!50003 SET sql_mode              = 'ONLY_FULL_GROUP_BY,STRICT_TRANS_TABLES,NO_ZERO_IN_DATE,NO_ZERO_DATE,ERROR_FOR_DIVISION_BY_ZERO,NO_ENGINE_SUBSTITUTION' */ ;
DELIMITER ;;
CREATE DEFINER=`root`@`localhost` PROCEDURE `seed_support_requests_bulk`(IN p_total INT, IN p_chunk INT)
BEGIN
  DECLARE v_offset INT DEFAULT 0;
  DECLARE v_item_count INT DEFAULT 0;
  DECLARE v_group_count INT DEFAULT 0;
  DECLARE v_user_count INT DEFAULT 0;
  DECLARE v_customer_count INT DEFAULT 0;
  DECLARE v_fallback_customer_id BIGINT UNSIGNED DEFAULT NULL;

  SELECT COUNT(*) INTO v_customer_count FROM customers;
  IF v_customer_count = 0 THEN
    SIGNAL SQLSTATE '45000' SET MESSAGE_TEXT = 'Không có dữ liệu customers để seed support_requests';
  END IF;

  SELECT id INTO v_fallback_customer_id FROM customers ORDER BY id LIMIT 1;

  DROP TEMPORARY TABLE IF EXISTS tmp_seed_numbers;
  CREATE TEMPORARY TABLE tmp_seed_numbers (
    n INT NOT NULL PRIMARY KEY
  ) ENGINE=MEMORY;

  INSERT INTO tmp_seed_numbers (n)
  SELECT d0.d + d1.d * 10 + d2.d * 100 + d3.d * 1000
  FROM (SELECT 0 d UNION ALL SELECT 1 UNION ALL SELECT 2 UNION ALL SELECT 3 UNION ALL SELECT 4 UNION ALL SELECT 5 UNION ALL SELECT 6 UNION ALL SELECT 7 UNION ALL SELECT 8 UNION ALL SELECT 9) d0
  CROSS JOIN (SELECT 0 d UNION ALL SELECT 1 UNION ALL SELECT 2 UNION ALL SELECT 3 UNION ALL SELECT 4 UNION ALL SELECT 5 UNION ALL SELECT 6 UNION ALL SELECT 7 UNION ALL SELECT 8 UNION ALL SELECT 9) d1
  CROSS JOIN (SELECT 0 d UNION ALL SELECT 1 UNION ALL SELECT 2 UNION ALL SELECT 3 UNION ALL SELECT 4 UNION ALL SELECT 5 UNION ALL SELECT 6 UNION ALL SELECT 7 UNION ALL SELECT 8 UNION ALL SELECT 9) d2
  CROSS JOIN (SELECT 0 d UNION ALL SELECT 1 UNION ALL SELECT 2 UNION ALL SELECT 3 UNION ALL SELECT 4 UNION ALL SELECT 5 UNION ALL SELECT 6 UNION ALL SELECT 7 UNION ALL SELECT 8 UNION ALL SELECT 9) d3;

  DROP TEMPORARY TABLE IF EXISTS tmp_seed_project_items;
  CREATE TEMPORARY TABLE tmp_seed_project_items (
    rn INT NOT NULL PRIMARY KEY,
    project_item_id BIGINT UNSIGNED NULL,
    customer_id BIGINT UNSIGNED NOT NULL,
    project_id BIGINT UNSIGNED NULL,
    product_id BIGINT UNSIGNED NULL
  ) ENGINE=MEMORY;

  SET @rownum := -1;
  INSERT INTO tmp_seed_project_items (rn, project_item_id, customer_id, project_id, product_id)
  SELECT
    @rownum := @rownum + 1 AS rn,
    pi.id,
    COALESCE(p.customer_id, v_fallback_customer_id) AS customer_id,
    pi.project_id,
    pi.product_id
  FROM project_items pi
  LEFT JOIN projects p ON p.id = pi.project_id
  ORDER BY pi.id;

  INSERT INTO tmp_seed_project_items (rn, project_item_id, customer_id, project_id, product_id)
  SELECT 0, NULL, v_fallback_customer_id, NULL, NULL
  WHERE NOT EXISTS (SELECT 1 FROM tmp_seed_project_items);

  DROP TEMPORARY TABLE IF EXISTS tmp_seed_groups;
  CREATE TEMPORARY TABLE tmp_seed_groups (
    rn INT NOT NULL PRIMARY KEY,
    service_group_id BIGINT UNSIGNED NULL
  ) ENGINE=MEMORY;

  SET @rownum := -1;
  INSERT INTO tmp_seed_groups (rn, service_group_id)
  SELECT @rownum := @rownum + 1 AS rn, id
  FROM support_service_groups
  WHERE is_active = 1
  ORDER BY id;

  INSERT INTO tmp_seed_groups (rn, service_group_id)
  SELECT 0, NULL
  WHERE NOT EXISTS (SELECT 1 FROM tmp_seed_groups);

  DROP TEMPORARY TABLE IF EXISTS tmp_seed_users;
  CREATE TEMPORARY TABLE tmp_seed_users (
    rn INT NOT NULL PRIMARY KEY,
    assignee_id BIGINT UNSIGNED NULL
  ) ENGINE=MEMORY;

  SET @rownum := -1;
  INSERT INTO tmp_seed_users (rn, assignee_id)
  SELECT @rownum := @rownum + 1 AS rn, id
  FROM internal_users
  ORDER BY id;

  INSERT INTO tmp_seed_users (rn, assignee_id)
  SELECT 0, NULL
  WHERE NOT EXISTS (SELECT 1 FROM tmp_seed_users);

  SELECT COUNT(*) INTO v_item_count FROM tmp_seed_project_items;
  SELECT COUNT(*) INTO v_group_count FROM tmp_seed_groups;
  SELECT COUNT(*) INTO v_user_count FROM tmp_seed_users;

  DELETE FROM support_request_history;
  DELETE FROM support_requests;

  WHILE v_offset < p_total DO
    INSERT INTO support_requests (
      ticket_code,
      summary,
      service_group_id,
      project_item_id,
      customer_id,
      project_id,
      product_id,
      reporter_name,
      assignee_id,
      status,
      priority,
      requested_date,
      due_date,
      resolved_date,
      hotfix_date,
      noti_date,
      task_link,
      change_log,
      test_note,
      notes,
      created_at,
      created_by,
      updated_at,
      updated_by,
      deleted_at
    )
    SELECT
      b.ticket_code,
      b.summary,
      g.service_group_id,
      pi.project_item_id,
      pi.customer_id,
      pi.project_id,
      pi.product_id,
      b.reporter_name,
      u.assignee_id,
      b.status,
      b.priority,
      b.requested_date,
      DATE_ADD(b.requested_date, INTERVAL (MOD(b.seq, 21) + 1) DAY) AS due_date,
      CASE
        WHEN b.status IN ('RESOLVED', 'DEPLOYED') THEN DATE_ADD(b.requested_date, INTERVAL (MOD(b.seq, 10) + 2) DAY)
        ELSE NULL
      END AS resolved_date,
      CASE
        WHEN b.status = 'HOTFIXING' THEN DATE_ADD(b.requested_date, INTERVAL (MOD(b.seq, 3) + 1) DAY)
        ELSE NULL
      END AS hotfix_date,
      CASE
        WHEN b.status IN ('RESOLVED', 'DEPLOYED') THEN DATE_ADD(b.requested_date, INTERVAL (MOD(b.seq, 12) + 3) DAY)
        ELSE NULL
      END AS noti_date,
      CONCAT('https://jira.vnpt.local/browse/', b.ticket_code) AS task_link,
      CONCAT('Auto seed log #', b.seq + 1) AS change_log,
      CONCAT('Auto seed test note #', b.seq + 1) AS test_note,
      'Seed benchmark dataset 1.5M rows' AS notes,
      NOW(),
      u.assignee_id,
      NOW(),
      u.assignee_id,
      NULL
    FROM (
      SELECT
        v_offset + n.n AS seq,
        CONCAT('SRQ-', LPAD(v_offset + n.n + 1, 10, '0')) AS ticket_code,
        CONCAT('Seed yêu cầu hỗ trợ #', v_offset + n.n + 1) AS summary,
        CONCAT('Reporter ', LPAD(MOD(v_offset + n.n, 500) + 1, 4, '0')) AS reporter_name,
        CASE MOD(v_offset + n.n, 6)
          WHEN 0 THEN 'OPEN'
          WHEN 1 THEN 'HOTFIXING'
          WHEN 2 THEN 'RESOLVED'
          WHEN 3 THEN 'DEPLOYED'
          WHEN 4 THEN 'PENDING'
          ELSE 'CANCELLED'
        END AS status,
        CASE MOD(v_offset + n.n, 4)
          WHEN 0 THEN 'LOW'
          WHEN 1 THEN 'MEDIUM'
          WHEN 2 THEN 'HIGH'
          ELSE 'URGENT'
        END AS priority,
        DATE_ADD('2025-01-01', INTERVAL MOD(v_offset + n.n, 420) DAY) AS requested_date,
        MOD(v_offset + n.n, v_item_count) AS item_rn,
        MOD(v_offset + n.n, v_group_count) AS group_rn,
        MOD(v_offset + n.n, v_user_count) AS user_rn
      FROM tmp_seed_numbers n
      WHERE v_offset + n.n < p_total
    ) b
    JOIN tmp_seed_project_items pi ON pi.rn = b.item_rn
    LEFT JOIN tmp_seed_groups g ON g.rn = b.group_rn
    LEFT JOIN tmp_seed_users u ON u.rn = b.user_rn;

    SET v_offset = v_offset + p_chunk;
  END WHILE;
END ;;
DELIMITER ;
/*!50003 SET sql_mode              = @saved_sql_mode */ ;
/*!50003 SET character_set_client  = @saved_cs_client */ ;
/*!50003 SET character_set_results = @saved_cs_results */ ;
/*!50003 SET collation_connection  = @saved_col_connection */ ;
/*!40103 SET TIME_ZONE=@OLD_TIME_ZONE */;

/*!40101 SET SQL_MODE=@OLD_SQL_MODE */;
/*!40014 SET FOREIGN_KEY_CHECKS=@OLD_FOREIGN_KEY_CHECKS */;
/*!40014 SET UNIQUE_CHECKS=@OLD_UNIQUE_CHECKS */;
/*!40101 SET CHARACTER_SET_CLIENT=@OLD_CHARACTER_SET_CLIENT */;
/*!40101 SET CHARACTER_SET_RESULTS=@OLD_CHARACTER_SET_RESULTS */;
/*!40101 SET COLLATION_CONNECTION=@OLD_COLLATION_CONNECTION */;
/*!40111 SET SQL_NOTES=@OLD_SQL_NOTES */;

-- Dump completed on 2026-03-24 22:18:53
